{
  "type": "FeatureCollection",
  "features": [
    {
      "type": "Feature",
      "properties": {
        "id": 41263048,
        "name": null,
        "building": "university",
        "start_date": null
      },
      "geometry": {
        "type": "Polygon",
        "coordinates": [
          [
            [
              -76.7093987,
              37.2713171
            ],
            [
              -76.7093991,
              37.2712754
            ],
            [
              -76.709451,
              37.2712758
            ],
            [
              -76.7094506,
              37.2713174
            ],
            [
              -76.7094069,
              37.2713171
            ],
            [
              -76.7093987,
              37.2713171
            ]
          ]
        ]
      }
    },
    {
      "type": "Feature",
      "properties": {
        "id": 41263083,
        "name": "Prince George House",
        "building": "university",
        "start_date": null
      },
      "geometry": {
        "type": "Polygon",
        "coordinates": [
          [
            [
              -76.7085209,
              37.2724655
            ],
            [
              -76.7084916,
              37.2724527
            ],
            [
              -76.708465,
              37.2724916
            ],
            [
              -76.708436,
              37.272479
            ],
            [
              -76.7084044,
              37.2725253
            ],
            [
              -76.7083856,
              37.2725171
            ],
            [
              -76.7083654,
              37.2725083
            ],
            [
              -76.7083461,
              37.2724999
            ],
            [
              -76.7084666,
              37.2723234
            ],
            [
              -76.7085307,
              37.2723514
            ],
            [
              -76.7085241,
              37.272361
            ],
            [
              -76.7085766,
              37.2723839
            ],
            [
              -76.7085209,
              37.2724655
            ]
          ]
        ]
      }
    },
    {
      "type": "Feature",
      "properties": {
        "id": 41263094,
        "name": "Military Science",
        "building": "university",
        "start_date": null
      },
      "geometry": {
        "type": "Polygon",
        "coordinates": [
          [
            [
              -76.7080375,
              37.2716576
            ],
            [
              -76.7079988,
              37.271639
            ],
            [
              -76.7079982,
              37.2716387
            ],
            [
              -76.708005,
              37.2716297
            ],
            [
              -76.7080113,
              37.2716214
            ],
            [
              -76.7080576,
              37.27156
            ],
            [
              -76.7080524,
              37.2715575
            ],
            [
              -76.7080973,
              37.271498
            ],
            [
              -76.7080942,
              37.2714965
            ],
            [
              -76.7081071,
              37.2714794
            ],
            [
              -76.7081205,
              37.2714859
            ],
            [
              -76.7081247,
              37.2714879
            ],
            [
              -76.7081292,
              37.2714901
            ],
            [
              -76.7081704,
              37.2715099
            ],
            [
              -76.7080664,
              37.2716479
            ],
            [
              -76.7080505,
              37.2716403
            ],
            [
              -76.7080375,
              37.2716576
            ]
          ]
        ]
      }
    },
    {
      "type": "Feature",
      "properties": {
        "id": 41263108,
        "name": null,
        "building": "yes",
        "start_date": null
      },
      "geometry": {
        "type": "Polygon",
        "coordinates": [
          [
            [
              -76.7116791,
              37.2684489
            ],
            [
              -76.7116461,
              37.2683956
            ],
            [
              -76.7117146,
              37.2683686
            ],
            [
              -76.7117322,
              37.2683972
            ],
            [
              -76.7117475,
              37.2684219
            ],
            [
              -76.7117315,
              37.2684283
            ],
            [
              -76.7116791,
              37.2684489
            ]
          ]
        ]
      }
    },
    {
      "type": "Feature",
      "properties": {
        "id": 41263118,
        "name": "Monroe Hall",
        "building": "dormitory",
        "start_date": null
      },
      "geometry": {
        "type": "Polygon",
        "coordinates": [
          [
            [
              -76.7106509,
              37.2723388
            ],
            [
              -76.7103913,
              37.2722087
            ],
            [
              -76.7103855,
              37.2722161
            ],
            [
              -76.7103554,
              37.2722007
            ],
            [
              -76.7103321,
              37.2721891
            ],
            [
              -76.7102779,
              37.2721622
            ],
            [
              -76.7102824,
              37.2721564
            ],
            [
              -76.7100203,
              37.272025
            ],
            [
              -76.7100541,
              37.271982
            ],
            [
              -76.7100267,
              37.2719682
            ],
            [
              -76.7100366,
              37.2719555
            ],
            [
              -76.7100479,
              37.2719411
            ],
            [
              -76.7100733,
              37.271954
            ],
            [
              -76.7100948,
              37.2719267
            ],
            [
              -76.7101039,
              37.2719151
            ],
            [
              -76.710128,
              37.2719272
            ],
            [
              -76.7103679,
              37.2720474
            ],
            [
              -76.7103739,
              37.2720398
            ],
            [
              -76.7104285,
              37.2720672
            ],
            [
              -76.71048,
              37.272093
            ],
            [
              -76.7104754,
              37.2720989
            ],
            [
              -76.7107391,
              37.2722311
            ],
            [
              -76.7107066,
              37.2722725
            ],
            [
              -76.7107356,
              37.2722871
            ],
            [
              -76.710715,
              37.2723133
            ],
            [
              -76.7106833,
              37.2722975
            ],
            [
              -76.7106509,
              37.2723388
            ]
          ]
        ]
      }
    },
    {
      "type": "Feature",
      "properties": {
        "id": 41263152,
        "name": null,
        "building": "yes",
        "start_date": null
      },
      "geometry": {
        "type": "Polygon",
        "coordinates": [
          [
            [
              -76.7110415,
              37.2688944
            ],
            [
              -76.7110309,
              37.268878
            ],
            [
              -76.711027,
              37.2688796
            ],
            [
              -76.7109649,
              37.2687837
            ],
            [
              -76.7110477,
              37.2687494
            ],
            [
              -76.7111204,
              37.2688617
            ],
            [
              -76.7110415,
              37.2688944
            ]
          ]
        ]
      }
    },
    {
      "type": "Feature",
      "properties": {
        "id": 41263190,
        "name": null,
        "building": "roof",
        "start_date": null
      },
      "geometry": {
        "type": "Polygon",
        "coordinates": [
          [
            [
              -76.7129789,
              37.269833
            ],
            [
              -76.7129688,
              37.2698485
            ],
            [
              -76.7129588,
              37.2698641
            ],
            [
              -76.7126712,
              37.269746
            ],
            [
              -76.712691,
              37.2697146
            ],
            [
              -76.7127116,
              37.2697231
            ],
            [
              -76.7127197,
              37.2697265
            ],
            [
              -76.7128297,
              37.2697716
            ],
            [
              -76.7129623,
              37.2698262
            ],
            [
              -76.7129789,
              37.269833
            ]
          ]
        ]
      }
    },
    {
      "type": "Feature",
      "properties": {
        "id": 41263381,
        "name": "Camm",
        "building": "dormitory",
        "start_date": null
      },
      "geometry": {
        "type": "Polygon",
        "coordinates": [
          [
            [
              -76.7128903,
              37.2734042
            ],
            [
              -76.7128906,
              37.2732772
            ],
            [
              -76.7128909,
              37.2731749
            ],
            [
              -76.7130452,
              37.2731752
            ],
            [
              -76.7130446,
              37.2734044
            ],
            [
              -76.7128903,
              37.2734042
            ]
          ]
        ]
      }
    },
    {
      "type": "Feature",
      "properties": {
        "id": 41263398,
        "name": "Blow Memorial Hall",
        "building": "university",
        "start_date": null
      },
      "geometry": {
        "type": "Polygon",
        "coordinates": [
          [
            [
              -76.7111732,
              37.2721842
            ],
            [
              -76.7111733,
              37.2724083
            ],
            [
              -76.7110146,
              37.2724083
            ],
            [
              -76.7110146,
              37.2725211
            ],
            [
              -76.7111704,
              37.272521
            ],
            [
              -76.7111704,
              37.2725378
            ],
            [
              -76.7113917,
              37.2725377
            ],
            [
              -76.7113917,
              37.2725226
            ],
            [
              -76.7115499,
              37.2725226
            ],
            [
              -76.7115499,
              37.2724107
            ],
            [
              -76.7113932,
              37.2724107
            ],
            [
              -76.7113932,
              37.2723067
            ],
            [
              -76.7113931,
              37.2722768
            ],
            [
              -76.7113931,
              37.2722688
            ],
            [
              -76.7113931,
              37.2721869
            ],
            [
              -76.7114957,
              37.2721869
            ],
            [
              -76.7114956,
              37.2719733
            ],
            [
              -76.7114479,
              37.2719733
            ],
            [
              -76.7113603,
              37.2719743
            ],
            [
              -76.7113603,
              37.2719626
            ],
            [
              -76.7112084,
              37.2719627
            ],
            [
              -76.7112084,
              37.2719711
            ],
            [
              -76.7110728,
              37.2719711
            ],
            [
              -76.7110729,
              37.2721842
            ],
            [
              -76.7111732,
              37.2721842
            ]
          ]
        ]
      }
    },
    {
      "type": "Feature",
      "properties": {
        "id": 41263407,
        "name": "Brafferton",
        "building": "university",
        "start_date": null
      },
      "geometry": {
        "type": "Polygon",
        "coordinates": [
          [
            [
              -76.7083754,
              37.2705077
            ],
            [
              -76.7083078,
              37.2705122
            ],
            [
              -76.7082674,
              37.2705148
            ],
            [
              -76.7082323,
              37.2705172
            ],
            [
              -76.7081899,
              37.27052
            ],
            [
              -76.7081797,
              37.2704202
            ],
            [
              -76.7082461,
              37.2704158
            ],
            [
              -76.7082764,
              37.2704141
            ],
            [
              -76.7083086,
              37.2704123
            ],
            [
              -76.7083645,
              37.270408
            ],
            [
              -76.7083679,
              37.2704391
            ],
            [
              -76.7083752,
              37.2705061
            ],
            [
              -76.7083754,
              37.2705077
            ]
          ]
        ]
      }
    },
    {
      "type": "Feature",
      "properties": {
        "id": 41263429,
        "name": null,
        "building": "yes",
        "start_date": null
      },
      "geometry": {
        "type": "Polygon",
        "coordinates": [
          [
            [
              -76.714063,
              37.2754376
            ],
            [
              -76.7140824,
              37.2754598
            ],
            [
              -76.7140978,
              37.2754512
            ],
            [
              -76.7141698,
              37.2755337
            ],
            [
              -76.7140603,
              37.2755948
            ],
            [
              -76.7140211,
              37.2755499
            ],
            [
              -76.7140402,
              37.2755393
            ],
            [
              -76.7140148,
              37.2755101
            ],
            [
              -76.714002,
              37.2755172
            ],
            [
              -76.7139601,
              37.2754692
            ],
            [
              -76.7140146,
              37.2754388
            ],
            [
              -76.7140297,
              37.2754561
            ],
            [
              -76.714063,
              37.2754376
            ]
          ]
        ]
      }
    },
    {
      "type": "Feature",
      "properties": {
        "id": 41263465,
        "name": null,
        "building": "university",
        "start_date": null
      },
      "geometry": {
        "type": "Polygon",
        "coordinates": [
          [
            [
              -76.7093416,
              37.2692343
            ],
            [
              -76.7092963,
              37.2691311
            ],
            [
              -76.7093398,
              37.269119
            ],
            [
              -76.709385,
              37.2692222
            ],
            [
              -76.7093416,
              37.2692343
            ]
          ]
        ]
      }
    },
    {
      "type": "Feature",
      "properties": {
        "id": 41263474,
        "name": "Stith",
        "building": "dormitory",
        "start_date": null
      },
      "geometry": {
        "type": "Polygon",
        "coordinates": [
          [
            [
              -76.7125819,
              37.2727508
            ],
            [
              -76.7125822,
              37.2726267
            ],
            [
              -76.7127185,
              37.2726269
            ],
            [
              -76.712734,
              37.272627
            ],
            [
              -76.7127494,
              37.272627
            ],
            [
              -76.7128752,
              37.2726272
            ],
            [
              -76.7128749,
              37.2727512
            ],
            [
              -76.7125819,
              37.2727508
            ]
          ]
        ]
      }
    },
    {
      "type": "Feature",
      "properties": {
        "id": 41263510,
        "name": "Barrett Hall",
        "building": "dormitory",
        "start_date": null
      },
      "geometry": {
        "type": "Polygon",
        "coordinates": [
          [
            [
              -76.710915,
              37.2693937
            ],
            [
              -76.7108891,
              37.2693528
            ],
            [
              -76.7108709,
              37.269324
            ],
            [
              -76.7108409,
              37.2692774
            ],
            [
              -76.7110566,
              37.2691927
            ],
            [
              -76.7111579,
              37.269153
            ],
            [
              -76.7112334,
              37.2691536
            ],
            [
              -76.7112337,
              37.2691051
            ],
            [
              -76.7113562,
              37.2691046
            ],
            [
              -76.7113563,
              37.2691092
            ],
            [
              -76.7113575,
              37.2691511
            ],
            [
              -76.7114404,
              37.2691537
            ],
            [
              -76.711757,
              37.269283
            ],
            [
              -76.7117278,
              37.2693268
            ],
            [
              -76.7116804,
              37.2693987
            ],
            [
              -76.7115848,
              37.2693572
            ],
            [
              -76.7115719,
              37.269378
            ],
            [
              -76.7115105,
              37.2693521
            ],
            [
              -76.7113952,
              37.2693034
            ],
            [
              -76.711363,
              37.2693066
            ],
            [
              -76.7113606,
              37.2693185
            ],
            [
              -76.711355,
              37.2693297
            ],
            [
              -76.7113463,
              37.2693396
            ],
            [
              -76.7113351,
              37.2693476
            ],
            [
              -76.7113219,
              37.2693534
            ],
            [
              -76.7113074,
              37.2693566
            ],
            [
              -76.7112923,
              37.2693572
            ],
            [
              -76.7112775,
              37.269355
            ],
            [
              -76.7112637,
              37.2693501
            ],
            [
              -76.7112516,
              37.269343
            ],
            [
              -76.7112419,
              37.2693337
            ],
            [
              -76.711239,
              37.2693292
            ],
            [
              -76.7112358,
              37.2693242
            ],
            [
              -76.711235,
              37.269323
            ],
            [
              -76.7112339,
              37.2693194
            ],
            [
              -76.711232,
              37.2693137
            ],
            [
              -76.7112313,
              37.2693113
            ],
            [
              -76.7112308,
              37.2693048
            ],
            [
              -76.7112195,
              37.269304
            ],
            [
              -76.7112048,
              37.269303
            ],
            [
              -76.7111189,
              37.2693375
            ],
            [
              -76.7110544,
              37.2693634
            ],
            [
              -76.7110229,
              37.2693761
            ],
            [
              -76.7110216,
              37.2693742
            ],
            [
              -76.7110098,
              37.2693563
            ],
            [
              -76.7110087,
              37.2693547
            ],
            [
              -76.7109721,
              37.2693699
            ],
            [
              -76.710915,
              37.2693937
            ]
          ]
        ]
      }
    },
    {
      "type": "Feature",
      "properties": {
        "id": 41263519,
        "name": "Sadler Center",
        "building": "university",
        "start_date": null
      },
      "geometry": {
        "type": "Polygon",
        "coordinates": [
          [
            [
              -76.7146896,
              37.2719954
            ],
            [
              -76.7143772,
              37.271992
            ],
            [
              -76.7143795,
              37.2718537
            ],
            [
              -76.7143227,
              37.2718531
            ],
            [
              -76.7142709,
              37.2718525
            ],
            [
              -76.7142684,
              37.2719933
            ],
            [
              -76.7139944,
              37.2719891
            ],
            [
              -76.7139964,
              37.2718727
            ],
            [
              -76.7139172,
              37.2718719
            ],
            [
              -76.7139175,
              37.2718547
            ],
            [
              -76.7139064,
              37.271854
            ],
            [
              -76.7139064,
              37.2718721
            ],
            [
              -76.7137989,
              37.2718708
            ],
            [
              -76.7137998,
              37.271833
            ],
            [
              -76.7138009,
              37.2717866
            ],
            [
              -76.7139097,
              37.2717876
            ],
            [
              -76.7139092,
              37.2718076
            ],
            [
              -76.7139179,
              37.2718077
            ],
            [
              -76.7139199,
              37.2716902
            ],
            [
              -76.7138283,
              37.2716892
            ],
            [
              -76.713818,
              37.2716873
            ],
            [
              -76.7138074,
              37.2716854
            ],
            [
              -76.7137874,
              37.271679
            ],
            [
              -76.7137691,
              37.2716701
            ],
            [
              -76.7137527,
              37.271659
            ],
            [
              -76.7137388,
              37.271646
            ],
            [
              -76.7137276,
              37.2716313
            ],
            [
              -76.7137195,
              37.2716154
            ],
            [
              -76.7137147,
              37.2715983
            ],
            [
              -76.7137127,
              37.2715809
            ],
            [
              -76.7137135,
              37.2715767
            ],
            [
              -76.7137143,
              37.2715725
            ],
            [
              -76.7137159,
              37.2715638
            ],
            [
              -76.7137225,
              37.2715472
            ],
            [
              -76.7137324,
              37.2715317
            ],
            [
              -76.7137451,
              37.2715176
            ],
            [
              -76.7137604,
              37.2715053
            ],
            [
              -76.713778,
              37.2714951
            ],
            [
              -76.7138066,
              37.2714845
            ],
            [
              -76.7138259,
              37.27148
            ],
            [
              -76.7138471,
              37.2714792
            ],
            [
              -76.7138682,
              37.2714811
            ],
            [
              -76.7138887,
              37.2714857
            ],
            [
              -76.7139079,
              37.2714929
            ],
            [
              -76.7139255,
              37.2715025
            ],
            [
              -76.7139409,
              37.2715142
            ],
            [
              -76.7139537,
              37.2715278
            ],
            [
              -76.7139636,
              37.2715428
            ],
            [
              -76.7139704,
              37.2715589
            ],
            [
              -76.7139743,
              37.2715837
            ],
            [
              -76.7139952,
              37.2715847
            ],
            [
              -76.7139959,
              37.2715426
            ],
            [
              -76.7140115,
              37.2713882
            ],
            [
              -76.7141702,
              37.2713871
            ],
            [
              -76.7141724,
              37.271417
            ],
            [
              -76.714263,
              37.2714191
            ],
            [
              -76.7142649,
              37.2714492
            ],
            [
              -76.7143813,
              37.2714494
            ],
            [
              -76.7143815,
              37.2714294
            ],
            [
              -76.714337,
              37.2714194
            ],
            [
              -76.7143712,
              37.2713281
            ],
            [
              -76.7145076,
              37.2713699
            ],
            [
              -76.7144981,
              37.2713912
            ],
            [
              -76.7145647,
              37.2714204
            ],
            [
              -76.7146019,
              37.2714393
            ],
            [
              -76.7146489,
              37.2714699
            ],
            [
              -76.7146904,
              37.2715003
            ],
            [
              -76.7147397,
              37.2715434
            ],
            [
              -76.7147895,
              37.2715819
            ],
            [
              -76.7148262,
              37.2716088
            ],
            [
              -76.7148638,
              37.2716377
            ],
            [
              -76.7149035,
              37.271666
            ],
            [
              -76.7149473,
              37.271696
            ],
            [
              -76.7149775,
              37.2717161
            ],
            [
              -76.7149949,
              37.2717023
            ],
            [
              -76.7151098,
              37.2717645
            ],
            [
              -76.715202,
              37.2718147
            ],
            [
              -76.7151513,
              37.2718858
            ],
            [
              -76.7150642,
              37.2718409
            ],
            [
              -76.7150558,
              37.2720115
            ],
            [
              -76.7146894,
              37.27201
            ],
            [
              -76.7146896,
              37.2719954
            ]
          ]
        ]
      }
    },
    {
      "type": "Feature",
      "properties": {
        "id": 41263554,
        "name": "Hulon L. Willis Sr. Hall",
        "building": "dormitory",
        "start_date": null
      },
      "geometry": {
        "type": "Polygon",
        "coordinates": [
          [
            [
              -76.7087795,
              37.2697836
            ],
            [
              -76.7087747,
              37.2697701
            ],
            [
              -76.7087472,
              37.2697764
            ],
            [
              -76.7087205,
              37.2697018
            ],
            [
              -76.7087448,
              37.2696962
            ],
            [
              -76.7086849,
              37.2695292
            ],
            [
              -76.7086935,
              37.2695272
            ],
            [
              -76.7086628,
              37.2694415
            ],
            [
              -76.7087882,
              37.2694128
            ],
            [
              -76.708819,
              37.269499
            ],
            [
              -76.7088261,
              37.2694973
            ],
            [
              -76.7088876,
              37.2696691
            ],
            [
              -76.7089213,
              37.2696614
            ],
            [
              -76.7089474,
              37.2697344
            ],
            [
              -76.708911,
              37.2697428
            ],
            [
              -76.7089145,
              37.2697526
            ],
            [
              -76.7088428,
              37.2697691
            ],
            [
              -76.7087795,
              37.2697836
            ]
          ]
        ]
      }
    },
    {
      "type": "Feature",
      "properties": {
        "id": 41263569,
        "name": null,
        "building": "yes",
        "start_date": null
      },
      "geometry": {
        "type": "Polygon",
        "coordinates": [
          [
            [
              -76.7076181,
              37.2687106
            ],
            [
              -76.7076167,
              37.2686811
            ],
            [
              -76.7076715,
              37.2686793
            ],
            [
              -76.707673,
              37.2687089
            ],
            [
              -76.7076181,
              37.2687106
            ]
          ]
        ]
      }
    },
    {
      "type": "Feature",
      "properties": {
        "id": 41263611,
        "name": null,
        "building": "yes",
        "start_date": null
      },
      "geometry": {
        "type": "Polygon",
        "coordinates": [
          [
            [
              -76.7099791,
              37.26928
            ],
            [
              -76.7099286,
              37.2691822
            ],
            [
              -76.7100253,
              37.2691503
            ],
            [
              -76.7100758,
              37.2692482
            ],
            [
              -76.7099791,
              37.26928
            ]
          ]
        ]
      }
    },
    {
      "type": "Feature",
      "properties": {
        "id": 41263629,
        "name": null,
        "building": "yes",
        "start_date": null
      },
      "geometry": {
        "type": "Polygon",
        "coordinates": [
          [
            [
              -76.7092024,
              37.2725134
            ],
            [
              -76.7092425,
              37.2724636
            ],
            [
              -76.7093119,
              37.2724993
            ],
            [
              -76.7092718,
              37.2725491
            ],
            [
              -76.7092024,
              37.2725134
            ]
          ]
        ]
      }
    },
    {
      "type": "Feature",
      "properties": {
        "id": 41263637,
        "name": null,
        "building": "university",
        "start_date": null
      },
      "geometry": {
        "type": "Polygon",
        "coordinates": [
          [
            [
              -76.7113303,
              37.268754
            ],
            [
              -76.7112495,
              37.2686298
            ],
            [
              -76.7113358,
              37.2685939
            ],
            [
              -76.7114167,
              37.2687182
            ],
            [
              -76.711411,
              37.2687206
            ],
            [
              -76.7114197,
              37.268734
            ],
            [
              -76.7113723,
              37.2687537
            ],
            [
              -76.7113636,
              37.2687402
            ],
            [
              -76.7113303,
              37.268754
            ]
          ]
        ]
      }
    },
    {
      "type": "Feature",
      "properties": {
        "id": 41263659,
        "name": null,
        "building": "yes",
        "start_date": null
      },
      "geometry": {
        "type": "Polygon",
        "coordinates": [
          [
            [
              -76.7085636,
              37.2689532
            ],
            [
              -76.7084876,
              37.268536
            ],
            [
              -76.7086536,
              37.2685166
            ],
            [
              -76.7087296,
              37.2689339
            ],
            [
              -76.7085636,
              37.2689532
            ]
          ]
        ]
      }
    },
    {
      "type": "Feature",
      "properties": {
        "id": 41263669,
        "name": "Chi Omega",
        "building": "dormitory",
        "start_date": null
      },
      "geometry": {
        "type": "Polygon",
        "coordinates": [
          [
            [
              -76.7081479,
              37.2721259
            ],
            [
              -76.7080127,
              37.272082
            ],
            [
              -76.7080161,
              37.2720718
            ],
            [
              -76.7079965,
              37.2720649
            ],
            [
              -76.7079856,
              37.272061
            ],
            [
              -76.7079933,
              37.2720454
            ],
            [
              -76.7080143,
              37.2720029
            ],
            [
              -76.707998,
              37.2719974
            ],
            [
              -76.7080115,
              37.2719702
            ],
            [
              -76.708165,
              37.2720189
            ],
            [
              -76.7081626,
              37.2720237
            ],
            [
              -76.7081937,
              37.2720336
            ],
            [
              -76.7081793,
              37.2720626
            ],
            [
              -76.70817,
              37.2720814
            ],
            [
              -76.7081603,
              37.2721008
            ],
            [
              -76.7081479,
              37.2721259
            ]
          ]
        ]
      }
    },
    {
      "type": "Feature",
      "properties": {
        "id": 41263675,
        "name": "James Blair Hall",
        "building": "university",
        "start_date": null
      },
      "geometry": {
        "type": "Polygon",
        "coordinates": [
          [
            [
              -76.7120712,
              37.2715858
            ],
            [
              -76.7119077,
              37.2715851
            ],
            [
              -76.7119079,
              37.2715624
            ],
            [
              -76.7118159,
              37.271562
            ],
            [
              -76.7117934,
              37.2715619
            ],
            [
              -76.7117081,
              37.2715615
            ],
            [
              -76.7117079,
              37.2715846
            ],
            [
              -76.7116377,
              37.2715843
            ],
            [
              -76.7115413,
              37.2715838
            ],
            [
              -76.7115423,
              37.2714586
            ],
            [
              -76.7115423,
              37.2714516
            ],
            [
              -76.7115424,
              37.2714419
            ],
            [
              -76.7115432,
              37.2713277
            ],
            [
              -76.7115433,
              37.2713204
            ],
            [
              -76.711644,
              37.2713208
            ],
            [
              -76.7117071,
              37.2713211
            ],
            [
              -76.7117067,
              37.2713699
            ],
            [
              -76.7117858,
              37.2713702
            ],
            [
              -76.7118123,
              37.2713704
            ],
            [
              -76.7118468,
              37.2713705
            ],
            [
              -76.7119081,
              37.2713708
            ],
            [
              -76.7119084,
              37.2713218
            ],
            [
              -76.712073,
              37.2713226
            ],
            [
              -76.7120712,
              37.2715858
            ]
          ]
        ]
      }
    },
    {
      "type": "Feature",
      "properties": {
        "id": 41263678,
        "name": null,
        "building": "stadium",
        "start_date": null
      },
      "geometry": {
        "type": "Polygon",
        "coordinates": [
          [
            [
              -76.7140895,
              37.2738091
            ],
            [
              -76.7140892,
              37.2737929
            ],
            [
              -76.7139872,
              37.2737938
            ],
            [
              -76.7136188,
              37.2735951
            ],
            [
              -76.713617,
              37.2735005
            ],
            [
              -76.7135967,
              37.2735004
            ],
            [
              -76.7135958,
              37.273424
            ],
            [
              -76.7136193,
              37.2734234
            ],
            [
              -76.7136131,
              37.273029
            ],
            [
              -76.7135851,
              37.27303
            ],
            [
              -76.7135853,
              37.2729187
            ],
            [
              -76.7135871,
              37.272836
            ],
            [
              -76.7136075,
              37.2728362
            ],
            [
              -76.7136155,
              37.2724411
            ],
            [
              -76.7135982,
              37.2724412
            ],
            [
              -76.7135984,
              37.2723666
            ],
            [
              -76.713694,
              37.2723663
            ],
            [
              -76.7136938,
              37.2724313
            ],
            [
              -76.7138203,
              37.2724311
            ],
            [
              -76.7138176,
              37.2728677
            ],
            [
              -76.7136775,
              37.2728692
            ],
            [
              -76.7136784,
              37.2729875
            ],
            [
              -76.7138201,
              37.2729873
            ],
            [
              -76.7138236,
              37.2734206
            ],
            [
              -76.7136914,
              37.2734249
            ],
            [
              -76.7136908,
              37.2735004
            ],
            [
              -76.7136753,
              37.2735002
            ],
            [
              -76.7136769,
              37.2735707
            ],
            [
              -76.7138358,
              37.2736572
            ],
            [
              -76.7140054,
              37.273747
            ],
            [
              -76.714089,
              37.273746
            ],
            [
              -76.7140888,
              37.2737357
            ],
            [
              -76.7141823,
              37.2737358
            ],
            [
              -76.7141825,
              37.2737462
            ],
            [
              -76.7144617,
              37.2737447
            ],
            [
              -76.7144617,
              37.2737342
            ],
            [
              -76.7145557,
              37.2737342
            ],
            [
              -76.7145557,
              37.2737463
            ],
            [
              -76.7146562,
              37.2737461
            ],
            [
              -76.7149353,
              37.2735727
            ],
            [
              -76.7149363,
              37.2734999
            ],
            [
              -76.7149122,
              37.2734998
            ],
            [
              -76.7149124,
              37.2734894
            ],
            [
              -76.7149133,
              37.2734229
            ],
            [
              -76.7147979,
              37.2734232
            ],
            [
              -76.7147936,
              37.2724313
            ],
            [
              -76.7149149,
              37.2724304
            ],
            [
              -76.7149154,
              37.2723763
            ],
            [
              -76.7149155,
              37.2723661
            ],
            [
              -76.715004,
              37.2723646
            ],
            [
              -76.7150046,
              37.2723907
            ],
            [
              -76.7150057,
              37.2724378
            ],
            [
              -76.7149908,
              37.2724381
            ],
            [
              -76.7149916,
              37.2724757
            ],
            [
              -76.7150685,
              37.2724748
            ],
            [
              -76.7151486,
              37.272474
            ],
            [
              -76.7151534,
              37.272688
            ],
            [
              -76.7152512,
              37.2726881
            ],
            [
              -76.7152509,
              37.2727721
            ],
            [
              -76.715186,
              37.2727729
            ],
            [
              -76.7151869,
              37.272812
            ],
            [
              -76.7152154,
              37.2728126
            ],
            [
              -76.7152143,
              37.273072
            ],
            [
              -76.7151025,
              37.2730733
            ],
            [
              -76.7151027,
              37.2731096
            ],
            [
              -76.7152133,
              37.2731083
            ],
            [
              -76.7152157,
              37.2731879
            ],
            [
              -76.7151337,
              37.2731875
            ],
            [
              -76.7151338,
              37.273393
            ],
            [
              -76.7150067,
              37.273392
            ],
            [
              -76.7150076,
              37.2735006
            ],
            [
              -76.7149942,
              37.2735006
            ],
            [
              -76.7149928,
              37.2735941
            ],
            [
              -76.7148385,
              37.2736859
            ],
            [
              -76.7146821,
              37.2737937
            ],
            [
              -76.7145566,
              37.273793
            ],
            [
              -76.7145567,
              37.2738102
            ],
            [
              -76.7144605,
              37.2738105
            ],
            [
              -76.714461,
              37.2737917
            ],
            [
              -76.7141844,
              37.2737931
            ],
            [
              -76.7141842,
              37.2738091
            ],
            [
              -76.7140895,
              37.2738091
            ]
          ]
        ]
      }
    },
    {
      "type": "Feature",
      "properties": {
        "id": 41263681,
        "name": null,
        "building": "university",
        "start_date": null
      },
      "geometry": {
        "type": "Polygon",
        "coordinates": [
          [
            [
              -76.7093941,
              37.2703424
            ],
            [
              -76.7093945,
              37.2703008
            ],
            [
              -76.7094464,
              37.2703011
            ],
            [
              -76.709446,
              37.2703428
            ],
            [
              -76.7093941,
              37.2703424
            ]
          ]
        ]
      }
    },
    {
      "type": "Feature",
      "properties": {
        "id": 41263683,
        "name": "College Apartments",
        "building": "university",
        "start_date": null
      },
      "geometry": {
        "type": "Polygon",
        "coordinates": [
          [
            [
              -76.7077937,
              37.2719853
            ],
            [
              -76.7077943,
              37.2719952
            ],
            [
              -76.707829,
              37.2719938
            ],
            [
              -76.7078324,
              37.2720488
            ],
            [
              -76.7079375,
              37.2720475
            ],
            [
              -76.7079435,
              37.2721446
            ],
            [
              -76.7078331,
              37.272149
            ],
            [
              -76.7078364,
              37.2722023
            ],
            [
              -76.7078003,
              37.2722038
            ],
            [
              -76.7078007,
              37.2722093
            ],
            [
              -76.7076934,
              37.2722135
            ],
            [
              -76.7076836,
              37.2720537
            ],
            [
              -76.7076797,
              37.2719898
            ],
            [
              -76.7077937,
              37.2719853
            ]
          ]
        ]
      }
    },
    {
      "type": "Feature",
      "properties": {
        "id": 41263693,
        "name": "Gamma Phi Beta",
        "building": "dormitory",
        "start_date": null
      },
      "geometry": {
        "type": "Polygon",
        "coordinates": [
          [
            [
              -76.7087303,
              37.2718386
            ],
            [
              -76.7087795,
              37.2718642
            ],
            [
              -76.7087939,
              37.2718717
            ],
            [
              -76.7088286,
              37.2718897
            ],
            [
              -76.7088167,
              37.2719044
            ],
            [
              -76.7088114,
              37.2719109
            ],
            [
              -76.7088258,
              37.2719184
            ],
            [
              -76.7087274,
              37.2720395
            ],
            [
              -76.7086275,
              37.2719876
            ],
            [
              -76.7086625,
              37.2719445
            ],
            [
              -76.7086497,
              37.2719378
            ],
            [
              -76.7086785,
              37.2719023
            ],
            [
              -76.7086806,
              37.2718997
            ],
            [
              -76.7087125,
              37.2718605
            ],
            [
              -76.7087303,
              37.2718386
            ]
          ]
        ]
      }
    },
    {
      "type": "Feature",
      "properties": {
        "id": 41263694,
        "name": "Ewell Hall",
        "building": "university",
        "start_date": null
      },
      "geometry": {
        "type": "Polygon",
        "coordinates": [
          [
            [
              -76.710034,
              37.2703621
            ],
            [
              -76.7100344,
              37.2703247
            ],
            [
              -76.7100647,
              37.2703249
            ],
            [
              -76.7100649,
              37.2703097
            ],
            [
              -76.7101785,
              37.2703105
            ],
            [
              -76.7101792,
              37.2702487
            ],
            [
              -76.7101794,
              37.2702299
            ],
            [
              -76.7100654,
              37.2702291
            ],
            [
              -76.7100658,
              37.2701967
            ],
            [
              -76.7101364,
              37.2701971
            ],
            [
              -76.7101363,
              37.2702056
            ],
            [
              -76.7102923,
              37.2702068
            ],
            [
              -76.7102928,
              37.2701645
            ],
            [
              -76.7103278,
              37.2701648
            ],
            [
              -76.7103292,
              37.27004
            ],
            [
              -76.7102913,
              37.2700397
            ],
            [
              -76.7102917,
              37.2699978
            ],
            [
              -76.7101367,
              37.2699967
            ],
            [
              -76.7101362,
              37.2700391
            ],
            [
              -76.7100687,
              37.2700387
            ],
            [
              -76.7100691,
              37.2699974
            ],
            [
              -76.7100378,
              37.2699971
            ],
            [
              -76.7100379,
              37.2699924
            ],
            [
              -76.7098925,
              37.2699914
            ],
            [
              -76.7098924,
              37.2700008
            ],
            [
              -76.709865,
              37.2700006
            ],
            [
              -76.7098645,
              37.2700825
            ],
            [
              -76.7098637,
              37.2702083
            ],
            [
              -76.7098635,
              37.2702318
            ],
            [
              -76.7097561,
              37.2702309
            ],
            [
              -76.7097534,
              37.2703074
            ],
            [
              -76.7098623,
              37.2703082
            ],
            [
              -76.7098622,
              37.270324
            ],
            [
              -76.7098926,
              37.2703242
            ],
            [
              -76.7098924,
              37.2703409
            ],
            [
              -76.7099045,
              37.2703411
            ],
            [
              -76.7099046,
              37.2703495
            ],
            [
              -76.7099046,
              37.2703575
            ],
            [
              -76.7098923,
              37.2703574
            ],
            [
              -76.7098922,
              37.2703629
            ],
            [
              -76.7099045,
              37.270364
            ],
            [
              -76.7099046,
              37.2703611
            ],
            [
              -76.7099709,
              37.2703616
            ],
            [
              -76.710034,
              37.2703621
            ]
          ]
        ]
      }
    },
    {
      "type": "Feature",
      "properties": {
        "id": 41263698,
        "name": null,
        "building": "university",
        "start_date": null
      },
      "geometry": {
        "type": "Polygon",
        "coordinates": [
          [
            [
              -76.7085664,
              37.2704552
            ],
            [
              -76.7085656,
              37.2704465
            ],
            [
              -76.7085649,
              37.2704389
            ],
            [
              -76.7085642,
              37.2704308
            ],
            [
              -76.7085619,
              37.2704038
            ],
            [
              -76.708667,
              37.270398
            ],
            [
              -76.7086715,
              37.2704494
            ],
            [
              -76.7085664,
              37.2704552
            ]
          ]
        ]
      }
    },
    {
      "type": "Feature",
      "properties": {
        "id": 41263708,
        "name": "Delta Gamma",
        "building": "dormitory",
        "start_date": null
      },
      "geometry": {
        "type": "Polygon",
        "coordinates": [
          [
            [
              -76.7084863,
              37.2719175
            ],
            [
              -76.7085024,
              37.2718982
            ],
            [
              -76.7085122,
              37.2718864
            ],
            [
              -76.708495,
              37.2718772
            ],
            [
              -76.7085733,
              37.2717829
            ],
            [
              -76.7085765,
              37.2717847
            ],
            [
              -76.7085952,
              37.2717622
            ],
            [
              -76.7086576,
              37.2717954
            ],
            [
              -76.708698,
              37.2718168
            ],
            [
              -76.7086809,
              37.2718373
            ],
            [
              -76.7086864,
              37.2718402
            ],
            [
              -76.7086041,
              37.2719393
            ],
            [
              -76.7085905,
              37.271932
            ],
            [
              -76.708567,
              37.2719603
            ],
            [
              -76.7084863,
              37.2719175
            ]
          ]
        ]
      }
    },
    {
      "type": "Feature",
      "properties": {
        "id": 41263712,
        "name": "Hunt Hall",
        "building": "dormitory",
        "start_date": null
      },
      "geometry": {
        "type": "Polygon",
        "coordinates": [
          [
            [
              -76.707489,
              37.2693047
            ],
            [
              -76.7074872,
              37.2692813
            ],
            [
              -76.7074724,
              37.2692821
            ],
            [
              -76.7074634,
              37.2691673
            ],
            [
              -76.7074147,
              37.2691697
            ],
            [
              -76.7074069,
              37.2690701
            ],
            [
              -76.7074546,
              37.2690677
            ],
            [
              -76.7074462,
              37.2689604
            ],
            [
              -76.7074574,
              37.2689598
            ],
            [
              -76.7074554,
              37.2689335
            ],
            [
              -76.707553,
              37.2689286
            ],
            [
              -76.7075551,
              37.2689555
            ],
            [
              -76.7075678,
              37.2689548
            ],
            [
              -76.7075762,
              37.269062
            ],
            [
              -76.707622,
              37.2690597
            ],
            [
              -76.7076302,
              37.2691641
            ],
            [
              -76.7075874,
              37.2691663
            ],
            [
              -76.7075959,
              37.2692738
            ],
            [
              -76.7075854,
              37.2692743
            ],
            [
              -76.7075874,
              37.2692997
            ],
            [
              -76.707489,
              37.2693047
            ]
          ]
        ]
      }
    },
    {
      "type": "Feature",
      "properties": {
        "id": 41263718,
        "name": null,
        "building": "yes",
        "start_date": null
      },
      "geometry": {
        "type": "Polygon",
        "coordinates": [
          [
            [
              -76.7094619,
              37.2682346
            ],
            [
              -76.7092945,
              37.2682431
            ],
            [
              -76.7092902,
              37.2681884
            ],
            [
              -76.7094569,
              37.2681805
            ],
            [
              -76.7094619,
              37.2682346
            ]
          ]
        ]
      }
    },
    {
      "type": "Feature",
      "properties": {
        "id": 41263719,
        "name": null,
        "building": "yes",
        "start_date": null
      },
      "geometry": {
        "type": "Polygon",
        "coordinates": [
          [
            [
              -76.7085772,
              37.271272
            ],
            [
              -76.708577,
              37.2712546
            ],
            [
              -76.7085997,
              37.2712544
            ],
            [
              -76.7085999,
              37.2712719
            ],
            [
              -76.7085772,
              37.271272
            ]
          ]
        ]
      }
    },
    {
      "type": "Feature",
      "properties": {
        "id": 41263724,
        "name": "Alumni House Storage",
        "building": "yes",
        "start_date": null
      },
      "geometry": {
        "type": "Polygon",
        "coordinates": [
          [
            [
              -76.7143582,
              37.2746286
            ],
            [
              -76.7143161,
              37.2746612
            ],
            [
              -76.7142348,
              37.2745942
            ],
            [
              -76.7142769,
              37.2745616
            ],
            [
              -76.7143582,
              37.2746286
            ]
          ]
        ]
      }
    },
    {
      "type": "Feature",
      "properties": {
        "id": 41263725,
        "name": "McGlothin-Street Hall",
        "building": "university",
        "start_date": null
      },
      "geometry": {
        "type": "Polygon",
        "coordinates": [
          [
            [
              -76.7120177,
              37.270335
            ],
            [
              -76.7118837,
              37.2703337
            ],
            [
              -76.7118752,
              37.2703335
            ],
            [
              -76.7118631,
              37.2703335
            ],
            [
              -76.7118631,
              37.2703307
            ],
            [
              -76.7118528,
              37.2703306
            ],
            [
              -76.7118528,
              37.2703334
            ],
            [
              -76.7118307,
              37.2703332
            ],
            [
              -76.7118133,
              37.270333
            ],
            [
              -76.7117561,
              37.2703324
            ],
            [
              -76.7117411,
              37.2703323
            ],
            [
              -76.7117357,
              37.2703322
            ],
            [
              -76.7116699,
              37.2703316
            ],
            [
              -76.7116194,
              37.2703311
            ],
            [
              -76.7116195,
              37.2703249
            ],
            [
              -76.7116208,
              37.2702168
            ],
            [
              -76.7116683,
              37.2702162
            ],
            [
              -76.7116683,
              37.2702136
            ],
            [
              -76.7116752,
              37.2702135
            ],
            [
              -76.7116754,
              37.2701971
            ],
            [
              -76.7116686,
              37.270197
            ],
            [
              -76.7116686,
              37.2701915
            ],
            [
              -76.7116755,
              37.2701916
            ],
            [
              -76.7116757,
              37.2701817
            ],
            [
              -76.7116759,
              37.2701696
            ],
            [
              -76.711669,
              37.2701695
            ],
            [
              -76.7116691,
              37.2701613
            ],
            [
              -76.7116692,
              37.2701558
            ],
            [
              -76.7116761,
              37.2701559
            ],
            [
              -76.7116762,
              37.2701451
            ],
            [
              -76.7116764,
              37.2701339
            ],
            [
              -76.7116695,
              37.2701338
            ],
            [
              -76.7116696,
              37.2701283
            ],
            [
              -76.7116697,
              37.2701206
            ],
            [
              -76.7116766,
              37.2701202
            ],
            [
              -76.7116767,
              37.2701102
            ],
            [
              -76.7116769,
              37.2700982
            ],
            [
              -76.7116701,
              37.2700981
            ],
            [
              -76.7116701,
              37.2700926
            ],
            [
              -76.711677,
              37.2700927
            ],
            [
              -76.7116773,
              37.2700707
            ],
            [
              -76.7116705,
              37.2700707
            ],
            [
              -76.7116705,
              37.2700679
            ],
            [
              -76.7116195,
              37.2700676
            ],
            [
              -76.7116204,
              37.2700286
            ],
            [
              -76.7116222,
              37.2699544
            ],
            [
              -76.7118008,
              37.2699561
            ],
            [
              -76.7118405,
              37.2699565
            ],
            [
              -76.7120191,
              37.2699582
            ],
            [
              -76.7120183,
              37.2700713
            ],
            [
              -76.7119186,
              37.2700703
            ],
            [
              -76.7119175,
              37.2701443
            ],
            [
              -76.7119178,
              37.2701986
            ],
            [
              -76.7119164,
              37.2702186
            ],
            [
              -76.7119837,
              37.2702193
            ],
            [
              -76.7120195,
              37.2702196
            ],
            [
              -76.7120187,
              37.2702685
            ],
            [
              -76.7120186,
              37.2702761
            ],
            [
              -76.7120185,
              37.2702859
            ],
            [
              -76.7120177,
              37.270335
            ]
          ]
        ]
      }
    },
    {
      "type": "Feature",
      "properties": {
        "id": 41263728,
        "name": "Sorority Court Garage",
        "building": "garage",
        "start_date": null
      },
      "geometry": {
        "type": "Polygon",
        "coordinates": [
          [
            [
              -76.7086031,
              37.2722363
            ],
            [
              -76.7086694,
              37.2721135
            ],
            [
              -76.7087004,
              37.2721242
            ],
            [
              -76.7087116,
              37.2721035
            ],
            [
              -76.708745,
              37.272115
            ],
            [
              -76.7086676,
              37.2722585
            ],
            [
              -76.7086031,
              37.2722363
            ]
          ]
        ]
      }
    },
    {
      "type": "Feature",
      "properties": {
        "id": 41263730,
        "name": "Delta Phi (Mullen)",
        "building": "yes",
        "start_date": null
      },
      "geometry": {
        "type": "Polygon",
        "coordinates": [
          [
            [
              -76.7088241,
              37.2724849
            ],
            [
              -76.7088225,
              37.2724879
            ],
            [
              -76.7088464,
              37.272496
            ],
            [
              -76.7088203,
              37.2725456
            ],
            [
              -76.7088179,
              37.2725501
            ],
            [
              -76.7088093,
              37.2725664
            ],
            [
              -76.708787,
              37.272559
            ],
            [
              -76.7087845,
              37.2725637
            ],
            [
              -76.7086585,
              37.2725214
            ],
            [
              -76.7086608,
              37.2725171
            ],
            [
              -76.7086395,
              37.2725099
            ],
            [
              -76.7086453,
              37.2724989
            ],
            [
              -76.7086557,
              37.2724791
            ],
            [
              -76.7086614,
              37.2724683
            ],
            [
              -76.7086837,
              37.2724758
            ],
            [
              -76.7087007,
              37.2724435
            ],
            [
              -76.7088241,
              37.2724849
            ]
          ]
        ]
      }
    },
    {
      "type": "Feature",
      "properties": {
        "id": 41263731,
        "name": "W&M Executive Housing",
        "building": "yes",
        "start_date": null
      },
      "geometry": {
        "type": "Polygon",
        "coordinates": [
          [
            [
              -76.7109832,
              37.2685227
            ],
            [
              -76.7109363,
              37.2684552
            ],
            [
              -76.7109468,
              37.2684506
            ],
            [
              -76.7109262,
              37.2684209
            ],
            [
              -76.7110064,
              37.2683853
            ],
            [
              -76.7110287,
              37.2684175
            ],
            [
              -76.7110386,
              37.2684131
            ],
            [
              -76.711059,
              37.2684425
            ],
            [
              -76.7110469,
              37.2684479
            ],
            [
              -76.7110716,
              37.2684834
            ],
            [
              -76.7109832,
              37.2685227
            ]
          ]
        ]
      }
    },
    {
      "type": "Feature",
      "properties": {
        "id": 41263733,
        "name": null,
        "building": "university",
        "start_date": null
      },
      "geometry": {
        "type": "Polygon",
        "coordinates": [
          [
            [
              -76.7084682,
              37.2691647
            ],
            [
              -76.708009,
              37.2691785
            ],
            [
              -76.7079971,
              37.2690039
            ],
            [
              -76.7084547,
              37.268986
            ],
            [
              -76.7084682,
              37.2691647
            ]
          ]
        ]
      }
    },
    {
      "type": "Feature",
      "properties": {
        "id": 41263735,
        "name": "Andrews Hall",
        "building": "university",
        "start_date": null
      },
      "geometry": {
        "type": "Polygon",
        "coordinates": [
          [
            [
              -76.7152803,
              37.2685999
            ],
            [
              -76.7153402,
              37.26857
            ],
            [
              -76.7155242,
              37.2684782
            ],
            [
              -76.7155771,
              37.2684508
            ],
            [
              -76.7155306,
              37.2683862
            ],
            [
              -76.7155681,
              37.2683676
            ],
            [
              -76.7156178,
              37.2684302
            ],
            [
              -76.7157462,
              37.2683652
            ],
            [
              -76.7158722,
              37.2685305
            ],
            [
              -76.7157832,
              37.2685753
            ],
            [
              -76.715622,
              37.2686566
            ],
            [
              -76.7156316,
              37.2686688
            ],
            [
              -76.7154826,
              37.2687439
            ],
            [
              -76.7154744,
              37.2687336
            ],
            [
              -76.7152222,
              37.2688606
            ],
            [
              -76.7150924,
              37.2686962
            ],
            [
              -76.7152803,
              37.2685999
            ]
          ]
        ]
      }
    },
    {
      "type": "Feature",
      "properties": {
        "id": 41263751,
        "name": null,
        "building": "yes",
        "start_date": null
      },
      "geometry": {
        "type": "Polygon",
        "coordinates": [
          [
            [
              -76.7094669,
              37.2690321
            ],
            [
              -76.7094449,
              37.2689869
            ],
            [
              -76.7093451,
              37.269018
            ],
            [
              -76.7092897,
              37.2689045
            ],
            [
              -76.7093895,
              37.2688734
            ],
            [
              -76.7093693,
              37.2688321
            ],
            [
              -76.7094723,
              37.2688
            ],
            [
              -76.7094653,
              37.2687857
            ],
            [
              -76.7095656,
              37.2687544
            ],
            [
              -76.7096125,
              37.2688504
            ],
            [
              -76.7096585,
              37.268836
            ],
            [
              -76.7097162,
              37.2689542
            ],
            [
              -76.7096734,
              37.2689676
            ],
            [
              -76.7096797,
              37.2689805
            ],
            [
              -76.7095748,
              37.2690132
            ],
            [
              -76.7095685,
              37.2690005
            ],
            [
              -76.7094669,
              37.2690321
            ]
          ]
        ]
      }
    },
    {
      "type": "Feature",
      "properties": {
        "id": 41263753,
        "name": "Campus Center",
        "building": "university",
        "start_date": null
      },
      "geometry": {
        "type": "Polygon",
        "coordinates": [
          [
            [
              -76.7084867,
              37.2697121
            ],
            [
              -76.7081757,
              37.2697243
            ],
            [
              -76.7081351,
              37.2697259
            ],
            [
              -76.7080729,
              37.2697809
            ],
            [
              -76.708014,
              37.2698329
            ],
            [
              -76.7080237,
              37.2699899
            ],
            [
              -76.7079624,
              37.2699923
            ],
            [
              -76.7079329,
              37.2699935
            ],
            [
              -76.7079035,
              37.2699946
            ],
            [
              -76.707886,
              37.2699953
            ],
            [
              -76.707817,
              37.269998
            ],
            [
              -76.7077977,
              37.2696834
            ],
            [
              -76.7078672,
              37.2696231
            ],
            [
              -76.7079172,
              37.2695796
            ],
            [
              -76.7079275,
              37.2695707
            ],
            [
              -76.7080234,
              37.2695669
            ],
            [
              -76.7080418,
              37.2695662
            ],
            [
              -76.7080387,
              37.2695155
            ],
            [
              -76.7080285,
              37.2695159
            ],
            [
              -76.7080274,
              37.2694963
            ],
            [
              -76.708009,
              37.2691785
            ],
            [
              -76.7084682,
              37.2691647
            ],
            [
              -76.7084743,
              37.2692776
            ],
            [
              -76.7084862,
              37.2694994
            ],
            [
              -76.7084455,
              37.269501
            ],
            [
              -76.7084486,
              37.2695505
            ],
            [
              -76.7084767,
              37.2695493
            ],
            [
              -76.7084867,
              37.2697121
            ]
          ]
        ]
      }
    },
    {
      "type": "Feature",
      "properties": {
        "id": 41263755,
        "name": null,
        "building": "yes",
        "start_date": null
      },
      "geometry": {
        "type": "Polygon",
        "coordinates": [
          [
            [
              -76.7078776,
              37.2683785
            ],
            [
              -76.7078536,
              37.2682285
            ],
            [
              -76.7079849,
              37.2682151
            ],
            [
              -76.708009,
              37.2683651
            ],
            [
              -76.7078776,
              37.2683785
            ]
          ]
        ]
      }
    },
    {
      "type": "Feature",
      "properties": {
        "id": 41263758,
        "name": "Lodge 2",
        "building": "retail",
        "start_date": null
      },
      "geometry": {
        "type": "Polygon",
        "coordinates": [
          [
            [
              -76.7140341,
              37.2712183
            ],
            [
              -76.7140122,
              37.2711421
            ],
            [
              -76.7140897,
              37.2711279
            ],
            [
              -76.7140832,
              37.2711053
            ],
            [
              -76.7141223,
              37.2710981
            ],
            [
              -76.7141198,
              37.2710893
            ],
            [
              -76.7141783,
              37.2710786
            ],
            [
              -76.7142092,
              37.2711861
            ],
            [
              -76.7140341,
              37.2712183
            ]
          ]
        ]
      }
    },
    {
      "type": "Feature",
      "properties": {
        "id": 41263762,
        "name": "Chandler Hall",
        "building": "dormitory",
        "start_date": null
      },
      "geometry": {
        "type": "Polygon",
        "coordinates": [
          [
            [
              -76.712691,
              37.2697146
            ],
            [
              -76.7126712,
              37.269746
            ],
            [
              -76.7126443,
              37.2697886
            ],
            [
              -76.7123618,
              37.2696728
            ],
            [
              -76.7123569,
              37.2696804
            ],
            [
              -76.7123065,
              37.2696598
            ],
            [
              -76.7122386,
              37.2696319
            ],
            [
              -76.7122435,
              37.2696243
            ],
            [
              -76.7121006,
              37.2695657
            ],
            [
              -76.7119598,
              37.269508
            ],
            [
              -76.7119955,
              37.2694524
            ],
            [
              -76.712004,
              37.2694392
            ],
            [
              -76.7120327,
              37.2693946
            ],
            [
              -76.7123166,
              37.2695109
            ],
            [
              -76.712322,
              37.2695025
            ],
            [
              -76.7123671,
              37.269521
            ],
            [
              -76.7123911,
              37.2695308
            ],
            [
              -76.712413,
              37.2695397
            ],
            [
              -76.7124419,
              37.2695516
            ],
            [
              -76.7124383,
              37.2695572
            ],
            [
              -76.7126063,
              37.2696261
            ],
            [
              -76.712718,
              37.2696719
            ],
            [
              -76.712691,
              37.2697146
            ]
          ]
        ]
      }
    },
    {
      "type": "Feature",
      "properties": {
        "id": 41263770,
        "name": "Chancellors Hall",
        "building": "university",
        "start_date": null
      },
      "geometry": {
        "type": "Polygon",
        "coordinates": [
          [
            [
              -76.711058,
              37.2715805
            ],
            [
              -76.7108982,
              37.2715798
            ],
            [
              -76.7108984,
              37.2715601
            ],
            [
              -76.7108704,
              37.2715601
            ],
            [
              -76.7107425,
              37.2715598
            ],
            [
              -76.7106922,
              37.2715592
            ],
            [
              -76.7106921,
              37.2715807
            ],
            [
              -76.7105327,
              37.27158
            ],
            [
              -76.7105345,
              37.2713359
            ],
            [
              -76.7105346,
              37.2713171
            ],
            [
              -76.7106938,
              37.2713178
            ],
            [
              -76.7106935,
              37.2713686
            ],
            [
              -76.710784,
              37.2713721
            ],
            [
              -76.7109003,
              37.2713695
            ],
            [
              -76.7109006,
              37.2713178
            ],
            [
              -76.7110598,
              37.2713185
            ],
            [
              -76.7110591,
              37.2714151
            ],
            [
              -76.7110589,
              37.2714486
            ],
            [
              -76.7110587,
              37.2714789
            ],
            [
              -76.711058,
              37.2715805
            ]
          ]
        ]
      }
    },
    {
      "type": "Feature",
      "properties": {
        "id": 41263773,
        "name": null,
        "building": "yes",
        "start_date": null
      },
      "geometry": {
        "type": "Polygon",
        "coordinates": [
          [
            [
              -76.7119014,
              37.2681129
            ],
            [
              -76.7118676,
              37.2680593
            ],
            [
              -76.711956,
              37.2680237
            ],
            [
              -76.7119258,
              37.2679759
            ],
            [
              -76.7119611,
              37.2679617
            ],
            [
              -76.7119581,
              37.2679569
            ],
            [
              -76.7119668,
              37.2679533
            ],
            [
              -76.7119615,
              37.267945
            ],
            [
              -76.7120109,
              37.2679251
            ],
            [
              -76.7120162,
              37.2679335
            ],
            [
              -76.7120789,
              37.2679082
            ],
            [
              -76.7121028,
              37.267946
            ],
            [
              -76.7121152,
              37.267941
            ],
            [
              -76.7121242,
              37.2679552
            ],
            [
              -76.712113,
              37.2679597
            ],
            [
              -76.7121472,
              37.2680137
            ],
            [
              -76.7119014,
              37.2681129
            ]
          ]
        ]
      }
    },
    {
      "type": "Feature",
      "properties": {
        "id": 41263775,
        "name": "Landrum Hall",
        "building": "dormitory",
        "start_date": null
      },
      "geometry": {
        "type": "Polygon",
        "coordinates": [
          [
            [
              -76.7138149,
              37.2701159
            ],
            [
              -76.7137716,
              37.2701827
            ],
            [
              -76.7137392,
              37.2702327
            ],
            [
              -76.7137084,
              37.27022
            ],
            [
              -76.7136946,
              37.2702144
            ],
            [
              -76.7136757,
              37.2702066
            ],
            [
              -76.7134416,
              37.2701105
            ],
            [
              -76.7133295,
              37.2700644
            ],
            [
              -76.7130603,
              37.2699539
            ],
            [
              -76.7130416,
              37.2699461
            ],
            [
              -76.7129897,
              37.2699248
            ],
            [
              -76.7129341,
              37.269902
            ],
            [
              -76.7129588,
              37.2698641
            ],
            [
              -76.7129688,
              37.2698485
            ],
            [
              -76.7129789,
              37.269833
            ],
            [
              -76.71301,
              37.269785
            ],
            [
              -76.713196,
              37.2698615
            ],
            [
              -76.7133903,
              37.2699413
            ],
            [
              -76.7134016,
              37.2699238
            ],
            [
              -76.71342,
              37.2699313
            ],
            [
              -76.7134336,
              37.2699369
            ],
            [
              -76.7134221,
              37.2699546
            ],
            [
              -76.7136985,
              37.2700681
            ],
            [
              -76.7138149,
              37.2701159
            ]
          ]
        ]
      }
    },
    {
      "type": "Feature",
      "properties": {
        "id": 41263776,
        "name": null,
        "building": "university",
        "start_date": null
      },
      "geometry": {
        "type": "Polygon",
        "coordinates": [
          [
            [
              -76.7111939,
              37.2686739
            ],
            [
              -76.7112632,
              37.2687817
            ],
            [
              -76.7111762,
              37.2688174
            ],
            [
              -76.7111388,
              37.2687592
            ],
            [
              -76.7111175,
              37.268768
            ],
            [
              -76.7110883,
              37.2687227
            ],
            [
              -76.7111117,
              37.2687131
            ],
            [
              -76.711109,
              37.2687088
            ],
            [
              -76.7111389,
              37.2686965
            ],
            [
              -76.7111232,
              37.2686721
            ],
            [
              -76.7111415,
              37.2686646
            ],
            [
              -76.7111573,
              37.268689
            ],
            [
              -76.7111939,
              37.2686739
            ]
          ]
        ]
      }
    },
    {
      "type": "Feature",
      "properties": {
        "id": 41263779,
        "name": null,
        "building": "yes",
        "start_date": null
      },
      "geometry": {
        "type": "Polygon",
        "coordinates": [
          [
            [
              -76.7087335,
              37.2713066
            ],
            [
              -76.7087317,
              37.2713893
            ],
            [
              -76.7086492,
              37.271389
            ],
            [
              -76.7086378,
              37.2713891
            ],
            [
              -76.7086376,
              37.2713116
            ],
            [
              -76.7086378,
              37.2713105
            ],
            [
              -76.708638,
              37.2713087
            ],
            [
              -76.7086379,
              37.2713059
            ],
            [
              -76.708663,
              37.2713067
            ],
            [
              -76.7087335,
              37.2713066
            ]
          ]
        ]
      }
    },
    {
      "type": "Feature",
      "properties": {
        "id": 41263781,
        "name": "Bull House",
        "building": "yes",
        "start_date": null
      },
      "geometry": {
        "type": "Polygon",
        "coordinates": [
          [
            [
              -76.7087461,
              37.2726279
            ],
            [
              -76.7087704,
              37.2726361
            ],
            [
              -76.7087526,
              37.2726696
            ],
            [
              -76.7087495,
              37.2726755
            ],
            [
              -76.708745,
              37.2726838
            ],
            [
              -76.7087308,
              37.2727104
            ],
            [
              -76.7087049,
              37.2727016
            ],
            [
              -76.7087028,
              37.2727059
            ],
            [
              -76.7085816,
              37.2726644
            ],
            [
              -76.7085839,
              37.2726591
            ],
            [
              -76.7085647,
              37.2726526
            ],
            [
              -76.708567,
              37.2726483
            ],
            [
              -76.7086035,
              37.2725797
            ],
            [
              -76.7086249,
              37.272587
            ],
            [
              -76.708628,
              37.2725813
            ],
            [
              -76.708749,
              37.2726225
            ],
            [
              -76.7087461,
              37.2726279
            ]
          ]
        ]
      }
    },
    {
      "type": "Feature",
      "properties": {
        "id": 41263784,
        "name": null,
        "building": "yes",
        "start_date": null
      },
      "geometry": {
        "type": "Polygon",
        "coordinates": [
          [
            [
              -76.7092884,
              37.2681741
            ],
            [
              -76.7092839,
              37.2681171
            ],
            [
              -76.7094513,
              37.2681085
            ],
            [
              -76.7094558,
              37.2681649
            ],
            [
              -76.7092884,
              37.2681741
            ]
          ]
        ]
      }
    },
    {
      "type": "Feature",
      "properties": {
        "id": 41263786,
        "name": "Kappa Delta",
        "building": "dormitory",
        "start_date": null
      },
      "geometry": {
        "type": "Polygon",
        "coordinates": [
          [
            [
              -76.7084399,
              37.2720015
            ],
            [
              -76.7084719,
              37.272013
            ],
            [
              -76.7085804,
              37.2720475
            ],
            [
              -76.7085733,
              37.2720619
            ],
            [
              -76.7085951,
              37.2720688
            ],
            [
              -76.7085644,
              37.2721303
            ],
            [
              -76.7085825,
              37.2721361
            ],
            [
              -76.7085702,
              37.2721607
            ],
            [
              -76.7085253,
              37.2721446
            ],
            [
              -76.7084203,
              37.2721071
            ],
            [
              -76.7083874,
              37.2720953
            ],
            [
              -76.7084012,
              37.2720706
            ],
            [
              -76.7084147,
              37.2720465
            ],
            [
              -76.7084282,
              37.2720224
            ],
            [
              -76.7084399,
              37.2720015
            ]
          ]
        ]
      }
    },
    {
      "type": "Feature",
      "properties": {
        "id": 41263788,
        "name": null,
        "building": "university",
        "start_date": null
      },
      "geometry": {
        "type": "Polygon",
        "coordinates": [
          [
            [
              -76.7077242,
              37.2718527
            ],
            [
              -76.7077253,
              37.2718863
            ],
            [
              -76.7077307,
              37.2718865
            ],
            [
              -76.7077444,
              37.2718862
            ],
            [
              -76.707746,
              37.271933
            ],
            [
              -76.7077285,
              37.2719334
            ],
            [
              -76.7077287,
              37.2719385
            ],
            [
              -76.7076427,
              37.2719403
            ],
            [
              -76.7076422,
              37.271924
            ],
            [
              -76.7076408,
              37.2718835
            ],
            [
              -76.7076404,
              37.2718709
            ],
            [
              -76.7076398,
              37.2718552
            ],
            [
              -76.707654,
              37.2718549
            ],
            [
              -76.7076533,
              37.2718354
            ],
            [
              -76.7077111,
              37.2718342
            ],
            [
              -76.7077117,
              37.2718529
            ],
            [
              -76.7077242,
              37.2718527
            ]
          ]
        ]
      }
    },
    {
      "type": "Feature",
      "properties": {
        "id": 41263798,
        "name": "Undergraduate Admission",
        "building": "university",
        "start_date": null
      },
      "geometry": {
        "type": "Polygon",
        "coordinates": [
          [
            [
              -76.70907,
              37.2696665
            ],
            [
              -76.7089853,
              37.2695347
            ],
            [
              -76.7088672,
              37.269351
            ],
            [
              -76.7089918,
              37.2692996
            ],
            [
              -76.70901,
              37.2692921
            ],
            [
              -76.7090328,
              37.2692827
            ],
            [
              -76.7091256,
              37.2692452
            ],
            [
              -76.7092233,
              37.269207
            ],
            [
              -76.7093114,
              37.2693503
            ],
            [
              -76.7091533,
              37.2694152
            ],
            [
              -76.7092272,
              37.26953
            ],
            [
              -76.7092628,
              37.2695854
            ],
            [
              -76.7092008,
              37.2696109
            ],
            [
              -76.7092054,
              37.2696181
            ],
            [
              -76.7091503,
              37.2696407
            ],
            [
              -76.7091378,
              37.2696458
            ],
            [
              -76.7091342,
              37.2696401
            ],
            [
              -76.70907,
              37.2696665
            ]
          ]
        ]
      }
    },
    {
      "type": "Feature",
      "properties": {
        "id": 41263799,
        "name": "Dawson",
        "building": "dormitory",
        "start_date": null
      },
      "geometry": {
        "type": "Polygon",
        "coordinates": [
          [
            [
              -76.7125811,
              37.2732235
            ],
            [
              -76.712581,
              37.2731001
            ],
            [
              -76.7128696,
              37.2731
            ],
            [
              -76.7128697,
              37.2732233
            ],
            [
              -76.7127252,
              37.2732234
            ],
            [
              -76.7125811,
              37.2732235
            ]
          ]
        ]
      }
    },
    {
      "type": "Feature",
      "properties": {
        "id": 41263806,
        "name": "Reves Center",
        "building": "university",
        "start_date": null
      },
      "geometry": {
        "type": "Polygon",
        "coordinates": [
          [
            [
              -76.7076947,
              37.2698948
            ],
            [
              -76.7077172,
              37.2698937
            ],
            [
              -76.7077199,
              37.2699273
            ],
            [
              -76.7076648,
              37.2699302
            ],
            [
              -76.7076735,
              37.2700377
            ],
            [
              -76.7075054,
              37.2700463
            ],
            [
              -76.7074999,
              37.2699775
            ],
            [
              -76.7075209,
              37.2699772
            ],
            [
              -76.7074861,
              37.2695721
            ],
            [
              -76.7075957,
              37.2695656
            ],
            [
              -76.7076267,
              37.2695637
            ],
            [
              -76.7076347,
              37.2696627
            ],
            [
              -76.7076386,
              37.2697115
            ],
            [
              -76.707697,
              37.2697085
            ],
            [
              -76.7076998,
              37.2697426
            ],
            [
              -76.7076825,
              37.2697435
            ],
            [
              -76.7076947,
              37.2698948
            ]
          ]
        ]
      }
    },
    {
      "type": "Feature",
      "properties": {
        "id": 41263808,
        "name": null,
        "building": "yes",
        "start_date": null
      },
      "geometry": {
        "type": "Polygon",
        "coordinates": [
          [
            [
              -76.7125802,
              37.2724598
            ],
            [
              -76.7125495,
              37.2724168
            ],
            [
              -76.7126395,
              37.2723753
            ],
            [
              -76.7126702,
              37.2724182
            ],
            [
              -76.7125802,
              37.2724598
            ]
          ]
        ]
      }
    },
    {
      "type": "Feature",
      "properties": {
        "id": 41263809,
        "name": "Kappa Kappa Gamma",
        "building": "dormitory",
        "start_date": null
      },
      "geometry": {
        "type": "Polygon",
        "coordinates": [
          [
            [
              -76.7078939,
              37.2713341
            ],
            [
              -76.7080136,
              37.2713949
            ],
            [
              -76.7080114,
              37.2713977
            ],
            [
              -76.7078876,
              37.2715535
            ],
            [
              -76.7077767,
              37.2714973
            ],
            [
              -76.7077679,
              37.2714928
            ],
            [
              -76.7078529,
              37.2713857
            ],
            [
              -76.7078939,
              37.2713341
            ]
          ]
        ]
      }
    },
    {
      "type": "Feature",
      "properties": {
        "id": 41263836,
        "name": "President's House",
        "building": "detached",
        "start_date": null
      },
      "geometry": {
        "type": "Polygon",
        "coordinates": [
          [
            [
              -76.7084524,
              37.2712842
            ],
            [
              -76.70825,
              37.2712874
            ],
            [
              -76.7082471,
              37.2711752
            ],
            [
              -76.7082892,
              37.2711745
            ],
            [
              -76.7083277,
              37.2711739
            ],
            [
              -76.7083553,
              37.2711735
            ],
            [
              -76.7083932,
              37.2711729
            ],
            [
              -76.7084333,
              37.2711723
            ],
            [
              -76.7084496,
              37.271172
            ],
            [
              -76.7084507,
              37.2712149
            ],
            [
              -76.7084508,
              37.2712197
            ],
            [
              -76.7084509,
              37.2712235
            ],
            [
              -76.7084524,
              37.2712842
            ]
          ]
        ]
      }
    },
    {
      "type": "Feature",
      "properties": {
        "id": 41263838,
        "name": "Phi Mu",
        "building": "dormitory",
        "start_date": null
      },
      "geometry": {
        "type": "Polygon",
        "coordinates": [
          [
            [
              -76.7089003,
              37.272375
            ],
            [
              -76.708895,
              37.2723848
            ],
            [
              -76.7088867,
              37.2724
            ],
            [
              -76.708873,
              37.2723953
            ],
            [
              -76.7088528,
              37.2724325
            ],
            [
              -76.7087422,
              37.2723942
            ],
            [
              -76.7087685,
              37.2723458
            ],
            [
              -76.7087852,
              37.2723517
            ],
            [
              -76.7087994,
              37.2723255
            ],
            [
              -76.7087385,
              37.2723044
            ],
            [
              -76.708773,
              37.2722409
            ],
            [
              -76.7088282,
              37.2722601
            ],
            [
              -76.7088126,
              37.2722888
            ],
            [
              -76.7088288,
              37.2722944
            ],
            [
              -76.7088361,
              37.272281
            ],
            [
              -76.7089058,
              37.2723052
            ],
            [
              -76.7088922,
              37.2723302
            ],
            [
              -76.7089036,
              37.2723341
            ],
            [
              -76.7088844,
              37.2723696
            ],
            [
              -76.7089003,
              37.272375
            ]
          ]
        ]
      }
    },
    {
      "type": "Feature",
      "properties": {
        "id": 41263840,
        "name": null,
        "building": "yes",
        "start_date": null
      },
      "geometry": {
        "type": "Polygon",
        "coordinates": [
          [
            [
              -76.7101264,
              37.2687167
            ],
            [
              -76.7101202,
              37.2687038
            ],
            [
              -76.7101444,
              37.2686963
            ],
            [
              -76.710132,
              37.2686707
            ],
            [
              -76.7101845,
              37.2686545
            ],
            [
              -76.7101952,
              37.2686766
            ],
            [
              -76.7102206,
              37.2686687
            ],
            [
              -76.7102404,
              37.2687096
            ],
            [
              -76.7102566,
              37.2687047
            ],
            [
              -76.7102704,
              37.2687333
            ],
            [
              -76.7102565,
              37.2687376
            ],
            [
              -76.7102761,
              37.2687782
            ],
            [
              -76.7101742,
              37.2688096
            ],
            [
              -76.7101618,
              37.268784
            ],
            [
              -76.7101369,
              37.2687917
            ],
            [
              -76.710104,
              37.2687236
            ],
            [
              -76.7101264,
              37.2687167
            ]
          ]
        ]
      }
    },
    {
      "type": "Feature",
      "properties": {
        "id": 41263843,
        "name": "Sir Christopher Wren Building",
        "building": "university",
        "start_date": "1695"
      },
      "geometry": {
        "type": "Polygon",
        "coordinates": [
          [
            [
              -76.7092457,
              37.2709187
            ],
            [
              -76.7092456,
              37.2709453
            ],
            [
              -76.7092509,
              37.2709453
            ],
            [
              -76.7092508,
              37.2709816
            ],
            [
              -76.7092458,
              37.2709816
            ],
            [
              -76.7092457,
              37.2710051
            ],
            [
              -76.7090321,
              37.2710047
            ],
            [
              -76.7090321,
              37.2710097
            ],
            [
              -76.7089646,
              37.2710096
            ],
            [
              -76.7088739,
              37.2710094
            ],
            [
              -76.7088745,
              37.2708446
            ],
            [
              -76.7088702,
              37.2708446
            ],
            [
              -76.7088702,
              37.2708211
            ],
            [
              -76.7088703,
              37.270797
            ],
            [
              -76.7088744,
              37.270797
            ],
            [
              -76.7088746,
              37.270631
            ],
            [
              -76.7089612,
              37.270631
            ],
            [
              -76.709034,
              37.2706311
            ],
            [
              -76.709034,
              37.2706363
            ],
            [
              -76.7092457,
              37.2706364
            ],
            [
              -76.7092457,
              37.2706617
            ],
            [
              -76.7092507,
              37.2706617
            ],
            [
              -76.7092507,
              37.2706971
            ],
            [
              -76.7092458,
              37.2706971
            ],
            [
              -76.7092457,
              37.270722
            ],
            [
              -76.7090327,
              37.2707217
            ],
            [
              -76.7090325,
              37.2708009
            ],
            [
              -76.7090365,
              37.2708009
            ],
            [
              -76.7090364,
              37.2708183
            ],
            [
              -76.7090364,
              37.2708435
            ],
            [
              -76.7090324,
              37.2708435
            ],
            [
              -76.7090321,
              37.2709182
            ],
            [
              -76.7092457,
              37.2709187
            ]
          ]
        ]
      }
    },
    {
      "type": "Feature",
      "properties": {
        "id": 41263849,
        "name": "Swem Library",
        "building": "yes",
        "start_date": null
      },
      "geometry": {
        "type": "Polygon",
        "coordinates": [
          [
            [
              -76.7162155,
              37.2694713
            ],
            [
              -76.7165201,
              37.2693184
            ],
            [
              -76.7165619,
              37.2693715
            ],
            [
              -76.7164842,
              37.2694105
            ],
            [
              -76.7164985,
              37.2694286
            ],
            [
              -76.7164917,
              37.269432
            ],
            [
              -76.716812,
              37.2698395
            ],
            [
              -76.716291,
              37.2700984
            ],
            [
              -76.7162321,
              37.2700223
            ],
            [
              -76.7161728,
              37.2700548
            ],
            [
              -76.7161932,
              37.2700768
            ],
            [
              -76.7158735,
              37.2702374
            ],
            [
              -76.7158207,
              37.2701681
            ],
            [
              -76.7157594,
              37.2701973
            ],
            [
              -76.7157756,
              37.2702176
            ],
            [
              -76.7155343,
              37.2703376
            ],
            [
              -76.715376,
              37.2701343
            ],
            [
              -76.715626,
              37.2700095
            ],
            [
              -76.7156463,
              37.2700348
            ],
            [
              -76.7156886,
              37.2700154
            ],
            [
              -76.7156256,
              37.2699359
            ],
            [
              -76.7157518,
              37.2698728
            ],
            [
              -76.7159556,
              37.2697708
            ],
            [
              -76.7159701,
              37.2697958
            ],
            [
              -76.7160293,
              37.2697682
            ],
            [
              -76.7159608,
              37.2696734
            ],
            [
              -76.7158844,
              37.2697116
            ],
            [
              -76.7158413,
              37.2696567
            ],
            [
              -76.7161461,
              37.269504
            ],
            [
              -76.7161002,
              37.2694455
            ],
            [
              -76.7161069,
              37.26944
            ],
            [
              -76.7161361,
              37.2694228
            ],
            [
              -76.7161691,
              37.2694123
            ],
            [
              -76.7162155,
              37.2694713
            ]
          ]
        ]
      }
    },
    {
      "type": "Feature",
      "properties": {
        "id": 41263851,
        "name": null,
        "building": "yes",
        "start_date": null
      },
      "geometry": {
        "type": "Polygon",
        "coordinates": [
          [
            [
              -76.7098011,
              37.2689898
            ],
            [
              -76.7097755,
              37.2689422
            ],
            [
              -76.7098665,
              37.2689109
            ],
            [
              -76.7098921,
              37.2689586
            ],
            [
              -76.7098011,
              37.2689898
            ]
          ]
        ]
      }
    },
    {
      "type": "Feature",
      "properties": {
        "id": 41263869,
        "name": null,
        "building": "roof",
        "start_date": null
      },
      "geometry": {
        "type": "Polygon",
        "coordinates": [
          [
            [
              -76.712004,
              37.2694392
            ],
            [
              -76.7119955,
              37.2694524
            ],
            [
              -76.711987,
              37.2694657
            ],
            [
              -76.7118043,
              37.2693919
            ],
            [
              -76.7117104,
              37.2693538
            ],
            [
              -76.7117183,
              37.2693416
            ],
            [
              -76.7117278,
              37.2693268
            ],
            [
              -76.7119851,
              37.2694312
            ],
            [
              -76.7119945,
              37.269435
            ],
            [
              -76.712004,
              37.2694392
            ]
          ]
        ]
      }
    },
    {
      "type": "Feature",
      "properties": {
        "id": 41263873,
        "name": "The Meridian",
        "building": "university",
        "start_date": null
      },
      "geometry": {
        "type": "Polygon",
        "coordinates": [
          [
            [
              -76.7074157,
              37.2686798
            ],
            [
              -76.7074152,
              37.2686721
            ],
            [
              -76.7073931,
              37.268673
            ],
            [
              -76.7073893,
              37.2686119
            ],
            [
              -76.7074143,
              37.2686109
            ],
            [
              -76.7074137,
              37.2686024
            ],
            [
              -76.7075455,
              37.2685971
            ],
            [
              -76.7075489,
              37.2686506
            ],
            [
              -76.7075327,
              37.2686512
            ],
            [
              -76.7075342,
              37.268675
            ],
            [
              -76.7074157,
              37.2686798
            ]
          ]
        ]
      }
    },
    {
      "type": "Feature",
      "properties": {
        "id": 41263879,
        "name": null,
        "building": "yes",
        "start_date": null
      },
      "geometry": {
        "type": "Polygon",
        "coordinates": [
          [
            [
              -76.7092804,
              37.2681032
            ],
            [
              -76.7092759,
              37.2680467
            ],
            [
              -76.7094435,
              37.2680383
            ],
            [
              -76.709448,
              37.2680948
            ],
            [
              -76.7092804,
              37.2681032
            ]
          ]
        ]
      }
    },
    {
      "type": "Feature",
      "properties": {
        "id": 41263884,
        "name": "Jefferson Hall",
        "building": "dormitory",
        "start_date": null
      },
      "geometry": {
        "type": "Polygon",
        "coordinates": [
          [
            [
              -76.7106335,
              37.2695068
            ],
            [
              -76.7103647,
              37.2696129
            ],
            [
              -76.7103699,
              37.2696212
            ],
            [
              -76.7103008,
              37.2696485
            ],
            [
              -76.7102503,
              37.2696684
            ],
            [
              -76.7102461,
              37.2696616
            ],
            [
              -76.7099785,
              37.2697671
            ],
            [
              -76.7099506,
              37.2697223
            ],
            [
              -76.7099212,
              37.2697339
            ],
            [
              -76.7099146,
              37.2697232
            ],
            [
              -76.7099038,
              37.2697066
            ],
            [
              -76.7099308,
              37.2696965
            ],
            [
              -76.7099026,
              37.2696513
            ],
            [
              -76.7101132,
              37.2695682
            ],
            [
              -76.7101722,
              37.269545
            ],
            [
              -76.7101669,
              37.2695365
            ],
            [
              -76.7102314,
              37.269511
            ],
            [
              -76.7102388,
              37.2695081
            ],
            [
              -76.7102897,
              37.269488
            ],
            [
              -76.7102947,
              37.269496
            ],
            [
              -76.7103892,
              37.2694587
            ],
            [
              -76.7105612,
              37.2693908
            ],
            [
              -76.7105892,
              37.2694357
            ],
            [
              -76.7106072,
              37.2694646
            ],
            [
              -76.7106335,
              37.2695068
            ]
          ]
        ]
      }
    },
    {
      "type": "Feature",
      "properties": {
        "id": 41263891,
        "name": "Environmental Health & Safety Training Center",
        "building": "university",
        "start_date": null
      },
      "geometry": {
        "type": "Polygon",
        "coordinates": [
          [
            [
              -76.7074301,
              37.2688067
            ],
            [
              -76.7074296,
              37.268799
            ],
            [
              -76.7074076,
              37.2687999
            ],
            [
              -76.7074037,
              37.2687388
            ],
            [
              -76.7074287,
              37.2687378
            ],
            [
              -76.7074281,
              37.2687293
            ],
            [
              -76.7075463,
              37.2687245
            ],
            [
              -76.7075599,
              37.268724
            ],
            [
              -76.7075634,
              37.2687774
            ],
            [
              -76.7075471,
              37.2687781
            ],
            [
              -76.7075487,
              37.2688019
            ],
            [
              -76.7074301,
              37.2688067
            ]
          ]
        ]
      }
    },
    {
      "type": "Feature",
      "properties": {
        "id": 41263898,
        "name": null,
        "building": "yes",
        "start_date": null
      },
      "geometry": {
        "type": "Polygon",
        "coordinates": [
          [
            [
              -76.7093336,
              37.2721813
            ],
            [
              -76.709451,
              37.2722393
            ],
            [
              -76.7093991,
              37.2723064
            ],
            [
              -76.7092816,
              37.2722484
            ],
            [
              -76.7093336,
              37.2721813
            ]
          ]
        ]
      }
    },
    {
      "type": "Feature",
      "properties": {
        "id": 41263903,
        "name": "Alpha Chi Omega",
        "building": "dormitory",
        "start_date": null
      },
      "geometry": {
        "type": "Polygon",
        "coordinates": [
          [
            [
              -76.7082932,
              37.2719314
            ],
            [
              -76.7082608,
              37.2719616
            ],
            [
              -76.7082505,
              37.2719711
            ],
            [
              -76.7082407,
              37.2719803
            ],
            [
              -76.7082137,
              37.2720055
            ],
            [
              -76.7081826,
              37.2719842
            ],
            [
              -76.7081782,
              37.2719883
            ],
            [
              -76.7080939,
              37.2719306
            ],
            [
              -76.7081148,
              37.2719111
            ],
            [
              -76.7080864,
              37.2718917
            ],
            [
              -76.7081553,
              37.2718274
            ],
            [
              -76.7081886,
              37.2718502
            ],
            [
              -76.7081833,
              37.2718551
            ],
            [
              -76.708241,
              37.2718957
            ],
            [
              -76.7082932,
              37.2719314
            ]
          ]
        ]
      }
    },
    {
      "type": "Feature",
      "properties": {
        "id": 41263959,
        "name": null,
        "building": "yes",
        "start_date": null
      },
      "geometry": {
        "type": "Polygon",
        "coordinates": [
          [
            [
              -76.7119705,
              37.2685238
            ],
            [
              -76.7119688,
              37.2685212
            ],
            [
              -76.7118831,
              37.2683875
            ],
            [
              -76.7118891,
              37.268385
            ],
            [
              -76.7118681,
              37.2683523
            ],
            [
              -76.7119,
              37.2683391
            ],
            [
              -76.7119136,
              37.2683603
            ],
            [
              -76.7119317,
              37.2683529
            ],
            [
              -76.7119389,
              37.2683641
            ],
            [
              -76.711994,
              37.2683416
            ],
            [
              -76.7120362,
              37.2684073
            ],
            [
              -76.7120493,
              37.2684019
            ],
            [
              -76.7120775,
              37.2684458
            ],
            [
              -76.7120633,
              37.2684517
            ],
            [
              -76.7120806,
              37.2684787
            ],
            [
              -76.7119766,
              37.2685213
            ],
            [
              -76.7119705,
              37.2685238
            ]
          ]
        ]
      }
    },
    {
      "type": "Feature",
      "properties": {
        "id": 41263965,
        "name": null,
        "building": "roof",
        "start_date": null
      },
      "geometry": {
        "type": "Polygon",
        "coordinates": [
          [
            [
              -76.7108891,
              37.2693528
            ],
            [
              -76.7106139,
              37.2694619
            ],
            [
              -76.7106072,
              37.2694646
            ],
            [
              -76.7105892,
              37.2694357
            ],
            [
              -76.7105964,
              37.2694328
            ],
            [
              -76.710604,
              37.2694298
            ],
            [
              -76.7106118,
              37.2694267
            ],
            [
              -76.7108709,
              37.269324
            ],
            [
              -76.7108891,
              37.2693528
            ]
          ]
        ]
      }
    },
    {
      "type": "Feature",
      "properties": {
        "id": 41263995,
        "name": null,
        "building": "yes",
        "start_date": null
      },
      "geometry": {
        "type": "Polygon",
        "coordinates": [
          [
            [
              -76.7094813,
              37.2694519
            ],
            [
              -76.7094432,
              37.2693819
            ],
            [
              -76.7095175,
              37.269356
            ],
            [
              -76.7095065,
              37.2693358
            ],
            [
              -76.7095609,
              37.2693169
            ],
            [
              -76.7095869,
              37.2693647
            ],
            [
              -76.7096152,
              37.2693549
            ],
            [
              -76.709636,
              37.2693932
            ],
            [
              -76.7096042,
              37.2694043
            ],
            [
              -76.7096064,
              37.2694084
            ],
            [
              -76.7094813,
              37.2694519
            ]
          ]
        ]
      }
    },
    {
      "type": "Feature",
      "properties": {
        "id": 41264004,
        "name": "Tucker Hall",
        "building": "university",
        "start_date": null
      },
      "geometry": {
        "type": "Polygon",
        "coordinates": [
          [
            [
              -76.7099188,
              37.2716574
            ],
            [
              -76.7099186,
              37.2716118
            ],
            [
              -76.7098398,
              37.2716114
            ],
            [
              -76.7098404,
              37.271527
            ],
            [
              -76.7097785,
              37.2715267
            ],
            [
              -76.7097793,
              37.2714071
            ],
            [
              -76.7098444,
              37.2714074
            ],
            [
              -76.7098455,
              37.2713209
            ],
            [
              -76.7099212,
              37.2713212
            ],
            [
              -76.7099213,
              37.2712962
            ],
            [
              -76.7099898,
              37.2712964
            ],
            [
              -76.7100579,
              37.2712965
            ],
            [
              -76.7100577,
              37.2713198
            ],
            [
              -76.7101335,
              37.2713205
            ],
            [
              -76.710133,
              37.2713923
            ],
            [
              -76.7101329,
              37.2714066
            ],
            [
              -76.710195,
              37.2714066
            ],
            [
              -76.7101942,
              37.271528
            ],
            [
              -76.7101291,
              37.2715277
            ],
            [
              -76.7101285,
              37.2716119
            ],
            [
              -76.710052,
              37.2716116
            ],
            [
              -76.7100522,
              37.2716575
            ],
            [
              -76.7099188,
              37.2716574
            ]
          ]
        ]
      }
    },
    {
      "type": "Feature",
      "properties": {
        "id": 41264023,
        "name": "Muscarelle Museum of Art",
        "building": "yes",
        "start_date": null
      },
      "geometry": {
        "type": "Polygon",
        "coordinates": [
          [
            [
              -76.7162314,
              37.2681747
            ],
            [
              -76.716192,
              37.268145
            ],
            [
              -76.7161707,
              37.268157
            ],
            [
              -76.7161529,
              37.2681368
            ],
            [
              -76.7159593,
              37.2680974
            ],
            [
              -76.7159067,
              37.2681248
            ],
            [
              -76.715912,
              37.2681306
            ],
            [
              -76.7158991,
              37.2681382
            ],
            [
              -76.7158092,
              37.2680212
            ],
            [
              -76.7157125,
              37.2680036
            ],
            [
              -76.7156919,
              37.2679812
            ],
            [
              -76.7157127,
              37.2679018
            ],
            [
              -76.7155836,
              37.2677197
            ],
            [
              -76.7158776,
              37.2677739
            ],
            [
              -76.7159456,
              37.2677879
            ],
            [
              -76.7160166,
              37.2677542
            ],
            [
              -76.7160394,
              37.2677433
            ],
            [
              -76.7161536,
              37.2673539
            ],
            [
              -76.7164942,
              37.2677891
            ],
            [
              -76.7163794,
              37.2678442
            ],
            [
              -76.7164262,
              37.2679054
            ],
            [
              -76.7162031,
              37.2680098
            ],
            [
              -76.7162653,
              37.2680959
            ],
            [
              -76.7162314,
              37.2681747
            ]
          ]
        ]
      }
    },
    {
      "type": "Feature",
      "properties": {
        "id": 41264037,
        "name": "Environmental Health & Safety Main Office",
        "building": "university",
        "start_date": null
      },
      "geometry": {
        "type": "Polygon",
        "coordinates": [
          [
            [
              -76.7074077,
              37.2685526
            ],
            [
              -76.7074072,
              37.2685448
            ],
            [
              -76.7073851,
              37.2685457
            ],
            [
              -76.7073813,
              37.2684847
            ],
            [
              -76.7074062,
              37.2684836
            ],
            [
              -76.7074057,
              37.2684752
            ],
            [
              -76.7075375,
              37.2684698
            ],
            [
              -76.7075409,
              37.2685233
            ],
            [
              -76.7075247,
              37.268524
            ],
            [
              -76.7075262,
              37.2685478
            ],
            [
              -76.7074077,
              37.2685526
            ]
          ]
        ]
      }
    },
    {
      "type": "Feature",
      "properties": {
        "id": 41264038,
        "name": "Washington Hall",
        "building": "university",
        "start_date": null
      },
      "geometry": {
        "type": "Polygon",
        "coordinates": [
          [
            [
              -76.7110392,
              37.2703313
            ],
            [
              -76.7108779,
              37.2703294
            ],
            [
              -76.7108788,
              37.2702803
            ],
            [
              -76.7108258,
              37.2702797
            ],
            [
              -76.7106754,
              37.2702779
            ],
            [
              -76.7106744,
              37.2703291
            ],
            [
              -76.7105118,
              37.2703271
            ],
            [
              -76.7105179,
              37.2700088
            ],
            [
              -76.710518,
              37.2700054
            ],
            [
              -76.7105187,
              37.2699679
            ],
            [
              -76.7106202,
              37.2699691
            ],
            [
              -76.7106767,
              37.2699698
            ],
            [
              -76.7106745,
              37.2700877
            ],
            [
              -76.7106994,
              37.270088
            ],
            [
              -76.7107012,
              37.2699977
            ],
            [
              -76.7108572,
              37.2699997
            ],
            [
              -76.7108555,
              37.2700878
            ],
            [
              -76.710878,
              37.270088
            ],
            [
              -76.7108784,
              37.270066
            ],
            [
              -76.7110442,
              37.270068
            ],
            [
              -76.7110392,
              37.2703313
            ]
          ]
        ]
      }
    },
    {
      "type": "Feature",
      "properties": {
        "id": 41264039,
        "name": "Tri Delta",
        "building": "dormitory",
        "start_date": null
      },
      "geometry": {
        "type": "Polygon",
        "coordinates": [
          [
            [
              -76.7082166,
              37.2722586
            ],
            [
              -76.7081981,
              37.2722833
            ],
            [
              -76.7082102,
              37.2722891
            ],
            [
              -76.7081465,
              37.272374
            ],
            [
              -76.7080878,
              37.2723459
            ],
            [
              -76.708004,
              37.2723057
            ],
            [
              -76.7080705,
              37.2722171
            ],
            [
              -76.7080846,
              37.2722239
            ],
            [
              -76.7081004,
              37.2722029
            ],
            [
              -76.7081468,
              37.2722251
            ],
            [
              -76.7081633,
              37.272233
            ],
            [
              -76.7081801,
              37.2722411
            ],
            [
              -76.7082166,
              37.2722586
            ]
          ]
        ]
      }
    },
    {
      "type": "Feature",
      "properties": {
        "id": 41264041,
        "name": null,
        "building": "yes",
        "start_date": null
      },
      "geometry": {
        "type": "Polygon",
        "coordinates": [
          [
            [
              -76.7108827,
              37.2689629
            ],
            [
              -76.7108098,
              37.2688495
            ],
            [
              -76.7108507,
              37.2688327
            ],
            [
              -76.7108339,
              37.2688066
            ],
            [
              -76.7108883,
              37.2687842
            ],
            [
              -76.7109067,
              37.2688128
            ],
            [
              -76.7108994,
              37.2688158
            ],
            [
              -76.7109707,
              37.2689267
            ],
            [
              -76.7108827,
              37.2689629
            ]
          ]
        ]
      }
    },
    {
      "type": "Feature",
      "properties": {
        "id": 41264043,
        "name": null,
        "building": "school",
        "start_date": null
      },
      "geometry": {
        "type": "Polygon",
        "coordinates": [
          [
            [
              -76.711843,
              37.268585
            ],
            [
              -76.7118296,
              37.268564
            ],
            [
              -76.7118238,
              37.2685663
            ],
            [
              -76.7117916,
              37.2685162
            ],
            [
              -76.711767,
              37.2684779
            ],
            [
              -76.7117708,
              37.2684763
            ],
            [
              -76.7117566,
              37.2684542
            ],
            [
              -76.7118504,
              37.2684157
            ],
            [
              -76.7118642,
              37.268437
            ],
            [
              -76.7118696,
              37.2684348
            ],
            [
              -76.7119232,
              37.2685182
            ],
            [
              -76.7119253,
              37.2685216
            ],
            [
              -76.7119185,
              37.2685244
            ],
            [
              -76.7119336,
              37.2685478
            ],
            [
              -76.711843,
              37.268585
            ]
          ]
        ]
      }
    },
    {
      "type": "Feature",
      "properties": {
        "id": 41264052,
        "name": "Student Health Center",
        "building": "yes",
        "start_date": null
      },
      "geometry": {
        "type": "Polygon",
        "coordinates": [
          [
            [
              -76.7162887,
              37.27195
            ],
            [
              -76.7160308,
              37.2718558
            ],
            [
              -76.7160115,
              37.2718895
            ],
            [
              -76.7159299,
              37.2718596
            ],
            [
              -76.7159492,
              37.2718259
            ],
            [
              -76.715756,
              37.2717553
            ],
            [
              -76.7158026,
              37.271674
            ],
            [
              -76.7157634,
              37.2716597
            ],
            [
              -76.7158126,
              37.2715736
            ],
            [
              -76.7158958,
              37.271604
            ],
            [
              -76.7159009,
              37.271595
            ],
            [
              -76.7162837,
              37.2717348
            ],
            [
              -76.7162408,
              37.2718098
            ],
            [
              -76.716275,
              37.2718223
            ],
            [
              -76.7162935,
              37.2718291
            ],
            [
              -76.7163135,
              37.2718364
            ],
            [
              -76.7163509,
              37.27185
            ],
            [
              -76.7162887,
              37.27195
            ]
          ]
        ]
      }
    },
    {
      "type": "Feature",
      "properties": {
        "id": 41264056,
        "name": null,
        "building": "yes",
        "start_date": null
      },
      "geometry": {
        "type": "Polygon",
        "coordinates": [
          [
            [
              -76.7110197,
              37.2680171
            ],
            [
              -76.7109585,
              37.2679146
            ],
            [
              -76.7110485,
              37.2678802
            ],
            [
              -76.7110962,
              37.2679601
            ],
            [
              -76.7110612,
              37.2679735
            ],
            [
              -76.7110747,
              37.2679962
            ],
            [
              -76.7110197,
              37.2680171
            ]
          ]
        ]
      }
    },
    {
      "type": "Feature",
      "properties": {
        "id": 41264061,
        "name": null,
        "building": "yes",
        "start_date": null
      },
      "geometry": {
        "type": "Polygon",
        "coordinates": [
          [
            [
              -76.7092972,
              37.2682601
            ],
            [
              -76.7094652,
              37.2682517
            ],
            [
              -76.7094697,
              37.2683087
            ],
            [
              -76.7093017,
              37.2683172
            ],
            [
              -76.7092972,
              37.2682601
            ]
          ]
        ]
      }
    },
    {
      "type": "Feature",
      "properties": {
        "id": 41264062,
        "name": "Pi Beta Phi",
        "building": "dormitory",
        "start_date": null
      },
      "geometry": {
        "type": "Polygon",
        "coordinates": [
          [
            [
              -76.708372,
              37.27212
            ],
            [
              -76.7084,
              37.2721394
            ],
            [
              -76.7084891,
              37.2722011
            ],
            [
              -76.7084778,
              37.2722114
            ],
            [
              -76.7084966,
              37.2722244
            ],
            [
              -76.708445,
              37.272272
            ],
            [
              -76.7084621,
              37.2722838
            ],
            [
              -76.7084387,
              37.2723054
            ],
            [
              -76.7082858,
              37.2721996
            ],
            [
              -76.7083174,
              37.2721704
            ],
            [
              -76.7083352,
              37.272154
            ],
            [
              -76.7083534,
              37.2721372
            ],
            [
              -76.708372,
              37.27212
            ]
          ]
        ]
      }
    },
    {
      "type": "Feature",
      "properties": {
        "id": 41264067,
        "name": "Brown Hall",
        "building": "residential",
        "start_date": null
      },
      "geometry": {
        "type": "Polygon",
        "coordinates": [
          [
            [
              -76.7069536,
              37.2720603
            ],
            [
              -76.7069433,
              37.2719344
            ],
            [
              -76.7070854,
              37.2719263
            ],
            [
              -76.7070849,
              37.2719213
            ],
            [
              -76.7071941,
              37.2719152
            ],
            [
              -76.7071946,
              37.2719206
            ],
            [
              -76.7073448,
              37.2719127
            ],
            [
              -76.7073558,
              37.2720393
            ],
            [
              -76.7069536,
              37.2720603
            ]
          ]
        ]
      }
    },
    {
      "type": "Feature",
      "properties": {
        "id": 41264070,
        "name": "Ceramics Studio",
        "building": "university",
        "start_date": null
      },
      "geometry": {
        "type": "Polygon",
        "coordinates": [
          [
            [
              -76.708774,
              37.2691809
            ],
            [
              -76.7087623,
              37.2691094
            ],
            [
              -76.7086049,
              37.269126
            ],
            [
              -76.7085967,
              37.2690757
            ],
            [
              -76.7087563,
              37.2690589
            ],
            [
              -76.7087579,
              37.2690687
            ],
            [
              -76.7088259,
              37.2690615
            ],
            [
              -76.7088207,
              37.2690304
            ],
            [
              -76.7089204,
              37.2690199
            ],
            [
              -76.7089336,
              37.2690937
            ],
            [
              -76.7089459,
              37.2691628
            ],
            [
              -76.708774,
              37.2691809
            ]
          ]
        ]
      }
    },
    {
      "type": "Feature",
      "properties": {
        "id": 41264077,
        "name": "Facilities Mgmt. Shops",
        "building": "yes",
        "start_date": null
      },
      "geometry": {
        "type": "Polygon",
        "coordinates": [
          [
            [
              -76.7088187,
              37.2684624
            ],
            [
              -76.708681,
              37.2676943
            ],
            [
              -76.708853,
              37.2676746
            ],
            [
              -76.7089907,
              37.2684427
            ],
            [
              -76.7088187,
              37.2684624
            ]
          ]
        ]
      }
    },
    {
      "type": "Feature",
      "properties": {
        "id": 41264078,
        "name": "Madison",
        "building": "dormitory",
        "start_date": null
      },
      "geometry": {
        "type": "Polygon",
        "coordinates": [
          [
            [
              -76.7128925,
              37.2726761
            ],
            [
              -76.7128931,
              37.2724456
            ],
            [
              -76.7130466,
              37.2724458
            ],
            [
              -76.713046,
              37.2726764
            ],
            [
              -76.7128925,
              37.2726761
            ]
          ]
        ]
      }
    },
    {
      "type": "Feature",
      "properties": {
        "id": 41264095,
        "name": null,
        "building": "yes",
        "start_date": null
      },
      "geometry": {
        "type": "Polygon",
        "coordinates": [
          [
            [
              -76.7118221,
              37.2735106
            ],
            [
              -76.7118415,
              37.2734847
            ],
            [
              -76.7118103,
              37.2734697
            ],
            [
              -76.7118682,
              37.2733926
            ],
            [
              -76.7119028,
              37.2734093
            ],
            [
              -76.7119116,
              37.2733976
            ],
            [
              -76.711947,
              37.2734147
            ],
            [
              -76.7119371,
              37.2734278
            ],
            [
              -76.7119768,
              37.2734469
            ],
            [
              -76.7119205,
              37.2735219
            ],
            [
              -76.7119074,
              37.2735156
            ],
            [
              -76.7118372,
              37.273609
            ],
            [
              -76.7117855,
              37.2735841
            ],
            [
              -76.7118246,
              37.273532
            ],
            [
              -76.7118051,
              37.2735226
            ],
            [
              -76.7118162,
              37.2735078
            ],
            [
              -76.7118221,
              37.2735106
            ]
          ]
        ]
      }
    },
    {
      "type": "Feature",
      "properties": {
        "id": 41264096,
        "name": null,
        "building": "detached",
        "start_date": null
      },
      "geometry": {
        "type": "Polygon",
        "coordinates": [
          [
            [
              -76.7086603,
              37.2712568
            ],
            [
              -76.7086603,
              37.2712217
            ],
            [
              -76.708663,
              37.2712173
            ],
            [
              -76.7086657,
              37.2712129
            ],
            [
              -76.7086603,
              37.2712056
            ],
            [
              -76.7087575,
              37.2712056
            ],
            [
              -76.7087575,
              37.2712568
            ],
            [
              -76.7086603,
              37.2712568
            ]
          ]
        ]
      }
    },
    {
      "type": "Feature",
      "properties": {
        "id": 41264131,
        "name": "Bryan Hall",
        "building": "dormitory",
        "start_date": null
      },
      "geometry": {
        "type": "Polygon",
        "coordinates": [
          [
            [
              -76.7124042,
              37.2731478
            ],
            [
              -76.7124044,
              37.2730665
            ],
            [
              -76.7123973,
              37.2730665
            ],
            [
              -76.7123974,
              37.2730327
            ],
            [
              -76.7123975,
              37.2730043
            ],
            [
              -76.7124054,
              37.2730043
            ],
            [
              -76.7124058,
              37.2728464
            ],
            [
              -76.7123994,
              37.2728464
            ],
            [
              -76.7123995,
              37.2727837
            ],
            [
              -76.7124062,
              37.2727837
            ],
            [
              -76.7124064,
              37.2727006
            ],
            [
              -76.7125601,
              37.2727009
            ],
            [
              -76.7125589,
              37.273148
            ],
            [
              -76.7124042,
              37.2731478
            ]
          ]
        ]
      }
    },
    {
      "type": "Feature",
      "properties": {
        "id": 41264147,
        "name": null,
        "building": "yes",
        "start_date": null
      },
      "geometry": {
        "type": "Polygon",
        "coordinates": [
          [
            [
              -76.7149947,
              37.2720197
            ],
            [
              -76.7149997,
              37.2720197
            ],
            [
              -76.715,
              37.2720626
            ],
            [
              -76.7147665,
              37.2720602
            ],
            [
              -76.7147652,
              37.2721138
            ],
            [
              -76.7146835,
              37.2721104
            ],
            [
              -76.7146897,
              37.2720172
            ],
            [
              -76.7149868,
              37.2720196
            ],
            [
              -76.7149947,
              37.2720197
            ]
          ]
        ]
      }
    },
    {
      "type": "Feature",
      "properties": {
        "id": 41264157,
        "name": "Old Dominion Hall",
        "building": "dormitory",
        "start_date": null
      },
      "geometry": {
        "type": "Polygon",
        "coordinates": [
          [
            [
              -76.7118411,
              37.2722398
            ],
            [
              -76.712107,
              37.2721137
            ],
            [
              -76.7121017,
              37.2721066
            ],
            [
              -76.7121645,
              37.2720768
            ],
            [
              -76.712215,
              37.2720528
            ],
            [
              -76.7122214,
              37.2720614
            ],
            [
              -76.7124626,
              37.2719469
            ],
            [
              -76.7124854,
              37.2719361
            ],
            [
              -76.7125272,
              37.271992
            ],
            [
              -76.7125675,
              37.2720457
            ],
            [
              -76.7123028,
              37.2721712
            ],
            [
              -76.7123078,
              37.2721778
            ],
            [
              -76.7122574,
              37.2722017
            ],
            [
              -76.7121939,
              37.2722319
            ],
            [
              -76.7121894,
              37.2722259
            ],
            [
              -76.7119247,
              37.2723514
            ],
            [
              -76.7118411,
              37.2722398
            ]
          ]
        ]
      }
    },
    {
      "type": "Feature",
      "properties": {
        "id": 41264169,
        "name": "Kappa Alpha Theta",
        "building": "dormitory",
        "start_date": null
      },
      "geometry": {
        "type": "Polygon",
        "coordinates": [
          [
            [
              -76.7089663,
              37.271991
            ],
            [
              -76.7090161,
              37.2720159
            ],
            [
              -76.7090992,
              37.2720584
            ],
            [
              -76.7090144,
              37.272165
            ],
            [
              -76.7089617,
              37.2721382
            ],
            [
              -76.7089766,
              37.2721195
            ],
            [
              -76.7089678,
              37.272115
            ],
            [
              -76.7089272,
              37.2721665
            ],
            [
              -76.7088611,
              37.2721329
            ],
            [
              -76.708902,
              37.2720814
            ],
            [
              -76.7088966,
              37.2720786
            ],
            [
              -76.7089663,
              37.271991
            ]
          ]
        ]
      }
    },
    {
      "type": "Feature",
      "properties": {
        "id": 41264173,
        "name": null,
        "building": "yes",
        "start_date": null
      },
      "geometry": {
        "type": "Polygon",
        "coordinates": [
          [
            [
              -76.7097739,
              37.2693709
            ],
            [
              -76.7097572,
              37.2693396
            ],
            [
              -76.709752,
              37.2693413
            ],
            [
              -76.7097491,
              37.2693358
            ],
            [
              -76.7097213,
              37.2693452
            ],
            [
              -76.7096692,
              37.2692473
            ],
            [
              -76.7097917,
              37.2692056
            ],
            [
              -76.7098005,
              37.269222
            ],
            [
              -76.7098081,
              37.2692195
            ],
            [
              -76.7098618,
              37.2693205
            ],
            [
              -76.7098539,
              37.2693231
            ],
            [
              -76.7098632,
              37.2693406
            ],
            [
              -76.7097739,
              37.2693709
            ]
          ]
        ]
      }
    },
    {
      "type": "Feature",
      "properties": {
        "id": 41264174,
        "name": "Tribe Square",
        "building": "yes",
        "start_date": null
      },
      "geometry": {
        "type": "Polygon",
        "coordinates": [
          [
            [
              -76.7106934,
              37.2732129
            ],
            [
              -76.7107238,
              37.2731649
            ],
            [
              -76.7107164,
              37.2731621
            ],
            [
              -76.7107733,
              37.2730694
            ],
            [
              -76.7107819,
              37.2730728
            ],
            [
              -76.7108137,
              37.2730224
            ],
            [
              -76.710807,
              37.2730198
            ],
            [
              -76.7108495,
              37.2729524
            ],
            [
              -76.7108564,
              37.2729548
            ],
            [
              -76.7108729,
              37.2729288
            ],
            [
              -76.7110419,
              37.2730046
            ],
            [
              -76.7110463,
              37.2729966
            ],
            [
              -76.7111307,
              37.2730339
            ],
            [
              -76.7111251,
              37.2730412
            ],
            [
              -76.7112791,
              37.2731098
            ],
            [
              -76.7112608,
              37.2731349
            ],
            [
              -76.7112666,
              37.2731372
            ],
            [
              -76.7112203,
              37.2732012
            ],
            [
              -76.7112141,
              37.2731987
            ],
            [
              -76.7111823,
              37.2732422
            ],
            [
              -76.71119,
              37.2732457
            ],
            [
              -76.7111258,
              37.2733314
            ],
            [
              -76.711119,
              37.2733286
            ],
            [
              -76.7110828,
              37.2733782
            ],
            [
              -76.7109971,
              37.2733421
            ],
            [
              -76.7110171,
              37.2733121
            ],
            [
              -76.7109648,
              37.2732893
            ],
            [
              -76.7109818,
              37.2732661
            ],
            [
              -76.7109754,
              37.2732632
            ],
            [
              -76.7110388,
              37.2731763
            ],
            [
              -76.7110455,
              37.2731791
            ],
            [
              -76.7110694,
              37.2731464
            ],
            [
              -76.7109464,
              37.2730926
            ],
            [
              -76.7109225,
              37.2731282
            ],
            [
              -76.7109289,
              37.2731309
            ],
            [
              -76.7108686,
              37.2732229
            ],
            [
              -76.7108612,
              37.2732195
            ],
            [
              -76.7108479,
              37.2732394
            ],
            [
              -76.7107958,
              37.2732176
            ],
            [
              -76.7107775,
              37.2732481
            ],
            [
              -76.7106934,
              37.2732129
            ]
          ]
        ]
      }
    },
    {
      "type": "Feature",
      "properties": {
        "id": 51995857,
        "name": null,
        "building": "yes",
        "start_date": null
      },
      "geometry": {
        "type": "Polygon",
        "coordinates": [
          [
            [
              -76.7124441,
              37.2739539
            ],
            [
              -76.7123469,
              37.2740985
            ],
            [
              -76.7122874,
              37.2741757
            ],
            [
              -76.7123527,
              37.2742076
            ],
            [
              -76.712336,
              37.2742288
            ],
            [
              -76.712437,
              37.2742727
            ],
            [
              -76.7127194,
              37.2739713
            ],
            [
              -76.7124441,
              37.2739539
            ]
          ]
        ]
      }
    },
    {
      "type": "Feature",
      "properties": {
        "id": 83285384,
        "name": "Hardy Hall",
        "building": "dormitory",
        "start_date": null
      },
      "geometry": {
        "type": "Polygon",
        "coordinates": [
          [
            [
              -76.7131814,
              37.2694509
            ],
            [
              -76.7131673,
              37.2694321
            ],
            [
              -76.7132184,
              37.2694076
            ],
            [
              -76.7132325,
              37.2694265
            ],
            [
              -76.7132295,
              37.2694274
            ],
            [
              -76.7132261,
              37.2694286
            ],
            [
              -76.7132281,
              37.2694321
            ],
            [
              -76.7132314,
              37.269431
            ],
            [
              -76.7132698,
              37.2694224
            ],
            [
              -76.7133004,
              37.2694208
            ],
            [
              -76.713301,
              37.2693989
            ],
            [
              -76.7132918,
              37.2693987
            ],
            [
              -76.7132919,
              37.2693923
            ],
            [
              -76.7133012,
              37.2693897
            ],
            [
              -76.7133037,
              37.2692825
            ],
            [
              -76.7132983,
              37.2692824
            ],
            [
              -76.7132983,
              37.2692761
            ],
            [
              -76.7133039,
              37.2692762
            ],
            [
              -76.7133044,
              37.2692542
            ],
            [
              -76.7132989,
              37.2692542
            ],
            [
              -76.7132993,
              37.2692377
            ],
            [
              -76.7133048,
              37.2692378
            ],
            [
              -76.7133048,
              37.269235
            ],
            [
              -76.713304,
              37.269235
            ],
            [
              -76.7133044,
              37.2692185
            ],
            [
              -76.7133052,
              37.2692185
            ],
            [
              -76.7133053,
              37.2692158
            ],
            [
              -76.7132998,
              37.2692157
            ],
            [
              -76.7133002,
              37.2691992
            ],
            [
              -76.7133057,
              37.2691993
            ],
            [
              -76.7133062,
              37.2691773
            ],
            [
              -76.7133008,
              37.2691773
            ],
            [
              -76.7133011,
              37.2691608
            ],
            [
              -76.7133066,
              37.2691609
            ],
            [
              -76.7133067,
              37.2691581
            ],
            [
              -76.7133058,
              37.2691581
            ],
            [
              -76.7133062,
              37.2691416
            ],
            [
              -76.713307,
              37.2691416
            ],
            [
              -76.7133071,
              37.2691389
            ],
            [
              -76.7133017,
              37.2691388
            ],
            [
              -76.7133021,
              37.2691223
            ],
            [
              -76.7133075,
              37.2691224
            ],
            [
              -76.7133076,
              37.2691197
            ],
            [
              -76.7133067,
              37.2691197
            ],
            [
              -76.7133071,
              37.2691032
            ],
            [
              -76.713308,
              37.2691032
            ],
            [
              -76.713308,
              37.2691005
            ],
            [
              -76.7133026,
              37.2691004
            ],
            [
              -76.713303,
              37.2690839
            ],
            [
              -76.7133084,
              37.269084
            ],
            [
              -76.7133089,
              37.2690648
            ],
            [
              -76.7133089,
              37.269062
            ],
            [
              -76.7133035,
              37.2690619
            ],
            [
              -76.7133039,
              37.2690455
            ],
            [
              -76.7133093,
              37.2690455
            ],
            [
              -76.7133094,
              37.2690428
            ],
            [
              -76.7133085,
              37.2690428
            ],
            [
              -76.7133089,
              37.2690263
            ],
            [
              -76.7133098,
              37.2690263
            ],
            [
              -76.7133098,
              37.2690236
            ],
            [
              -76.7133044,
              37.2690235
            ],
            [
              -76.7133048,
              37.269007
            ],
            [
              -76.7133102,
              37.2690071
            ],
            [
              -76.7133103,
              37.2690043
            ],
            [
              -76.7133049,
              37.2690043
            ],
            [
              -76.7133051,
              37.2689934
            ],
            [
              -76.713275,
              37.2689929
            ],
            [
              -76.7132759,
              37.2689571
            ],
            [
              -76.7131293,
              37.2689549
            ],
            [
              -76.7131259,
              37.2690979
            ],
            [
              -76.7130881,
              37.2690974
            ],
            [
              -76.7130861,
              37.2691822
            ],
            [
              -76.7131239,
              37.2691827
            ],
            [
              -76.7131223,
              37.2692496
            ],
            [
              -76.7131372,
              37.2692499
            ],
            [
              -76.7131362,
              37.2692904
            ],
            [
              -76.7130767,
              37.2693189
            ],
            [
              -76.7130092,
              37.2692912
            ],
            [
              -76.713016,
              37.2692806
            ],
            [
              -76.7126875,
              37.2691464
            ],
            [
              -76.7126046,
              37.269276
            ],
            [
              -76.7131084,
              37.2694819
            ],
            [
              -76.7131157,
              37.2694767
            ],
            [
              -76.7131228,
              37.2694796
            ],
            [
              -76.7131186,
              37.2694861
            ],
            [
              -76.7131431,
              37.2694961
            ],
            [
              -76.7131444,
              37.2694942
            ],
            [
              -76.7131669,
              37.2694679
            ],
            [
              -76.7131897,
              37.2694505
            ],
            [
              -76.7131867,
              37.2694474
            ],
            [
              -76.7131814,
              37.2694509
            ]
          ]
        ]
      }
    },
    {
      "type": "Feature",
      "properties": {
        "id": 150209375,
        "name": "Cohen Career Center",
        "building": "yes",
        "start_date": null
      },
      "geometry": {
        "type": "Polygon",
        "coordinates": [
          [
            [
              -76.7139164,
              37.2719834
            ],
            [
              -76.713916,
              37.2719527
            ],
            [
              -76.7139066,
              37.2719526
            ],
            [
              -76.7139065,
              37.2719336
            ],
            [
              -76.7139162,
              37.2719334
            ],
            [
              -76.713916,
              37.2718981
            ],
            [
              -76.7137997,
              37.2718966
            ],
            [
              -76.7137444,
              37.2718959
            ],
            [
              -76.7137447,
              37.2719013
            ],
            [
              -76.7137207,
              37.2719011
            ],
            [
              -76.7137206,
              37.2718875
            ],
            [
              -76.7136786,
              37.2718877
            ],
            [
              -76.7135823,
              37.2718883
            ],
            [
              -76.7135838,
              37.2719896
            ],
            [
              -76.7136005,
              37.2719899
            ],
            [
              -76.7136007,
              37.2720118
            ],
            [
              -76.7135969,
              37.2720117
            ],
            [
              -76.7135934,
              37.2721623
            ],
            [
              -76.7136007,
              37.2721621
            ],
            [
              -76.7136018,
              37.2721802
            ],
            [
              -76.7135904,
              37.2721802
            ],
            [
              -76.7135912,
              37.2722475
            ],
            [
              -76.7136644,
              37.272248
            ],
            [
              -76.7136802,
              37.2722481
            ],
            [
              -76.7136795,
              37.2721803
            ],
            [
              -76.7136688,
              37.2721803
            ],
            [
              -76.7136688,
              37.2721625
            ],
            [
              -76.7137068,
              37.2721625
            ],
            [
              -76.7137068,
              37.2721577
            ],
            [
              -76.7137142,
              37.2721576
            ],
            [
              -76.7137138,
              37.272108
            ],
            [
              -76.713798,
              37.2721081
            ],
            [
              -76.7137983,
              37.2719836
            ],
            [
              -76.7139164,
              37.2719834
            ]
          ]
        ]
      }
    },
    {
      "type": "Feature",
      "properties": {
        "id": 197463304,
        "name": null,
        "building": "yes",
        "start_date": null
      },
      "geometry": {
        "type": "Polygon",
        "coordinates": [
          [
            [
              -76.70711,
              37.2717506
            ],
            [
              -76.7069988,
              37.2717569
            ],
            [
              -76.7069892,
              37.2716502
            ],
            [
              -76.7071005,
              37.2716439
            ],
            [
              -76.70711,
              37.2717506
            ]
          ]
        ]
      }
    },
    {
      "type": "Feature",
      "properties": {
        "id": 197463646,
        "name": null,
        "building": "yes",
        "start_date": null
      },
      "geometry": {
        "type": "Polygon",
        "coordinates": [
          [
            [
              -76.7074347,
              37.2715636
            ],
            [
              -76.7069907,
              37.2715875
            ],
            [
              -76.7069721,
              37.2713684
            ],
            [
              -76.7071715,
              37.2713576
            ],
            [
              -76.707167,
              37.2713047
            ],
            [
              -76.7070629,
              37.2713103
            ],
            [
              -76.7070578,
              37.27125
            ],
            [
              -76.7069295,
              37.2712569
            ],
            [
              -76.7069172,
              37.2711114
            ],
            [
              -76.7069125,
              37.2710564
            ],
            [
              -76.7073894,
              37.2710308
            ],
            [
              -76.7074347,
              37.2715636
            ]
          ]
        ]
      }
    },
    {
      "type": "Feature",
      "properties": {
        "id": 197463650,
        "name": null,
        "building": "yes",
        "start_date": null
      },
      "geometry": {
        "type": "Polygon",
        "coordinates": [
          [
            [
              -76.7068802,
              37.271289
            ],
            [
              -76.7064346,
              37.2713077
            ],
            [
              -76.7064174,
              37.2713085
            ],
            [
              -76.7064089,
              37.2713089
            ],
            [
              -76.7064173,
              37.2714363
            ],
            [
              -76.7064207,
              37.2714869
            ],
            [
              -76.7063847,
              37.2714884
            ],
            [
              -76.7063902,
              37.2715704
            ],
            [
              -76.7063532,
              37.271572
            ],
            [
              -76.7063592,
              37.2716611
            ],
            [
              -76.7062683,
              37.2716649
            ],
            [
              -76.7062666,
              37.2716385
            ],
            [
              -76.706073,
              37.2716466
            ],
            [
              -76.7060749,
              37.271675
            ],
            [
              -76.7059708,
              37.2716794
            ],
            [
              -76.7059354,
              37.2711467
            ],
            [
              -76.7060647,
              37.2711413
            ],
            [
              -76.7060628,
              37.2711129
            ],
            [
              -76.7061771,
              37.2711081
            ],
            [
              -76.7061849,
              37.2712264
            ],
            [
              -76.7063872,
              37.2712178
            ],
            [
              -76.7063817,
              37.2711349
            ],
            [
              -76.706402,
              37.271134
            ],
            [
              -76.7068686,
              37.2711144
            ],
            [
              -76.7068802,
              37.271289
            ]
          ]
        ]
      }
    },
    {
      "type": "Feature",
      "properties": {
        "id": 207330900,
        "name": null,
        "building": "yes",
        "start_date": null
      },
      "geometry": {
        "type": "Polygon",
        "coordinates": [
          [
            [
              -76.7122888,
              37.273568
            ],
            [
              -76.7121788,
              37.2737094
            ],
            [
              -76.7120424,
              37.2736476
            ],
            [
              -76.71216,
              37.2735013
            ],
            [
              -76.7122888,
              37.273568
            ]
          ]
        ]
      }
    },
    {
      "type": "Feature",
      "properties": {
        "id": 207330901,
        "name": "Wawa",
        "building": "commercial",
        "start_date": null
      },
      "geometry": {
        "type": "Polygon",
        "coordinates": [
          [
            [
              -76.7117908,
              37.2733553
            ],
            [
              -76.7117079,
              37.2734696
            ],
            [
              -76.7114837,
              37.2733666
            ],
            [
              -76.7115675,
              37.273251
            ],
            [
              -76.7116439,
              37.2732861
            ],
            [
              -76.7116494,
              37.2732785
            ],
            [
              -76.7116546,
              37.2732713
            ],
            [
              -76.7117258,
              37.273304
            ],
            [
              -76.7117208,
              37.2733109
            ],
            [
              -76.7117142,
              37.2733201
            ],
            [
              -76.7117908,
              37.2733553
            ]
          ]
        ]
      }
    },
    {
      "type": "Feature",
      "properties": {
        "id": 218520101,
        "name": "City of Williamsburg Police Department",
        "building": "yes",
        "start_date": null
      },
      "geometry": {
        "type": "Polygon",
        "coordinates": [
          [
            [
              -76.7088555,
              37.275372
            ],
            [
              -76.7088267,
              37.2753741
            ],
            [
              -76.7088233,
              37.2753446
            ],
            [
              -76.70847,
              37.2753704
            ],
            [
              -76.7084632,
              37.2753115
            ],
            [
              -76.7085059,
              37.2753084
            ],
            [
              -76.7085305,
              37.2753066
            ],
            [
              -76.708599,
              37.2753015
            ],
            [
              -76.7085932,
              37.2752527
            ],
            [
              -76.708527,
              37.2752577
            ],
            [
              -76.7085183,
              37.2751843
            ],
            [
              -76.7085111,
              37.2751224
            ],
            [
              -76.7088019,
              37.2751011
            ],
            [
              -76.708807,
              37.2751446
            ],
            [
              -76.7087512,
              37.2751487
            ],
            [
              -76.7087702,
              37.2753131
            ],
            [
              -76.708848,
              37.2753074
            ],
            [
              -76.7088555,
              37.275372
            ]
          ]
        ]
      }
    },
    {
      "type": "Feature",
      "properties": {
        "id": 218521197,
        "name": "First Baptist Church",
        "building": "church",
        "start_date": null
      },
      "geometry": {
        "type": "Polygon",
        "coordinates": [
          [
            [
              -76.7110848,
              37.2742636
            ],
            [
              -76.7109248,
              37.2742514
            ],
            [
              -76.7109222,
              37.2742734
            ],
            [
              -76.7108603,
              37.2742687
            ],
            [
              -76.7108576,
              37.2742916
            ],
            [
              -76.7108215,
              37.2742889
            ],
            [
              -76.7108159,
              37.2743353
            ],
            [
              -76.7107814,
              37.2743327
            ],
            [
              -76.7108049,
              37.2741388
            ],
            [
              -76.710811,
              37.2741313
            ],
            [
              -76.7109569,
              37.2741424
            ],
            [
              -76.7109801,
              37.2739492
            ],
            [
              -76.7110527,
              37.2739548
            ],
            [
              -76.7111214,
              37.27396
            ],
            [
              -76.7110848,
              37.2742636
            ]
          ]
        ]
      }
    },
    {
      "type": "Feature",
      "properties": {
        "id": 218521355,
        "name": "Williamsburg Regional Library",
        "building": "civic",
        "start_date": null
      },
      "geometry": {
        "type": "Polygon",
        "coordinates": [
          [
            [
              -76.7087799,
              37.2742353
            ],
            [
              -76.7085623,
              37.2742474
            ],
            [
              -76.7085464,
              37.2740662
            ],
            [
              -76.708397,
              37.2739752
            ],
            [
              -76.7083937,
              37.2739407
            ],
            [
              -76.7082348,
              37.2739502
            ],
            [
              -76.708243,
              37.2740365
            ],
            [
              -76.7081093,
              37.2740445
            ],
            [
              -76.7079954,
              37.2740514
            ],
            [
              -76.7079767,
              37.2740216
            ],
            [
              -76.7078883,
              37.2740277
            ],
            [
              -76.7078473,
              37.273651
            ],
            [
              -76.7080627,
              37.2736361
            ],
            [
              -76.7080721,
              37.273722
            ],
            [
              -76.708422,
              37.2736979
            ],
            [
              -76.7084191,
              37.2736708
            ],
            [
              -76.7085861,
              37.2736593
            ],
            [
              -76.7086398,
              37.2737002
            ],
            [
              -76.7086989,
              37.2737014
            ],
            [
              -76.7086974,
              37.2737494
            ],
            [
              -76.7087498,
              37.2737504
            ],
            [
              -76.708748,
              37.2738075
            ],
            [
              -76.7086998,
              37.2738289
            ],
            [
              -76.7087229,
              37.2740385
            ],
            [
              -76.7088013,
              37.274033
            ],
            [
              -76.7088187,
              37.2741913
            ],
            [
              -76.7087799,
              37.2742353
            ]
          ]
        ]
      }
    },
    {
      "type": "Feature",
      "properties": {
        "id": 227409822,
        "name": "One Tribe Place",
        "building": "dormitory",
        "start_date": "1973"
      },
      "geometry": {
        "type": "Polygon",
        "coordinates": [
          [
            [
              -76.7134168,
              37.2745831
            ],
            [
              -76.7132591,
              37.2746784
            ],
            [
              -76.7132504,
              37.2746666
            ],
            [
              -76.7129765,
              37.274824
            ],
            [
              -76.7129835,
              37.2748341
            ],
            [
              -76.7128224,
              37.2749263
            ],
            [
              -76.7128143,
              37.2749179
            ],
            [
              -76.7126552,
              37.2750068
            ],
            [
              -76.7126487,
              37.2749993
            ],
            [
              -76.7126639,
              37.2749904
            ],
            [
              -76.7126563,
              37.2749824
            ],
            [
              -76.7126063,
              37.2750107
            ],
            [
              -76.7126002,
              37.2750052
            ],
            [
              -76.71253,
              37.275043
            ],
            [
              -76.7125236,
              37.2750356
            ],
            [
              -76.7124879,
              37.2750555
            ],
            [
              -76.7124822,
              37.2750491
            ],
            [
              -76.7123848,
              37.2751032
            ],
            [
              -76.7123612,
              37.2750753
            ],
            [
              -76.7123495,
              37.2750803
            ],
            [
              -76.7121158,
              37.2748196
            ],
            [
              -76.7121527,
              37.2747994
            ],
            [
              -76.7121365,
              37.2747805
            ],
            [
              -76.7121281,
              37.2747845
            ],
            [
              -76.7121195,
              37.2747761
            ],
            [
              -76.71213,
              37.2747698
            ],
            [
              -76.7121159,
              37.2747521
            ],
            [
              -76.712215,
              37.2746917
            ],
            [
              -76.7121993,
              37.2746741
            ],
            [
              -76.712281,
              37.2746271
            ],
            [
              -76.712276,
              37.2746175
            ],
            [
              -76.7122877,
              37.2746112
            ],
            [
              -76.7122755,
              37.274598
            ],
            [
              -76.7125406,
              37.2743178
            ],
            [
              -76.7126058,
              37.274369
            ],
            [
              -76.7127005,
              37.274314
            ],
            [
              -76.7126877,
              37.2743
            ],
            [
              -76.7128386,
              37.2742121
            ],
            [
              -76.7128428,
              37.2742165
            ],
            [
              -76.7128507,
              37.2742119
            ],
            [
              -76.7128043,
              37.2741577
            ],
            [
              -76.7128359,
              37.2741205
            ],
            [
              -76.7129693,
              37.2741252
            ],
            [
              -76.7129784,
              37.2741344
            ],
            [
              -76.7129852,
              37.2741312
            ],
            [
              -76.7129986,
              37.2741471
            ],
            [
              -76.7130083,
              37.2741457
            ],
            [
              -76.713036,
              37.2741484
            ],
            [
              -76.7132113,
              37.2743399
            ],
            [
              -76.7131736,
              37.2743594
            ],
            [
              -76.7132608,
              37.2744565
            ],
            [
              -76.7133006,
              37.2744357
            ],
            [
              -76.71337,
              37.2745151
            ],
            [
              -76.7133595,
              37.2745195
            ],
            [
              -76.7134168,
              37.2745831
            ]
          ]
        ]
      }
    },
    {
      "type": "Feature",
      "properties": {
        "id": 227419224,
        "name": "Global Research Institute",
        "building": "university",
        "start_date": "1898"
      },
      "geometry": {
        "type": "Polygon",
        "coordinates": [
          [
            [
              -76.7070211,
              37.2738929
            ],
            [
              -76.7070218,
              37.2739044
            ],
            [
              -76.7069726,
              37.2739063
            ],
            [
              -76.7069697,
              37.2738581
            ],
            [
              -76.7069841,
              37.2738575
            ],
            [
              -76.7069791,
              37.2737725
            ],
            [
              -76.7069877,
              37.2737722
            ],
            [
              -76.7069814,
              37.2736668
            ],
            [
              -76.7070134,
              37.2736656
            ],
            [
              -76.7070131,
              37.2736612
            ],
            [
              -76.70702,
              37.273661
            ],
            [
              -76.7070195,
              37.2736536
            ],
            [
              -76.7070456,
              37.2736526
            ],
            [
              -76.7070461,
              37.27366
            ],
            [
              -76.7070986,
              37.273658
            ],
            [
              -76.7071002,
              37.2736854
            ],
            [
              -76.7071051,
              37.2737677
            ],
            [
              -76.7071137,
              37.2737674
            ],
            [
              -76.7071163,
              37.2738124
            ],
            [
              -76.7071495,
              37.2738112
            ],
            [
              -76.7071502,
              37.2738238
            ],
            [
              -76.7071318,
              37.2738245
            ],
            [
              -76.7071353,
              37.2738821
            ],
            [
              -76.7071205,
              37.2738826
            ],
            [
              -76.7071006,
              37.2738834
            ],
            [
              -76.7070924,
              37.2738906
            ],
            [
              -76.7070704,
              37.2738914
            ],
            [
              -76.7070614,
              37.2738849
            ],
            [
              -76.7070525,
              37.2738852
            ],
            [
              -76.7070482,
              37.2738854
            ],
            [
              -76.7070486,
              37.2738918
            ],
            [
              -76.7070211,
              37.2738929
            ]
          ]
        ]
      }
    },
    {
      "type": "Feature",
      "properties": {
        "id": 227420821,
        "name": "Goodwin Building",
        "building": "yes",
        "start_date": null
      },
      "geometry": {
        "type": "Polygon",
        "coordinates": [
          [
            [
              -76.705952,
              37.2717768
            ],
            [
              -76.7063565,
              37.2717589
            ],
            [
              -76.7063642,
              37.2718687
            ],
            [
              -76.7062834,
              37.2718723
            ],
            [
              -76.7062926,
              37.2720043
            ],
            [
              -76.7063737,
              37.2720007
            ],
            [
              -76.7063817,
              37.2721158
            ],
            [
              -76.7059802,
              37.2721335
            ],
            [
              -76.7059721,
              37.2720165
            ],
            [
              -76.7061385,
              37.2720092
            ],
            [
              -76.7061295,
              37.2718798
            ],
            [
              -76.7059597,
              37.2718873
            ],
            [
              -76.705952,
              37.2717768
            ]
          ]
        ]
      }
    },
    {
      "type": "Feature",
      "properties": {
        "id": 227423379,
        "name": "Code Review Trailer",
        "building": "yes",
        "start_date": null
      },
      "geometry": {
        "type": "Polygon",
        "coordinates": [
          [
            [
              -76.7092037,
              37.2682987
            ],
            [
              -76.709288,
              37.2682904
            ],
            [
              -76.7093116,
              37.2684583
            ],
            [
              -76.7092274,
              37.2684659
            ],
            [
              -76.7092037,
              37.2682987
            ]
          ]
        ]
      }
    },
    {
      "type": "Feature",
      "properties": {
        "id": 227423380,
        "name": "Fire Safety Trailer",
        "building": "yes",
        "start_date": null
      },
      "geometry": {
        "type": "Polygon",
        "coordinates": [
          [
            [
              -76.7092286,
              37.2684741
            ],
            [
              -76.7093129,
              37.2684658
            ],
            [
              -76.7093397,
              37.2686311
            ],
            [
              -76.7092555,
              37.2686388
            ],
            [
              -76.7092286,
              37.2684741
            ]
          ]
        ]
      }
    },
    {
      "type": "Feature",
      "properties": {
        "id": 227423381,
        "name": "Facilities Management Annex",
        "building": "yes",
        "start_date": "1930"
      },
      "geometry": {
        "type": "Polygon",
        "coordinates": [
          [
            [
              -76.7091628,
              37.2677457
            ],
            [
              -76.7092031,
              37.2677386
            ],
            [
              -76.7092284,
              37.2678569
            ],
            [
              -76.7091882,
              37.2678634
            ],
            [
              -76.7091628,
              37.2677457
            ]
          ]
        ]
      }
    },
    {
      "type": "Feature",
      "properties": {
        "id": 227433411,
        "name": null,
        "building": "yes",
        "start_date": "1925"
      },
      "geometry": {
        "type": "Polygon",
        "coordinates": [
          [
            [
              -76.7102888,
              37.2689552
            ],
            [
              -76.710301,
              37.2689782
            ],
            [
              -76.7103633,
              37.2689573
            ],
            [
              -76.710388,
              37.2690043
            ],
            [
              -76.710381,
              37.2690067
            ],
            [
              -76.7103903,
              37.2690244
            ],
            [
              -76.7104216,
              37.2690139
            ],
            [
              -76.7104592,
              37.2690855
            ],
            [
              -76.7103527,
              37.2691213
            ],
            [
              -76.7103134,
              37.2690489
            ],
            [
              -76.7103574,
              37.2690345
            ],
            [
              -76.7103487,
              37.2690178
            ],
            [
              -76.7103108,
              37.2690305
            ],
            [
              -76.7102933,
              37.2689988
            ],
            [
              -76.7102465,
              37.2690145
            ],
            [
              -76.7102262,
              37.2689757
            ],
            [
              -76.7102888,
              37.2689552
            ]
          ]
        ]
      }
    },
    {
      "type": "Feature",
      "properties": {
        "id": 229732126,
        "name": "Prince George Parking Garage",
        "building": "garage",
        "start_date": null
      },
      "geometry": {
        "type": "Polygon",
        "coordinates": [
          [
            [
              -76.7071711,
              37.2725606
            ],
            [
              -76.706481,
              37.2725953
            ],
            [
              -76.7063812,
              37.2726003
            ],
            [
              -76.7064183,
              37.2730539
            ],
            [
              -76.7064221,
              37.2731164
            ],
            [
              -76.7072132,
              37.2730747
            ],
            [
              -76.7071711,
              37.2725606
            ]
          ]
        ]
      }
    },
    {
      "type": "Feature",
      "properties": {
        "id": 296928552,
        "name": null,
        "building": "house",
        "start_date": "1980"
      },
      "geometry": {
        "type": "Polygon",
        "coordinates": [
          [
            [
              -76.7089007,
              37.2666033
            ],
            [
              -76.708896,
              37.2665299
            ],
            [
              -76.7088914,
              37.2665301
            ],
            [
              -76.7088497,
              37.2665319
            ],
            [
              -76.7088462,
              37.2664785
            ],
            [
              -76.7088879,
              37.2664768
            ],
            [
              -76.7088907,
              37.26652
            ],
            [
              -76.7088986,
              37.2665197
            ],
            [
              -76.7088958,
              37.2664757
            ],
            [
              -76.7089506,
              37.2664734
            ],
            [
              -76.7089518,
              37.2664916
            ],
            [
              -76.7090305,
              37.2664883
            ],
            [
              -76.7090376,
              37.2665976
            ],
            [
              -76.7089007,
              37.2666033
            ]
          ]
        ]
      }
    },
    {
      "type": "Feature",
      "properties": {
        "id": 296928553,
        "name": null,
        "building": "garage",
        "start_date": "1980"
      },
      "geometry": {
        "type": "Polygon",
        "coordinates": [
          [
            [
              -76.7088453,
              37.2664182
            ],
            [
              -76.7088876,
              37.2664169
            ],
            [
              -76.7088895,
              37.2664589
            ],
            [
              -76.7088473,
              37.2664602
            ],
            [
              -76.7088453,
              37.2664182
            ]
          ]
        ]
      }
    },
    {
      "type": "Feature",
      "properties": {
        "id": 296928562,
        "name": null,
        "building": "apartments",
        "start_date": "1950"
      },
      "geometry": {
        "type": "Polygon",
        "coordinates": [
          [
            [
              -76.7074315,
              37.2680062
            ],
            [
              -76.7074314,
              37.2679606
            ],
            [
              -76.7074009,
              37.267961
            ],
            [
              -76.7074002,
              37.2679247
            ],
            [
              -76.7075134,
              37.267922
            ],
            [
              -76.7075144,
              37.2679794
            ],
            [
              -76.7075386,
              37.2679791
            ],
            [
              -76.707539,
              37.2680032
            ],
            [
              -76.7075141,
              37.2680035
            ],
            [
              -76.7075141,
              37.2680053
            ],
            [
              -76.7074315,
              37.2680062
            ]
          ]
        ]
      }
    },
    {
      "type": "Feature",
      "properties": {
        "id": 296928563,
        "name": null,
        "building": "house",
        "start_date": "1925"
      },
      "geometry": {
        "type": "Polygon",
        "coordinates": [
          [
            [
              -76.7106385,
              37.2683341
            ],
            [
              -76.7105724,
              37.2682329
            ],
            [
              -76.7106438,
              37.2682032
            ],
            [
              -76.7106566,
              37.2682227
            ],
            [
              -76.7107135,
              37.268199
            ],
            [
              -76.7107388,
              37.2682378
            ],
            [
              -76.7107726,
              37.2682237
            ],
            [
              -76.7108005,
              37.2682666
            ],
            [
              -76.7106385,
              37.2683341
            ]
          ]
        ]
      }
    },
    {
      "type": "Feature",
      "properties": {
        "id": 296928565,
        "name": "Baptist Student Center",
        "building": "church",
        "start_date": "1993"
      },
      "geometry": {
        "type": "Polygon",
        "coordinates": [
          [
            [
              -76.7074947,
              37.2683146
            ],
            [
              -76.7074945,
              37.2683078
            ],
            [
              -76.7074231,
              37.2683089
            ],
            [
              -76.707423,
              37.2683052
            ],
            [
              -76.707399,
              37.2683055
            ],
            [
              -76.7073976,
              37.2682659
            ],
            [
              -76.7074213,
              37.268266
            ],
            [
              -76.7074197,
              37.268237
            ],
            [
              -76.7074023,
              37.2682374
            ],
            [
              -76.7074006,
              37.268193
            ],
            [
              -76.707655,
              37.2681872
            ],
            [
              -76.7076553,
              37.268199
            ],
            [
              -76.7077144,
              37.2681981
            ],
            [
              -76.7077157,
              37.2682497
            ],
            [
              -76.7076565,
              37.2682504
            ],
            [
              -76.7076468,
              37.2682505
            ],
            [
              -76.7076481,
              37.2683039
            ],
            [
              -76.7075991,
              37.2683046
            ],
            [
              -76.7075993,
              37.268313
            ],
            [
              -76.7074947,
              37.2683146
            ]
          ]
        ]
      }
    },
    {
      "type": "Feature",
      "properties": {
        "id": 296928566,
        "name": null,
        "building": "house",
        "start_date": "1994"
      },
      "geometry": {
        "type": "Polygon",
        "coordinates": [
          [
            [
              -76.7093367,
              37.2664848
            ],
            [
              -76.7093143,
              37.26632
            ],
            [
              -76.7093701,
              37.2663156
            ],
            [
              -76.709372,
              37.2663275
            ],
            [
              -76.7093952,
              37.2663254
            ],
            [
              -76.7094062,
              37.266396
            ],
            [
              -76.7093805,
              37.2663982
            ],
            [
              -76.7093883,
              37.266456
            ],
            [
              -76.7093743,
              37.2664572
            ],
            [
              -76.7093757,
              37.2664674
            ],
            [
              -76.7093668,
              37.2664773
            ],
            [
              -76.7093675,
              37.2664824
            ],
            [
              -76.7093367,
              37.2664848
            ]
          ]
        ]
      }
    },
    {
      "type": "Feature",
      "properties": {
        "id": 296928573,
        "name": "Berret's Restaurant & Taphouse Grill",
        "building": "commercial",
        "start_date": "1950"
      },
      "geometry": {
        "type": "Polygon",
        "coordinates": [
          [
            [
              -76.7069047,
              37.2699816
            ],
            [
              -76.7068985,
              37.2699118
            ],
            [
              -76.7068626,
              37.2699139
            ],
            [
              -76.7068487,
              37.2697577
            ],
            [
              -76.7068994,
              37.2697548
            ],
            [
              -76.7068962,
              37.2697188
            ],
            [
              -76.7069826,
              37.2697139
            ],
            [
              -76.7069866,
              37.2697583
            ],
            [
              -76.7070598,
              37.2697542
            ],
            [
              -76.70707,
              37.2698683
            ],
            [
              -76.7070326,
              37.2698705
            ],
            [
              -76.7070383,
              37.2699346
            ],
            [
              -76.707031,
              37.269935
            ],
            [
              -76.7070345,
              37.2699742
            ],
            [
              -76.7069047,
              37.2699816
            ]
          ]
        ]
      }
    },
    {
      "type": "Feature",
      "properties": {
        "id": 296928583,
        "name": "Bush Condominium",
        "building": "apartments",
        "start_date": "1990"
      },
      "geometry": {
        "type": "Polygon",
        "coordinates": [
          [
            [
              -76.7060487,
              37.2658487
            ],
            [
              -76.7062162,
              37.2658474
            ],
            [
              -76.7062497,
              37.2658472
            ],
            [
              -76.7062503,
              37.2659007
            ],
            [
              -76.7061687,
              37.2659013
            ],
            [
              -76.7060097,
              37.2660035
            ],
            [
              -76.7061713,
              37.2661155
            ],
            [
              -76.7060029,
              37.2661168
            ],
            [
              -76.7060018,
              37.2660221
            ],
            [
              -76.705964,
              37.2660223
            ],
            [
              -76.7059637,
              37.2660034
            ],
            [
              -76.7059635,
              37.2659866
            ],
            [
              -76.7060091,
              37.2659863
            ],
            [
              -76.7060081,
              37.2659027
            ],
            [
              -76.7060046,
              37.2659026
            ],
            [
              -76.706004,
              37.265849
            ],
            [
              -76.7060487,
              37.2658487
            ]
          ]
        ]
      }
    },
    {
      "type": "Feature",
      "properties": {
        "id": 296928584,
        "name": "Bush Condominium",
        "building": "apartments",
        "start_date": "1990"
      },
      "geometry": {
        "type": "Polygon",
        "coordinates": [
          [
            [
              -76.7060097,
              37.2660035
            ],
            [
              -76.7061687,
              37.2659013
            ],
            [
              -76.7061698,
              37.265992
            ],
            [
              -76.7062145,
              37.2659916
            ],
            [
              -76.7062146,
              37.266004
            ],
            [
              -76.7060097,
              37.2660035
            ]
          ]
        ]
      }
    },
    {
      "type": "Feature",
      "properties": {
        "id": 296928585,
        "name": "C & P Swiiching Station",
        "building": "yes",
        "start_date": "1950"
      },
      "geometry": {
        "type": "Polygon",
        "coordinates": [
          [
            [
              -76.7061111,
              37.2678684
            ],
            [
              -76.7061026,
              37.2677569
            ],
            [
              -76.7060289,
              37.2677605
            ],
            [
              -76.7060113,
              37.2675302
            ],
            [
              -76.7064495,
              37.2675089
            ],
            [
              -76.7064755,
              37.2678507
            ],
            [
              -76.7061111,
              37.2678684
            ]
          ]
        ]
      }
    },
    {
      "type": "Feature",
      "properties": {
        "id": 296928590,
        "name": null,
        "building": "garage",
        "start_date": "1928"
      },
      "geometry": {
        "type": "Polygon",
        "coordinates": [
          [
            [
              -76.7116971,
              37.2682927
            ],
            [
              -76.7117741,
              37.2682623
            ],
            [
              -76.7117958,
              37.2682975
            ],
            [
              -76.7117189,
              37.2683279
            ],
            [
              -76.7116971,
              37.2682927
            ]
          ]
        ]
      }
    },
    {
      "type": "Feature",
      "properties": {
        "id": 296928591,
        "name": null,
        "building": "house",
        "start_date": "1928"
      },
      "geometry": {
        "type": "Polygon",
        "coordinates": [
          [
            [
              -76.7116012,
              37.2682966
            ],
            [
              -76.7115761,
              37.268258
            ],
            [
              -76.711599,
              37.2682485
            ],
            [
              -76.7115941,
              37.2682409
            ],
            [
              -76.7117217,
              37.2681879
            ],
            [
              -76.7117568,
              37.2682418
            ],
            [
              -76.7117268,
              37.2682543
            ],
            [
              -76.7117321,
              37.2682624
            ],
            [
              -76.7116723,
              37.2682872
            ],
            [
              -76.7116679,
              37.2682805
            ],
            [
              -76.7116319,
              37.2682954
            ],
            [
              -76.711626,
              37.2682863
            ],
            [
              -76.7116012,
              37.2682966
            ]
          ]
        ]
      }
    },
    {
      "type": "Feature",
      "properties": {
        "id": 296928592,
        "name": null,
        "building": "yes",
        "start_date": "1750"
      },
      "geometry": {
        "type": "Polygon",
        "coordinates": [
          [
            [
              -76.7098715,
              37.266763
            ],
            [
              -76.7099237,
              37.26674
            ],
            [
              -76.7099482,
              37.2667755
            ],
            [
              -76.709896,
              37.2667985
            ],
            [
              -76.7098715,
              37.266763
            ]
          ]
        ]
      }
    },
    {
      "type": "Feature",
      "properties": {
        "id": 296928593,
        "name": "Cedar Ridge",
        "building": "house",
        "start_date": "1750"
      },
      "geometry": {
        "type": "Polygon",
        "coordinates": [
          [
            [
              -76.7099036,
              37.2667047
            ],
            [
              -76.7098869,
              37.2666825
            ],
            [
              -76.7098576,
              37.2666966
            ],
            [
              -76.709798,
              37.2666175
            ],
            [
              -76.7099584,
              37.2665404
            ],
            [
              -76.7100201,
              37.2666224
            ],
            [
              -76.7099368,
              37.2666624
            ],
            [
              -76.7099514,
              37.2666817
            ],
            [
              -76.7099036,
              37.2667047
            ]
          ]
        ]
      }
    },
    {
      "type": "Feature",
      "properties": {
        "id": 296928594,
        "name": null,
        "building": "house",
        "start_date": "1939"
      },
      "geometry": {
        "type": "Polygon",
        "coordinates": [
          [
            [
              -76.709736,
              37.2670947
            ],
            [
              -76.7098188,
              37.2670621
            ],
            [
              -76.7098318,
              37.2670832
            ],
            [
              -76.709863,
              37.2670709
            ],
            [
              -76.7098668,
              37.2670771
            ],
            [
              -76.7099257,
              37.2670539
            ],
            [
              -76.7099643,
              37.2671164
            ],
            [
              -76.7099045,
              37.2671399
            ],
            [
              -76.7099126,
              37.2671531
            ],
            [
              -76.7097714,
              37.2672087
            ],
            [
              -76.7097222,
              37.267129
            ],
            [
              -76.7097503,
              37.2671179
            ],
            [
              -76.709736,
              37.2670947
            ]
          ]
        ]
      }
    },
    {
      "type": "Feature",
      "properties": {
        "id": 296928598,
        "name": null,
        "building": "commercial",
        "start_date": "1931"
      },
      "geometry": {
        "type": "Polygon",
        "coordinates": [
          [
            [
              -76.7059011,
              37.2707763
            ],
            [
              -76.7058997,
              37.270753
            ],
            [
              -76.7058867,
              37.2707535
            ],
            [
              -76.7058663,
              37.270499
            ],
            [
              -76.7060599,
              37.2704879
            ],
            [
              -76.7060629,
              37.2705377
            ],
            [
              -76.7061065,
              37.270536
            ],
            [
              -76.7061032,
              37.2704829
            ],
            [
              -76.7062168,
              37.2704759
            ],
            [
              -76.7062253,
              37.2706149
            ],
            [
              -76.7062356,
              37.2706145
            ],
            [
              -76.7062413,
              37.2707077
            ],
            [
              -76.7062426,
              37.2707289
            ],
            [
              -76.7061633,
              37.270732
            ],
            [
              -76.7061623,
              37.2707169
            ],
            [
              -76.7060159,
              37.2707226
            ],
            [
              -76.706017,
              37.2707406
            ],
            [
              -76.7060058,
              37.2707439
            ],
            [
              -76.7060075,
              37.2707721
            ],
            [
              -76.7059011,
              37.2707763
            ]
          ]
        ]
      }
    },
    {
      "type": "Feature",
      "properties": {
        "id": 296928599,
        "name": null,
        "building": "house",
        "start_date": "1929"
      },
      "geometry": {
        "type": "Polygon",
        "coordinates": [
          [
            [
              -76.7097708,
              37.2678499
            ],
            [
              -76.7098141,
              37.2678429
            ],
            [
              -76.7098353,
              37.267927
            ],
            [
              -76.7097866,
              37.2679349
            ],
            [
              -76.7097954,
              37.2679699
            ],
            [
              -76.7097299,
              37.2679805
            ],
            [
              -76.7097044,
              37.2678791
            ],
            [
              -76.7097752,
              37.2678677
            ],
            [
              -76.7097708,
              37.2678499
            ]
          ]
        ]
      }
    },
    {
      "type": "Feature",
      "properties": {
        "id": 296928600,
        "name": null,
        "building": "house",
        "start_date": "1971"
      },
      "geometry": {
        "type": "Polygon",
        "coordinates": [
          [
            [
              -76.7137536,
              37.2667294
            ],
            [
              -76.7137161,
              37.2666955
            ],
            [
              -76.7136953,
              37.2667103
            ],
            [
              -76.7136691,
              37.2666866
            ],
            [
              -76.7136896,
              37.2666721
            ],
            [
              -76.7136562,
              37.2666419
            ],
            [
              -76.7137077,
              37.2666055
            ],
            [
              -76.7136914,
              37.2665908
            ],
            [
              -76.7136876,
              37.2665935
            ],
            [
              -76.7136303,
              37.2665418
            ],
            [
              -76.7137067,
              37.2664878
            ],
            [
              -76.7137642,
              37.2665397
            ],
            [
              -76.7137189,
              37.2665717
            ],
            [
              -76.7137338,
              37.2665851
            ],
            [
              -76.7137381,
              37.2665821
            ],
            [
              -76.7138364,
              37.2666709
            ],
            [
              -76.7137536,
              37.2667294
            ]
          ]
        ]
      }
    },
    {
      "type": "Feature",
      "properties": {
        "id": 296928601,
        "name": null,
        "building": "garage",
        "start_date": "2008"
      },
      "geometry": {
        "type": "Polygon",
        "coordinates": [
          [
            [
              -76.7077073,
              37.2678338
            ],
            [
              -76.7077795,
              37.2678292
            ],
            [
              -76.707784,
              37.2678675
            ],
            [
              -76.7077112,
              37.2678725
            ],
            [
              -76.7077073,
              37.2678338
            ]
          ]
        ]
      }
    },
    {
      "type": "Feature",
      "properties": {
        "id": 296928602,
        "name": null,
        "building": "house",
        "start_date": "1959"
      },
      "geometry": {
        "type": "Polygon",
        "coordinates": [
          [
            [
              -76.7113317,
              37.2663087
            ],
            [
              -76.7114059,
              37.2662774
            ],
            [
              -76.7114245,
              37.2663054
            ],
            [
              -76.7114992,
              37.2662738
            ],
            [
              -76.711552,
              37.2663535
            ],
            [
              -76.711403,
              37.2664165
            ],
            [
              -76.7113317,
              37.2663087
            ]
          ]
        ]
      }
    },
    {
      "type": "Feature",
      "properties": {
        "id": 296928603,
        "name": null,
        "building": "house",
        "start_date": "1956"
      },
      "geometry": {
        "type": "Polygon",
        "coordinates": [
          [
            [
              -76.7063198,
              37.2666781
            ],
            [
              -76.7063178,
              37.2666681
            ],
            [
              -76.7063086,
              37.2666681
            ],
            [
              -76.7063008,
              37.2665649
            ],
            [
              -76.706412,
              37.2665598
            ],
            [
              -76.7064136,
              37.2665724
            ],
            [
              -76.7064457,
              37.266572
            ],
            [
              -76.7064531,
              37.2666614
            ],
            [
              -76.7063721,
              37.2666644
            ],
            [
              -76.7063723,
              37.2666757
            ],
            [
              -76.7063198,
              37.2666781
            ]
          ]
        ]
      }
    },
    {
      "type": "Feature",
      "properties": {
        "id": 296928604,
        "name": null,
        "building": "yes",
        "start_date": "1956"
      },
      "geometry": {
        "type": "Polygon",
        "coordinates": [
          [
            [
              -76.7063747,
              37.26672
            ],
            [
              -76.7064081,
              37.2667197
            ],
            [
              -76.706409,
              37.2667477
            ],
            [
              -76.7063751,
              37.266748
            ],
            [
              -76.7063747,
              37.26672
            ]
          ]
        ]
      }
    },
    {
      "type": "Feature",
      "properties": {
        "id": 296928605,
        "name": null,
        "building": "yes",
        "start_date": "2011"
      },
      "geometry": {
        "type": "Polygon",
        "coordinates": [
          [
            [
              -76.7117758,
              37.2675033
            ],
            [
              -76.711794,
              37.2674956
            ],
            [
              -76.711833,
              37.267555
            ],
            [
              -76.7118087,
              37.2675652
            ],
            [
              -76.7117225,
              37.2676013
            ],
            [
              -76.7116836,
              37.267542
            ],
            [
              -76.7117758,
              37.2675033
            ]
          ]
        ]
      }
    },
    {
      "type": "Feature",
      "properties": {
        "id": 296928611,
        "name": null,
        "building": "house",
        "start_date": "1955"
      },
      "geometry": {
        "type": "Polygon",
        "coordinates": [
          [
            [
              -76.7089006,
              37.2669077
            ],
            [
              -76.7090267,
              37.2668998
            ],
            [
              -76.7090334,
              37.2669688
            ],
            [
              -76.70896,
              37.2669734
            ],
            [
              -76.7089074,
              37.2669767
            ],
            [
              -76.7088957,
              37.2669774
            ],
            [
              -76.708889,
              37.2669084
            ],
            [
              -76.7089006,
              37.2669077
            ]
          ]
        ]
      }
    },
    {
      "type": "Feature",
      "properties": {
        "id": 296928617,
        "name": null,
        "building": "house",
        "start_date": "1940"
      },
      "geometry": {
        "type": "Polygon",
        "coordinates": [
          [
            [
              -76.7087062,
              37.2670242
            ],
            [
              -76.7087049,
              37.2670014
            ],
            [
              -76.7086554,
              37.2670032
            ],
            [
              -76.7086504,
              37.2669154
            ],
            [
              -76.7086815,
              37.2669143
            ],
            [
              -76.7086809,
              37.2669045
            ],
            [
              -76.7087349,
              37.2669025
            ],
            [
              -76.7087354,
              37.2669115
            ],
            [
              -76.7087667,
              37.2669103
            ],
            [
              -76.708769,
              37.2669522
            ],
            [
              -76.7087971,
              37.2669512
            ],
            [
              -76.7088006,
              37.2669986
            ],
            [
              -76.7087407,
              37.2670008
            ],
            [
              -76.7087419,
              37.2670229
            ],
            [
              -76.7087062,
              37.2670242
            ]
          ]
        ]
      }
    },
    {
      "type": "Feature",
      "properties": {
        "id": 296928619,
        "name": "Bell Building",
        "building": "yes",
        "start_date": "1932"
      },
      "geometry": {
        "type": "Polygon",
        "coordinates": [
          [
            [
              -76.7119666,
              37.2682137
            ],
            [
              -76.7119541,
              37.268193
            ],
            [
              -76.7119439,
              37.268197
            ],
            [
              -76.7119119,
              37.2681443
            ],
            [
              -76.7119201,
              37.2681412
            ],
            [
              -76.7119164,
              37.2681351
            ],
            [
              -76.7120008,
              37.2681023
            ],
            [
              -76.7120236,
              37.2681396
            ],
            [
              -76.7120685,
              37.2681221
            ],
            [
              -76.7120941,
              37.2681641
            ],
            [
              -76.7119666,
              37.2682137
            ]
          ]
        ]
      }
    },
    {
      "type": "Feature",
      "properties": {
        "id": 296928620,
        "name": null,
        "building": "garage",
        "start_date": "1928"
      },
      "geometry": {
        "type": "Polygon",
        "coordinates": [
          [
            [
              -76.7113556,
              37.2685642
            ],
            [
              -76.7113536,
              37.2685613
            ],
            [
              -76.7113476,
              37.2685639
            ],
            [
              -76.7113294,
              37.2685364
            ],
            [
              -76.7114254,
              37.2684959
            ],
            [
              -76.7114455,
              37.2685262
            ],
            [
              -76.7114311,
              37.2685323
            ],
            [
              -76.7114367,
              37.2685408
            ],
            [
              -76.7114177,
              37.2685488
            ],
            [
              -76.7114121,
              37.2685403
            ],
            [
              -76.7113556,
              37.2685642
            ]
          ]
        ]
      }
    },
    {
      "type": "Feature",
      "properties": {
        "id": 296928621,
        "name": null,
        "building": "apartments",
        "start_date": "1928"
      },
      "geometry": {
        "type": "Polygon",
        "coordinates": [
          [
            [
              -76.7115095,
              37.2687107
            ],
            [
              -76.7114969,
              37.2686918
            ],
            [
              -76.7114905,
              37.2686939
            ],
            [
              -76.7114222,
              37.268591
            ],
            [
              -76.7114871,
              37.2685635
            ],
            [
              -76.7114759,
              37.2685465
            ],
            [
              -76.7115029,
              37.268535
            ],
            [
              -76.7115141,
              37.268552
            ],
            [
              -76.7115202,
              37.2685494
            ],
            [
              -76.7115889,
              37.2686528
            ],
            [
              -76.7115828,
              37.2686554
            ],
            [
              -76.7115944,
              37.2686739
            ],
            [
              -76.7115095,
              37.2687107
            ]
          ]
        ]
      }
    },
    {
      "type": "Feature",
      "properties": {
        "id": 296928625,
        "name": null,
        "building": "garage",
        "start_date": "1971"
      },
      "geometry": {
        "type": "Polygon",
        "coordinates": [
          [
            [
              -76.7135982,
              37.2672441
            ],
            [
              -76.7136698,
              37.2672121
            ],
            [
              -76.7136922,
              37.2672441
            ],
            [
              -76.7136206,
              37.2672762
            ],
            [
              -76.7135982,
              37.2672441
            ]
          ]
        ]
      }
    },
    {
      "type": "Feature",
      "properties": {
        "id": 296928627,
        "name": "Elchinger Townhouse",
        "building": "apartments",
        "start_date": "1980"
      },
      "geometry": {
        "type": "Polygon",
        "coordinates": [
          [
            [
              -76.7068338,
              37.2660351
            ],
            [
              -76.7066722,
              37.2660395
            ],
            [
              -76.7066476,
              37.2660401
            ],
            [
              -76.7066462,
              37.2659738
            ],
            [
              -76.7068386,
              37.2659711
            ],
            [
              -76.7068401,
              37.266035
            ],
            [
              -76.7068338,
              37.2660351
            ]
          ]
        ]
      }
    },
    {
      "type": "Feature",
      "properties": {
        "id": 296928628,
        "name": null,
        "building": "house",
        "start_date": "1940"
      },
      "geometry": {
        "type": "Polygon",
        "coordinates": [
          [
            [
              -76.7094737,
              37.2664186
            ],
            [
              -76.7094661,
              37.2663584
            ],
            [
              -76.7094581,
              37.2662923
            ],
            [
              -76.7094824,
              37.2662904
            ],
            [
              -76.7095617,
              37.2662843
            ],
            [
              -76.7095697,
              37.2663499
            ],
            [
              -76.7095768,
              37.2663493
            ],
            [
              -76.7095796,
              37.2663723
            ],
            [
              -76.7095865,
              37.2663718
            ],
            [
              -76.7095883,
              37.2663868
            ],
            [
              -76.7095814,
              37.2663873
            ],
            [
              -76.7095842,
              37.26641
            ],
            [
              -76.7094737,
              37.2664186
            ]
          ]
        ]
      }
    },
    {
      "type": "Feature",
      "properties": {
        "id": 296928629,
        "name": null,
        "building": "house",
        "start_date": "1974"
      },
      "geometry": {
        "type": "Polygon",
        "coordinates": [
          [
            [
              -76.7141426,
              37.2663496
            ],
            [
              -76.7141154,
              37.2663265
            ],
            [
              -76.7141432,
              37.2663056
            ],
            [
              -76.7141701,
              37.2663284
            ],
            [
              -76.7141802,
              37.2663208
            ],
            [
              -76.7142566,
              37.2663856
            ],
            [
              -76.7141529,
              37.2664636
            ],
            [
              -76.7140769,
              37.266399
            ],
            [
              -76.7141426,
              37.2663496
            ]
          ]
        ]
      }
    },
    {
      "type": "Feature",
      "properties": {
        "id": 296928630,
        "name": null,
        "building": "garage",
        "start_date": "1969"
      },
      "geometry": {
        "type": "Polygon",
        "coordinates": [
          [
            [
              -76.7073085,
              37.2664716
            ],
            [
              -76.7073791,
              37.266466
            ],
            [
              -76.7073835,
              37.2665016
            ],
            [
              -76.7073129,
              37.2665072
            ],
            [
              -76.7073085,
              37.2664716
            ]
          ]
        ]
      }
    },
    {
      "type": "Feature",
      "properties": {
        "id": 296928631,
        "name": null,
        "building": "house",
        "start_date": "1968"
      },
      "geometry": {
        "type": "Polygon",
        "coordinates": [
          [
            [
              -76.7072552,
              37.2666465
            ],
            [
              -76.7073723,
              37.2666386
            ],
            [
              -76.707381,
              37.2667206
            ],
            [
              -76.7072639,
              37.2667286
            ],
            [
              -76.7072552,
              37.2666465
            ]
          ]
        ]
      }
    },
    {
      "type": "Feature",
      "properties": {
        "id": 296928633,
        "name": "Entwisle Townhouse",
        "building": "apartments",
        "start_date": "1980"
      },
      "geometry": {
        "type": "Polygon",
        "coordinates": [
          [
            [
              -76.7066871,
              37.266223
            ],
            [
              -76.7068381,
              37.2662206
            ],
            [
              -76.7068482,
              37.2662205
            ],
            [
              -76.7068498,
              37.2662882
            ],
            [
              -76.7067005,
              37.2662914
            ],
            [
              -76.7066887,
              37.2662916
            ],
            [
              -76.7066871,
              37.266223
            ]
          ]
        ]
      }
    },
    {
      "type": "Feature",
      "properties": {
        "id": 296928634,
        "name": null,
        "building": "house",
        "start_date": "1951"
      },
      "geometry": {
        "type": "Polygon",
        "coordinates": [
          [
            [
              -76.707284,
              37.2663072
            ],
            [
              -76.7074207,
              37.2662981
            ],
            [
              -76.7074283,
              37.2663708
            ],
            [
              -76.7072916,
              37.26638
            ],
            [
              -76.707284,
              37.2663072
            ]
          ]
        ]
      }
    },
    {
      "type": "Feature",
      "properties": {
        "id": 296928635,
        "name": null,
        "building": "yes",
        "start_date": "1952"
      },
      "geometry": {
        "type": "Polygon",
        "coordinates": [
          [
            [
              -76.7074808,
              37.2662631
            ],
            [
              -76.7075138,
              37.2662611
            ],
            [
              -76.7075167,
              37.2662928
            ],
            [
              -76.7074838,
              37.2662947
            ],
            [
              -76.7074808,
              37.2662631
            ]
          ]
        ]
      }
    },
    {
      "type": "Feature",
      "properties": {
        "id": 296928636,
        "name": null,
        "building": "house",
        "start_date": "1925"
      },
      "geometry": {
        "type": "Polygon",
        "coordinates": [
          [
            [
              -76.7110258,
              37.2681361
            ],
            [
              -76.7110034,
              37.2681024
            ],
            [
              -76.7110385,
              37.2680875
            ],
            [
              -76.7110203,
              37.2680601
            ],
            [
              -76.7111311,
              37.268013
            ],
            [
              -76.7111884,
              37.2680991
            ],
            [
              -76.7111199,
              37.2681283
            ],
            [
              -76.7111101,
              37.2681136
            ],
            [
              -76.7110677,
              37.2681317
            ],
            [
              -76.7110607,
              37.2681213
            ],
            [
              -76.7110258,
              37.2681361
            ]
          ]
        ]
      }
    },
    {
      "type": "Feature",
      "properties": {
        "id": 296928646,
        "name": "First Church of Christ Scientist",
        "building": "church",
        "start_date": "1957"
      },
      "geometry": {
        "type": "Polygon",
        "coordinates": [
          [
            [
              -76.7159878,
              37.266414
            ],
            [
              -76.7159505,
              37.2663681
            ],
            [
              -76.715972,
              37.2663569
            ],
            [
              -76.7159952,
              37.2663449
            ],
            [
              -76.7158983,
              37.2662258
            ],
            [
              -76.7159954,
              37.2661753
            ],
            [
              -76.7160945,
              37.2662972
            ],
            [
              -76.7161674,
              37.2662593
            ],
            [
              -76.7162053,
              37.2663059
            ],
            [
              -76.7161123,
              37.2663542
            ],
            [
              -76.7161174,
              37.2663603
            ],
            [
              -76.7160397,
              37.2664007
            ],
            [
              -76.7160319,
              37.266391
            ],
            [
              -76.7160099,
              37.2664025
            ],
            [
              -76.7159878,
              37.266414
            ]
          ]
        ]
      }
    },
    {
      "type": "Feature",
      "properties": {
        "id": 296928647,
        "name": null,
        "building": "house",
        "start_date": "1840"
      },
      "geometry": {
        "type": "Polygon",
        "coordinates": [
          [
            [
              -76.7137542,
              37.2674305
            ],
            [
              -76.7138399,
              37.2673876
            ],
            [
              -76.7138537,
              37.2674052
            ],
            [
              -76.7138968,
              37.2673836
            ],
            [
              -76.7139117,
              37.2674025
            ],
            [
              -76.7139149,
              37.2674009
            ],
            [
              -76.7139512,
              37.2674472
            ],
            [
              -76.7138763,
              37.2674848
            ],
            [
              -76.713891,
              37.2675035
            ],
            [
              -76.7138339,
              37.2675321
            ],
            [
              -76.7137542,
              37.2674305
            ]
          ]
        ]
      }
    },
    {
      "type": "Feature",
      "properties": {
        "id": 296928648,
        "name": null,
        "building": "house",
        "start_date": "1929"
      },
      "geometry": {
        "type": "Polygon",
        "coordinates": [
          [
            [
              -76.7099144,
              37.2683541
            ],
            [
              -76.7099072,
              37.2683105
            ],
            [
              -76.710004,
              37.2683003
            ],
            [
              -76.70999,
              37.2682154
            ],
            [
              -76.7100573,
              37.2682083
            ],
            [
              -76.7100623,
              37.2682385
            ],
            [
              -76.7100819,
              37.2682364
            ],
            [
              -76.710088,
              37.2682732
            ],
            [
              -76.7100994,
              37.268272
            ],
            [
              -76.7101034,
              37.2682961
            ],
            [
              -76.7100915,
              37.2682973
            ],
            [
              -76.7100981,
              37.2683369
            ],
            [
              -76.7100116,
              37.268346
            ],
            [
              -76.7100112,
              37.2683438
            ],
            [
              -76.709993,
              37.2683458
            ],
            [
              -76.7099144,
              37.2683541
            ]
          ]
        ]
      }
    },
    {
      "type": "Feature",
      "properties": {
        "id": 296928649,
        "name": null,
        "building": "garage",
        "start_date": "1922"
      },
      "geometry": {
        "type": "Polygon",
        "coordinates": [
          [
            [
              -76.7075657,
              37.2672497
            ],
            [
              -76.7075671,
              37.2672196
            ],
            [
              -76.707612,
              37.2672209
            ],
            [
              -76.7076106,
              37.267251
            ],
            [
              -76.7075657,
              37.2672497
            ]
          ]
        ]
      }
    },
    {
      "type": "Feature",
      "properties": {
        "id": 296928650,
        "name": null,
        "building": "house",
        "start_date": "1922"
      },
      "geometry": {
        "type": "Polygon",
        "coordinates": [
          [
            [
              -76.707533,
              37.2670938
            ],
            [
              -76.7075321,
              37.2670772
            ],
            [
              -76.7074816,
              37.2670789
            ],
            [
              -76.7074806,
              37.2670608
            ],
            [
              -76.7074524,
              37.2670617
            ],
            [
              -76.7074484,
              37.2669892
            ],
            [
              -76.7074831,
              37.266988
            ],
            [
              -76.7074824,
              37.2669751
            ],
            [
              -76.70752,
              37.2669738
            ],
            [
              -76.7075206,
              37.2669855
            ],
            [
              -76.7075871,
              37.2669831
            ],
            [
              -76.7075913,
              37.2670588
            ],
            [
              -76.7075831,
              37.2670591
            ],
            [
              -76.707585,
              37.267092
            ],
            [
              -76.707533,
              37.2670938
            ]
          ]
        ]
      }
    },
    {
      "type": "Feature",
      "properties": {
        "id": 296928652,
        "name": "Glazener Poolhouse",
        "building": "yes",
        "start_date": "2011"
      },
      "geometry": {
        "type": "Polygon",
        "coordinates": [
          [
            [
              -76.7069176,
              37.2672328
            ],
            [
              -76.706945,
              37.2672316
            ],
            [
              -76.7069477,
              37.26727
            ],
            [
              -76.7069203,
              37.2672712
            ],
            [
              -76.7069176,
              37.2672328
            ]
          ]
        ]
      }
    },
    {
      "type": "Feature",
      "properties": {
        "id": 296928654,
        "name": null,
        "building": "yes",
        "start_date": "2011"
      },
      "geometry": {
        "type": "Polygon",
        "coordinates": [
          [
            [
              -76.706686,
              37.2672431
            ],
            [
              -76.7067375,
              37.2672408
            ],
            [
              -76.7067401,
              37.2672792
            ],
            [
              -76.7066887,
              37.2672815
            ],
            [
              -76.706686,
              37.2672431
            ]
          ]
        ]
      }
    },
    {
      "type": "Feature",
      "properties": {
        "id": 296928656,
        "name": null,
        "building": "yes",
        "start_date": "2011"
      },
      "geometry": {
        "type": "Polygon",
        "coordinates": [
          [
            [
              -76.706685,
              37.2672294
            ],
            [
              -76.7066776,
              37.2671224
            ],
            [
              -76.7066896,
              37.2671219
            ],
            [
              -76.7066869,
              37.2670821
            ],
            [
              -76.7067263,
              37.2670804
            ],
            [
              -76.7067251,
              37.2670625
            ],
            [
              -76.7068863,
              37.2670554
            ],
            [
              -76.7068885,
              37.2670869
            ],
            [
              -76.706928,
              37.2670852
            ],
            [
              -76.7069307,
              37.2671236
            ],
            [
              -76.7069513,
              37.2671227
            ],
            [
              -76.7069522,
              37.2671364
            ],
            [
              -76.7070157,
              37.2671336
            ],
            [
              -76.7070213,
              37.2672144
            ],
            [
              -76.7069578,
              37.2672173
            ],
            [
              -76.7069576,
              37.2672145
            ],
            [
              -76.706889,
              37.2672176
            ],
            [
              -76.7068878,
              37.2671997
            ],
            [
              -76.7068843,
              37.2671999
            ],
            [
              -76.7068825,
              37.2671738
            ],
            [
              -76.7067453,
              37.2671799
            ],
            [
              -76.7067485,
              37.2672265
            ],
            [
              -76.706685,
              37.2672294
            ]
          ]
        ]
      }
    },
    {
      "type": "Feature",
      "properties": {
        "id": 296928657,
        "name": "Glazner Triplex",
        "building": "apartments",
        "start_date": "1991"
      },
      "geometry": {
        "type": "Polygon",
        "coordinates": [
          [
            [
              -76.7068568,
              37.2668079
            ],
            [
              -76.7068563,
              37.2668017
            ],
            [
              -76.7067633,
              37.2668067
            ],
            [
              -76.7067534,
              37.2666906
            ],
            [
              -76.7068013,
              37.266688
            ],
            [
              -76.7067993,
              37.2666644
            ],
            [
              -76.706878,
              37.2666601
            ],
            [
              -76.7068806,
              37.2666905
            ],
            [
              -76.7069466,
              37.2666869
            ],
            [
              -76.7069564,
              37.2668025
            ],
            [
              -76.7068568,
              37.2668079
            ]
          ]
        ]
      }
    },
    {
      "type": "Feature",
      "properties": {
        "id": 296928661,
        "name": null,
        "building": "house",
        "start_date": "1993"
      },
      "geometry": {
        "type": "Polygon",
        "coordinates": [
          [
            [
              -76.711174,
              37.2674977
            ],
            [
              -76.711312,
              37.2674429
            ],
            [
              -76.7113596,
              37.2675193
            ],
            [
              -76.7112215,
              37.2675742
            ],
            [
              -76.711174,
              37.2674977
            ]
          ]
        ]
      }
    },
    {
      "type": "Feature",
      "properties": {
        "id": 296928663,
        "name": "Grigsby House Storage",
        "building": "yes",
        "start_date": "1925"
      },
      "geometry": {
        "type": "Polygon",
        "coordinates": [
          [
            [
              -76.7119684,
              37.268303
            ],
            [
              -76.7119605,
              37.268291
            ],
            [
              -76.7119423,
              37.2682986
            ],
            [
              -76.7119315,
              37.2682821
            ],
            [
              -76.7119649,
              37.2682681
            ],
            [
              -76.7119836,
              37.2682966
            ],
            [
              -76.7119684,
              37.268303
            ]
          ]
        ]
      }
    },
    {
      "type": "Feature",
      "properties": {
        "id": 296928667,
        "name": null,
        "building": "garage",
        "start_date": "1929"
      },
      "geometry": {
        "type": "Polygon",
        "coordinates": [
          [
            [
              -76.7093616,
              37.2676143
            ],
            [
              -76.7094408,
              37.2675815
            ],
            [
              -76.709476,
              37.267636
            ],
            [
              -76.7093972,
              37.2676681
            ],
            [
              -76.7093616,
              37.2676143
            ]
          ]
        ]
      }
    },
    {
      "type": "Feature",
      "properties": {
        "id": 296928668,
        "name": null,
        "building": "house",
        "start_date": "1929"
      },
      "geometry": {
        "type": "Polygon",
        "coordinates": [
          [
            [
              -76.7093733,
              37.2674798
            ],
            [
              -76.7093563,
              37.2674647
            ],
            [
              -76.7093413,
              37.2674756
            ],
            [
              -76.7092914,
              37.2674313
            ],
            [
              -76.7093088,
              37.2674188
            ],
            [
              -76.7092868,
              37.2673993
            ],
            [
              -76.7093181,
              37.2673767
            ],
            [
              -76.7093113,
              37.2673696
            ],
            [
              -76.7093087,
              37.2673639
            ],
            [
              -76.709308,
              37.2673557
            ],
            [
              -76.709309,
              37.2673505
            ],
            [
              -76.7093101,
              37.2673443
            ],
            [
              -76.7093141,
              37.2673364
            ],
            [
              -76.7093213,
              37.2673322
            ],
            [
              -76.7093324,
              37.2673258
            ],
            [
              -76.7093466,
              37.2673173
            ],
            [
              -76.7093606,
              37.2673145
            ],
            [
              -76.7093728,
              37.2673164
            ],
            [
              -76.7093875,
              37.2673268
            ],
            [
              -76.7094531,
              37.267385
            ],
            [
              -76.709401,
              37.2674224
            ],
            [
              -76.7094243,
              37.2674431
            ],
            [
              -76.7093733,
              37.2674798
            ]
          ]
        ]
      }
    },
    {
      "type": "Feature",
      "properties": {
        "id": 296928671,
        "name": null,
        "building": "house",
        "start_date": "1940"
      },
      "geometry": {
        "type": "Polygon",
        "coordinates": [
          [
            [
              -76.7103885,
              37.2675807
            ],
            [
              -76.7104747,
              37.2675424
            ],
            [
              -76.7104865,
              37.2675594
            ],
            [
              -76.7105003,
              37.2675533
            ],
            [
              -76.7105387,
              37.2676086
            ],
            [
              -76.7104387,
              37.267653
            ],
            [
              -76.7103885,
              37.2675807
            ]
          ]
        ]
      }
    },
    {
      "type": "Feature",
      "properties": {
        "id": 296928672,
        "name": null,
        "building": "yes",
        "start_date": "1940"
      },
      "geometry": {
        "type": "Polygon",
        "coordinates": [
          [
            [
              -76.7104989,
              37.2675107
            ],
            [
              -76.7105319,
              37.2674965
            ],
            [
              -76.710549,
              37.2675219
            ],
            [
              -76.710516,
              37.2675361
            ],
            [
              -76.7104989,
              37.2675107
            ]
          ]
        ]
      }
    },
    {
      "type": "Feature",
      "properties": {
        "id": 296928675,
        "name": null,
        "building": "house",
        "start_date": "1929"
      },
      "geometry": {
        "type": "Polygon",
        "coordinates": [
          [
            [
              -76.7074639,
              37.2667015
            ],
            [
              -76.7074627,
              37.2666822
            ],
            [
              -76.7074945,
              37.266681
            ],
            [
              -76.7074923,
              37.2666458
            ],
            [
              -76.7075565,
              37.2666432
            ],
            [
              -76.707559,
              37.2666829
            ],
            [
              -76.707569,
              37.2666825
            ],
            [
              -76.7075736,
              37.2667563
            ],
            [
              -76.7074329,
              37.2667618
            ],
            [
              -76.7074292,
              37.2667029
            ],
            [
              -76.7074639,
              37.2667015
            ]
          ]
        ]
      }
    },
    {
      "type": "Feature",
      "properties": {
        "id": 296928676,
        "name": null,
        "building": "yes",
        "start_date": "1929"
      },
      "geometry": {
        "type": "Polygon",
        "coordinates": [
          [
            [
              -76.7074218,
              37.2664366
            ],
            [
              -76.707454,
              37.2664344
            ],
            [
              -76.7074558,
              37.2664513
            ],
            [
              -76.7074236,
              37.2664535
            ],
            [
              -76.7074218,
              37.2664366
            ]
          ]
        ]
      }
    },
    {
      "type": "Feature",
      "properties": {
        "id": 296928677,
        "name": null,
        "building": "house",
        "start_date": "1972"
      },
      "geometry": {
        "type": "Polygon",
        "coordinates": [
          [
            [
              -76.7139494,
              37.2666309
            ],
            [
              -76.7138809,
              37.2665547
            ],
            [
              -76.7140022,
              37.2664852
            ],
            [
              -76.7140497,
              37.2665381
            ],
            [
              -76.7140895,
              37.2665152
            ],
            [
              -76.7141237,
              37.2665533
            ],
            [
              -76.714017,
              37.2666144
            ],
            [
              -76.7140038,
              37.2665997
            ],
            [
              -76.7139494,
              37.2666309
            ]
          ]
        ]
      }
    },
    {
      "type": "Feature",
      "properties": {
        "id": 296928678,
        "name": null,
        "building": "house",
        "start_date": "1930"
      },
      "geometry": {
        "type": "Polygon",
        "coordinates": [
          [
            [
              -76.7085401,
              37.2670618
            ],
            [
              -76.708539,
              37.2670308
            ],
            [
              -76.7085191,
              37.2670313
            ],
            [
              -76.7085182,
              37.2670068
            ],
            [
              -76.7085283,
              37.2670065
            ],
            [
              -76.7085273,
              37.2669795
            ],
            [
              -76.7084801,
              37.2669806
            ],
            [
              -76.7084787,
              37.2669421
            ],
            [
              -76.7085106,
              37.2669414
            ],
            [
              -76.7085099,
              37.2669241
            ],
            [
              -76.7086312,
              37.2669213
            ],
            [
              -76.7086334,
              37.2669833
            ],
            [
              -76.708603,
              37.266984
            ],
            [
              -76.7086057,
              37.2670603
            ],
            [
              -76.7085401,
              37.2670618
            ]
          ]
        ]
      }
    },
    {
      "type": "Feature",
      "properties": {
        "id": 296928679,
        "name": null,
        "building": "yes",
        "start_date": "1990"
      },
      "geometry": {
        "type": "Polygon",
        "coordinates": [
          [
            [
              -76.7084884,
              37.2671262
            ],
            [
              -76.708539,
              37.2671235
            ],
            [
              -76.7085437,
              37.2671785
            ],
            [
              -76.7084931,
              37.2671813
            ],
            [
              -76.7084884,
              37.2671262
            ]
          ]
        ]
      }
    },
    {
      "type": "Feature",
      "properties": {
        "id": 296928681,
        "name": "Henry Street Offices",
        "building": "yes",
        "start_date": "1967"
      },
      "geometry": {
        "type": "Polygon",
        "coordinates": [
          [
            [
              -76.7058188,
              37.268361
            ],
            [
              -76.7058173,
              37.2683364
            ],
            [
              -76.7057792,
              37.2683378
            ],
            [
              -76.7057721,
              37.2682139
            ],
            [
              -76.7060173,
              37.268205
            ],
            [
              -76.7060244,
              37.2683288
            ],
            [
              -76.7059714,
              37.2683308
            ],
            [
              -76.7059728,
              37.2683554
            ],
            [
              -76.7058188,
              37.268361
            ]
          ]
        ]
      }
    },
    {
      "type": "Feature",
      "properties": {
        "id": 296928682,
        "name": "Henry Street Shops",
        "building": "commercial",
        "start_date": "1939"
      },
      "geometry": {
        "type": "Polygon",
        "coordinates": [
          [
            [
              -76.7058196,
              37.2702745
            ],
            [
              -76.7058168,
              37.2702416
            ],
            [
              -76.7058117,
              37.2702419
            ],
            [
              -76.7058059,
              37.2701734
            ],
            [
              -76.705811,
              37.2701731
            ],
            [
              -76.7057989,
              37.2700306
            ],
            [
              -76.7057937,
              37.2700309
            ],
            [
              -76.7057879,
              37.2699624
            ],
            [
              -76.7057931,
              37.2699621
            ],
            [
              -76.7057903,
              37.2699293
            ],
            [
              -76.7057954,
              37.269929
            ],
            [
              -76.7057837,
              37.269792
            ],
            [
              -76.705878,
              37.2697868
            ],
            [
              -76.7058771,
              37.2697759
            ],
            [
              -76.7060348,
              37.2697673
            ],
            [
              -76.7060352,
              37.2697714
            ],
            [
              -76.7060814,
              37.2697689
            ],
            [
              -76.7060805,
              37.2697579
            ],
            [
              -76.7062039,
              37.2697512
            ],
            [
              -76.7062049,
              37.2697622
            ],
            [
              -76.706342,
              37.2697547
            ],
            [
              -76.7063472,
              37.269815
            ],
            [
              -76.706342,
              37.2698153
            ],
            [
              -76.7063462,
              37.2698646
            ],
            [
              -76.7063411,
              37.2698649
            ],
            [
              -76.7063439,
              37.2698978
            ],
            [
              -76.706349,
              37.2698975
            ],
            [
              -76.7063565,
              37.2700043
            ],
            [
              -76.7062254,
              37.2700099
            ],
            [
              -76.706233,
              37.2701322
            ],
            [
              -76.7062421,
              37.270279
            ],
            [
              -76.7061366,
              37.2702804
            ],
            [
              -76.7061291,
              37.2702615
            ],
            [
              -76.7059178,
              37.2702673
            ],
            [
              -76.7059164,
              37.2702714
            ],
            [
              -76.7058196,
              37.2702745
            ]
          ]
        ]
      }
    },
    {
      "type": "Feature",
      "properties": {
        "id": 296928683,
        "name": null,
        "building": "house",
        "start_date": "1959"
      },
      "geometry": {
        "type": "Polygon",
        "coordinates": [
          [
            [
              -76.7072548,
              37.2660905
            ],
            [
              -76.7072508,
              37.2660375
            ],
            [
              -76.7072556,
              37.2660372
            ],
            [
              -76.7072529,
              37.2660014
            ],
            [
              -76.7073488,
              37.2659968
            ],
            [
              -76.7073527,
              37.2660493
            ],
            [
              -76.7073803,
              37.266048
            ],
            [
              -76.707383,
              37.2660844
            ],
            [
              -76.7072548,
              37.2660905
            ]
          ]
        ]
      }
    },
    {
      "type": "Feature",
      "properties": {
        "id": 296928688,
        "name": null,
        "building": "garage",
        "start_date": "1985"
      },
      "geometry": {
        "type": "Polygon",
        "coordinates": [
          [
            [
              -76.7099436,
              37.2668624
            ],
            [
              -76.7099947,
              37.2668403
            ],
            [
              -76.7100142,
              37.2668691
            ],
            [
              -76.7099631,
              37.2668912
            ],
            [
              -76.7099436,
              37.2668624
            ]
          ]
        ]
      }
    },
    {
      "type": "Feature",
      "properties": {
        "id": 296928706,
        "name": null,
        "building": "house",
        "start_date": "1949"
      },
      "geometry": {
        "type": "Polygon",
        "coordinates": [
          [
            [
              -76.7136806,
              37.2671984
            ],
            [
              -76.7136193,
              37.2671191
            ],
            [
              -76.7135834,
              37.2671368
            ],
            [
              -76.713569,
              37.2671182
            ],
            [
              -76.7136424,
              37.267082
            ],
            [
              -76.7136391,
              37.2670776
            ],
            [
              -76.7136888,
              37.2670531
            ],
            [
              -76.7137401,
              37.2671195
            ],
            [
              -76.7137348,
              37.2671221
            ],
            [
              -76.7137625,
              37.2671579
            ],
            [
              -76.7136806,
              37.2671984
            ]
          ]
        ]
      }
    },
    {
      "type": "Feature",
      "properties": {
        "id": 296928709,
        "name": null,
        "building": "house",
        "start_date": "1956"
      },
      "geometry": {
        "type": "Polygon",
        "coordinates": [
          [
            [
              -76.7139445,
              37.2670389
            ],
            [
              -76.7139119,
              37.2669969
            ],
            [
              -76.7139029,
              37.2670014
            ],
            [
              -76.7138659,
              37.2669538
            ],
            [
              -76.7139626,
              37.2669058
            ],
            [
              -76.7140322,
              37.2669953
            ],
            [
              -76.7139445,
              37.2670389
            ]
          ]
        ]
      }
    },
    {
      "type": "Feature",
      "properties": {
        "id": 296928721,
        "name": null,
        "building": "house",
        "start_date": "1942"
      },
      "geometry": {
        "type": "Polygon",
        "coordinates": [
          [
            [
              -76.7130877,
              37.2667853
            ],
            [
              -76.7130667,
              37.2667557
            ],
            [
              -76.7130028,
              37.2667847
            ],
            [
              -76.7129732,
              37.2667429
            ],
            [
              -76.7130325,
              37.266716
            ],
            [
              -76.71301,
              37.2666842
            ],
            [
              -76.713043,
              37.2666693
            ],
            [
              -76.7130083,
              37.2666203
            ],
            [
              -76.7130968,
              37.2665802
            ],
            [
              -76.7131511,
              37.2666567
            ],
            [
              -76.7131648,
              37.2666505
            ],
            [
              -76.7131797,
              37.2666715
            ],
            [
              -76.7131642,
              37.2666786
            ],
            [
              -76.7131757,
              37.2666948
            ],
            [
              -76.7131652,
              37.2666995
            ],
            [
              -76.7131924,
              37.2667378
            ],
            [
              -76.7130877,
              37.2667853
            ]
          ]
        ]
      }
    },
    {
      "type": "Feature",
      "properties": {
        "id": 296928752,
        "name": null,
        "building": "house",
        "start_date": "1941"
      },
      "geometry": {
        "type": "Polygon",
        "coordinates": [
          [
            [
              -76.7129311,
              37.2664371
            ],
            [
              -76.7128371,
              37.2663904
            ],
            [
              -76.712824,
              37.2664074
            ],
            [
              -76.7127863,
              37.2663886
            ],
            [
              -76.7128055,
              37.2663639
            ],
            [
              -76.7127462,
              37.2663345
            ],
            [
              -76.7127882,
              37.2662804
            ],
            [
              -76.7129791,
              37.2663752
            ],
            [
              -76.7129311,
              37.2664371
            ]
          ]
        ]
      }
    },
    {
      "type": "Feature",
      "properties": {
        "id": 296928762,
        "name": null,
        "building": "house",
        "start_date": "1940"
      },
      "geometry": {
        "type": "Polygon",
        "coordinates": [
          [
            [
              -76.712421,
              37.266218
            ],
            [
              -76.7123532,
              37.2661822
            ],
            [
              -76.7123343,
              37.2662051
            ],
            [
              -76.7123001,
              37.266187
            ],
            [
              -76.7123764,
              37.2660947
            ],
            [
              -76.71243,
              37.266123
            ],
            [
              -76.7124351,
              37.2661169
            ],
            [
              -76.7124648,
              37.2661327
            ],
            [
              -76.7124596,
              37.266139
            ],
            [
              -76.7125146,
              37.2661681
            ],
            [
              -76.7124374,
              37.2662613
            ],
            [
              -76.7124011,
              37.2662421
            ],
            [
              -76.712421,
              37.266218
            ]
          ]
        ]
      }
    },
    {
      "type": "Feature",
      "properties": {
        "id": 296928764,
        "name": null,
        "building": "house",
        "start_date": "1949"
      },
      "geometry": {
        "type": "Polygon",
        "coordinates": [
          [
            [
              -76.7122281,
              37.2661284
            ],
            [
              -76.712173,
              37.2660979
            ],
            [
              -76.7121945,
              37.2660731
            ],
            [
              -76.7121533,
              37.2660503
            ],
            [
              -76.7121142,
              37.2660954
            ],
            [
              -76.7120658,
              37.2660687
            ],
            [
              -76.7121124,
              37.2660148
            ],
            [
              -76.7121583,
              37.2660403
            ],
            [
              -76.712206,
              37.2659852
            ],
            [
              -76.7123101,
              37.2660427
            ],
            [
              -76.7122562,
              37.266105
            ],
            [
              -76.7122509,
              37.2661021
            ],
            [
              -76.7122281,
              37.2661284
            ]
          ]
        ]
      }
    },
    {
      "type": "Feature",
      "properties": {
        "id": 296928768,
        "name": null,
        "building": "house",
        "start_date": "1949"
      },
      "geometry": {
        "type": "Polygon",
        "coordinates": [
          [
            [
              -76.7119753,
              37.2660032
            ],
            [
              -76.7119946,
              37.2659812
            ],
            [
              -76.7119254,
              37.2659424
            ],
            [
              -76.7119911,
              37.2658675
            ],
            [
              -76.7120797,
              37.2659171
            ],
            [
              -76.7120815,
              37.2659151
            ],
            [
              -76.7121189,
              37.2659361
            ],
            [
              -76.7120621,
              37.2660008
            ],
            [
              -76.7120532,
              37.2659958
            ],
            [
              -76.7120232,
              37.2660301
            ],
            [
              -76.7119753,
              37.2660032
            ]
          ]
        ]
      }
    },
    {
      "type": "Feature",
      "properties": {
        "id": 296928854,
        "name": null,
        "building": "apartments",
        "start_date": "1933"
      },
      "geometry": {
        "type": "Polygon",
        "coordinates": [
          [
            [
              -76.7116916,
              37.2677443
            ],
            [
              -76.7116581,
              37.267691
            ],
            [
              -76.7118681,
              37.2676067
            ],
            [
              -76.7118751,
              37.267618
            ],
            [
              -76.7119024,
              37.267607
            ],
            [
              -76.7119342,
              37.2676576
            ],
            [
              -76.7119117,
              37.2676667
            ],
            [
              -76.7119174,
              37.2676758
            ],
            [
              -76.7118147,
              37.267717
            ],
            [
              -76.7118036,
              37.2676993
            ],
            [
              -76.7116916,
              37.2677443
            ]
          ]
        ]
      }
    },
    {
      "type": "Feature",
      "properties": {
        "id": 296928867,
        "name": null,
        "building": "house",
        "start_date": "1943"
      },
      "geometry": {
        "type": "Polygon",
        "coordinates": [
          [
            [
              -76.7113408,
              37.2676081
            ],
            [
              -76.711432,
              37.2675723
            ],
            [
              -76.7114789,
              37.2676487
            ],
            [
              -76.7113877,
              37.2676845
            ],
            [
              -76.7113408,
              37.2676081
            ]
          ]
        ]
      }
    },
    {
      "type": "Feature",
      "properties": {
        "id": 296928885,
        "name": null,
        "building": "house",
        "start_date": "1931"
      },
      "geometry": {
        "type": "Polygon",
        "coordinates": [
          [
            [
              -76.7109845,
              37.267063
            ],
            [
              -76.7109654,
              37.2670326
            ],
            [
              -76.7110101,
              37.2670147
            ],
            [
              -76.7110273,
              37.267042
            ],
            [
              -76.7110669,
              37.2670261
            ],
            [
              -76.7111254,
              37.2671196
            ],
            [
              -76.7110335,
              37.2671564
            ],
            [
              -76.7109768,
              37.2670661
            ],
            [
              -76.7109845,
              37.267063
            ]
          ]
        ]
      }
    },
    {
      "type": "Feature",
      "properties": {
        "id": 296928887,
        "name": null,
        "building": "house",
        "start_date": "1938"
      },
      "geometry": {
        "type": "Polygon",
        "coordinates": [
          [
            [
              -76.711346,
              37.2669543
            ],
            [
              -76.7113981,
              37.2669328
            ],
            [
              -76.7114027,
              37.2669395
            ],
            [
              -76.7114281,
              37.2669297
            ],
            [
              -76.7114691,
              37.2669965
            ],
            [
              -76.7113641,
              37.2670376
            ],
            [
              -76.7113487,
              37.2670124
            ],
            [
              -76.7113528,
              37.2670108
            ],
            [
              -76.7113297,
              37.2669732
            ],
            [
              -76.7113526,
              37.2669642
            ],
            [
              -76.711346,
              37.2669543
            ]
          ]
        ]
      }
    },
    {
      "type": "Feature",
      "properties": {
        "id": 296928888,
        "name": null,
        "building": "apartments",
        "start_date": "1942"
      },
      "geometry": {
        "type": "Polygon",
        "coordinates": [
          [
            [
              -76.7074264,
              37.2681714
            ],
            [
              -76.7074237,
              37.2681275
            ],
            [
              -76.7074128,
              37.2681279
            ],
            [
              -76.7074115,
              37.268107
            ],
            [
              -76.7074207,
              37.2681066
            ],
            [
              -76.7074183,
              37.2680662
            ],
            [
              -76.7075545,
              37.268061
            ],
            [
              -76.7075553,
              37.2680755
            ],
            [
              -76.7075903,
              37.2680742
            ],
            [
              -76.7075908,
              37.2680829
            ],
            [
              -76.7076004,
              37.2680825
            ],
            [
              -76.7076026,
              37.2681194
            ],
            [
              -76.7075971,
              37.2681196
            ],
            [
              -76.7075973,
              37.2681236
            ],
            [
              -76.7075723,
              37.2681245
            ],
            [
              -76.7075744,
              37.2681588
            ],
            [
              -76.7075697,
              37.268159
            ],
            [
              -76.7075702,
              37.2681659
            ],
            [
              -76.7074264,
              37.2681714
            ]
          ]
        ]
      }
    },
    {
      "type": "Feature",
      "properties": {
        "id": 296928891,
        "name": null,
        "building": "apartments",
        "start_date": "1930"
      },
      "geometry": {
        "type": "Polygon",
        "coordinates": [
          [
            [
              -76.7070474,
              37.267952
            ],
            [
              -76.707043,
              37.2679131
            ],
            [
              -76.7070156,
              37.2679151
            ],
            [
              -76.7070099,
              37.2678648
            ],
            [
              -76.7071125,
              37.2678573
            ],
            [
              -76.7071151,
              37.2678803
            ],
            [
              -76.7071365,
              37.2678788
            ],
            [
              -76.707144,
              37.267945
            ],
            [
              -76.7070474,
              37.267952
            ]
          ]
        ]
      }
    },
    {
      "type": "Feature",
      "properties": {
        "id": 296928892,
        "name": null,
        "building": "house",
        "start_date": "1932"
      },
      "geometry": {
        "type": "Polygon",
        "coordinates": [
          [
            [
              -76.707431,
              37.26786
            ],
            [
              -76.7074297,
              37.2678361
            ],
            [
              -76.7074237,
              37.2678363
            ],
            [
              -76.707422,
              37.2678072
            ],
            [
              -76.7074046,
              37.2678078
            ],
            [
              -76.707403,
              37.2677788
            ],
            [
              -76.707417,
              37.2677783
            ],
            [
              -76.707416,
              37.2677518
            ],
            [
              -76.707502,
              37.2677483
            ],
            [
              -76.707507,
              37.2678319
            ],
            [
              -76.7074985,
              37.2678322
            ],
            [
              -76.7074998,
              37.2678567
            ],
            [
              -76.707431,
              37.26786
            ]
          ]
        ]
      }
    },
    {
      "type": "Feature",
      "properties": {
        "id": 296928894,
        "name": null,
        "building": "house",
        "start_date": "1938"
      },
      "geometry": {
        "type": "Polygon",
        "coordinates": [
          [
            [
              -76.7070039,
              37.2678129
            ],
            [
              -76.7070023,
              37.2677949
            ],
            [
              -76.7069827,
              37.267796
            ],
            [
              -76.7069799,
              37.2677652
            ],
            [
              -76.7069985,
              37.2677642
            ],
            [
              -76.7069949,
              37.2677245
            ],
            [
              -76.7071051,
              37.2677182
            ],
            [
              -76.7071076,
              37.2677459
            ],
            [
              -76.7071277,
              37.2677447
            ],
            [
              -76.7071304,
              37.2677746
            ],
            [
              -76.7071108,
              37.2677757
            ],
            [
              -76.7071136,
              37.2678066
            ],
            [
              -76.7070039,
              37.2678129
            ]
          ]
        ]
      }
    },
    {
      "type": "Feature",
      "properties": {
        "id": 296928896,
        "name": null,
        "building": "house",
        "start_date": "1940"
      },
      "geometry": {
        "type": "Polygon",
        "coordinates": [
          [
            [
              -76.7111502,
              37.2666202
            ],
            [
              -76.7112646,
              37.2665758
            ],
            [
              -76.7112988,
              37.266632
            ],
            [
              -76.7111844,
              37.2666764
            ],
            [
              -76.7111502,
              37.2666202
            ]
          ]
        ]
      }
    },
    {
      "type": "Feature",
      "properties": {
        "id": 296928897,
        "name": null,
        "building": "house",
        "start_date": "1918"
      },
      "geometry": {
        "type": "Polygon",
        "coordinates": [
          [
            [
              -76.7114263,
              37.2665003
            ],
            [
              -76.7115615,
              37.2664418
            ],
            [
              -76.711607,
              37.266509
            ],
            [
              -76.7114718,
              37.2665675
            ],
            [
              -76.7114263,
              37.2665003
            ]
          ]
        ]
      }
    },
    {
      "type": "Feature",
      "properties": {
        "id": 296928898,
        "name": null,
        "building": "house",
        "start_date": "1940"
      },
      "geometry": {
        "type": "Polygon",
        "coordinates": [
          [
            [
              -76.7111224,
              37.266521
            ],
            [
              -76.7110811,
              37.2664401
            ],
            [
              -76.7111559,
              37.2664157
            ],
            [
              -76.7111722,
              37.2664477
            ],
            [
              -76.7111846,
              37.2664436
            ],
            [
              -76.7111946,
              37.2664632
            ],
            [
              -76.7111834,
              37.2664669
            ],
            [
              -76.7111984,
              37.2664962
            ],
            [
              -76.7111224,
              37.266521
            ]
          ]
        ]
      }
    },
    {
      "type": "Feature",
      "properties": {
        "id": 296928901,
        "name": null,
        "building": "house",
        "start_date": "1931"
      },
      "geometry": {
        "type": "Polygon",
        "coordinates": [
          [
            [
              -76.7074012,
              37.2676833
            ],
            [
              -76.7073994,
              37.2676618
            ],
            [
              -76.7073923,
              37.2676622
            ],
            [
              -76.7073861,
              37.2675873
            ],
            [
              -76.7075327,
              37.2675796
            ],
            [
              -76.7075389,
              37.2676545
            ],
            [
              -76.7075128,
              37.2676559
            ],
            [
              -76.7075145,
              37.2676773
            ],
            [
              -76.7074012,
              37.2676833
            ]
          ]
        ]
      }
    },
    {
      "type": "Feature",
      "properties": {
        "id": 296928902,
        "name": null,
        "building": "house",
        "start_date": "1938"
      },
      "geometry": {
        "type": "Polygon",
        "coordinates": [
          [
            [
              -76.7070085,
              37.267675
            ],
            [
              -76.707008,
              37.2676694
            ],
            [
              -76.706989,
              37.2676705
            ],
            [
              -76.7069866,
              37.2676435
            ],
            [
              -76.7070062,
              37.2676423
            ],
            [
              -76.7070005,
              37.2675803
            ],
            [
              -76.7070962,
              37.2675747
            ],
            [
              -76.7070989,
              37.2676047
            ],
            [
              -76.7071168,
              37.2676037
            ],
            [
              -76.7071199,
              37.2676372
            ],
            [
              -76.7070999,
              37.2676384
            ],
            [
              -76.7071027,
              37.2676695
            ],
            [
              -76.7070085,
              37.267675
            ]
          ]
        ]
      }
    },
    {
      "type": "Feature",
      "properties": {
        "id": 296928904,
        "name": null,
        "building": "house",
        "start_date": "1920"
      },
      "geometry": {
        "type": "Polygon",
        "coordinates": [
          [
            [
              -76.7074124,
              37.267489
            ],
            [
              -76.7074107,
              37.2674632
            ],
            [
              -76.7074018,
              37.2674636
            ],
            [
              -76.7073996,
              37.2674301
            ],
            [
              -76.7073863,
              37.2674307
            ],
            [
              -76.7073852,
              37.2674137
            ],
            [
              -76.7073958,
              37.2674132
            ],
            [
              -76.7073934,
              37.2673782
            ],
            [
              -76.7076002,
              37.2673697
            ],
            [
              -76.7076058,
              37.267447
            ],
            [
              -76.7074659,
              37.2674543
            ],
            [
              -76.707468,
              37.2674865
            ],
            [
              -76.7074124,
              37.267489
            ]
          ]
        ]
      }
    },
    {
      "type": "Feature",
      "properties": {
        "id": 296928906,
        "name": null,
        "building": "apartments",
        "start_date": "1938"
      },
      "geometry": {
        "type": "Polygon",
        "coordinates": [
          [
            [
              -76.7069901,
              37.2675335
            ],
            [
              -76.7069805,
              37.2674383
            ],
            [
              -76.7070658,
              37.2674334
            ],
            [
              -76.7070686,
              37.2674644
            ],
            [
              -76.7070873,
              37.2674634
            ],
            [
              -76.7070902,
              37.2674968
            ],
            [
              -76.7070701,
              37.267498
            ],
            [
              -76.7070729,
              37.2675288
            ],
            [
              -76.7069901,
              37.2675335
            ]
          ]
        ]
      }
    },
    {
      "type": "Feature",
      "properties": {
        "id": 296928933,
        "name": null,
        "building": "house",
        "start_date": "1940"
      },
      "geometry": {
        "type": "Polygon",
        "coordinates": [
          [
            [
              -76.7109863,
              37.267265
            ],
            [
              -76.7110502,
              37.2672397
            ],
            [
              -76.7111079,
              37.2673334
            ],
            [
              -76.7110061,
              37.2673734
            ],
            [
              -76.7109579,
              37.2672975
            ],
            [
              -76.7109972,
              37.2672821
            ],
            [
              -76.7109863,
              37.267265
            ]
          ]
        ]
      }
    },
    {
      "type": "Feature",
      "properties": {
        "id": 296928937,
        "name": null,
        "building": "house",
        "start_date": "1940"
      },
      "geometry": {
        "type": "Polygon",
        "coordinates": [
          [
            [
              -76.7111326,
              37.2672236
            ],
            [
              -76.7112347,
              37.2671842
            ],
            [
              -76.7112844,
              37.2672627
            ],
            [
              -76.7111834,
              37.2673033
            ],
            [
              -76.7111326,
              37.2672236
            ]
          ]
        ]
      }
    },
    {
      "type": "Feature",
      "properties": {
        "id": 296928941,
        "name": null,
        "building": "house",
        "start_date": "1941"
      },
      "geometry": {
        "type": "Polygon",
        "coordinates": [
          [
            [
              -76.7068241,
              37.2665214
            ],
            [
              -76.7068224,
              37.2665057
            ],
            [
              -76.7069081,
              37.2664997
            ],
            [
              -76.7069059,
              37.2664797
            ],
            [
              -76.7069639,
              37.2664757
            ],
            [
              -76.7069688,
              37.2665205
            ],
            [
              -76.7069796,
              37.2665197
            ],
            [
              -76.7069819,
              37.2665413
            ],
            [
              -76.7069706,
              37.2665421
            ],
            [
              -76.7069738,
              37.2665716
            ],
            [
              -76.7068123,
              37.2665828
            ],
            [
              -76.7068058,
              37.2665227
            ],
            [
              -76.7068241,
              37.2665214
            ]
          ]
        ]
      }
    },
    {
      "type": "Feature",
      "properties": {
        "id": 296928955,
        "name": null,
        "building": "house",
        "start_date": "1995"
      },
      "geometry": {
        "type": "Polygon",
        "coordinates": [
          [
            [
              -76.706714,
              37.267911
            ],
            [
              -76.706891,
              37.2679017
            ],
            [
              -76.7068968,
              37.2679728
            ],
            [
              -76.7067198,
              37.2679821
            ],
            [
              -76.706714,
              37.267911
            ]
          ]
        ]
      }
    },
    {
      "type": "Feature",
      "properties": {
        "id": 296928963,
        "name": null,
        "building": "house",
        "start_date": "1941"
      },
      "geometry": {
        "type": "Polygon",
        "coordinates": [
          [
            [
              -76.7079574,
              37.2671052
            ],
            [
              -76.7079537,
              37.2670674
            ],
            [
              -76.7078684,
              37.2670728
            ],
            [
              -76.7078644,
              37.2670325
            ],
            [
              -76.7078891,
              37.267031
            ],
            [
              -76.7078859,
              37.2669981
            ],
            [
              -76.7080128,
              37.2669901
            ],
            [
              -76.7080238,
              37.2671011
            ],
            [
              -76.7079574,
              37.2671052
            ]
          ]
        ]
      }
    },
    {
      "type": "Feature",
      "properties": {
        "id": 296928964,
        "name": null,
        "building": "house",
        "start_date": "1950"
      },
      "geometry": {
        "type": "Polygon",
        "coordinates": [
          [
            [
              -76.7079612,
              37.2667263
            ],
            [
              -76.7079588,
              37.2666894
            ],
            [
              -76.7079423,
              37.26669
            ],
            [
              -76.7079398,
              37.2666514
            ],
            [
              -76.7079416,
              37.2666513
            ],
            [
              -76.7079394,
              37.2666184
            ],
            [
              -76.7079459,
              37.2666126
            ],
            [
              -76.7079744,
              37.2666114
            ],
            [
              -76.7079814,
              37.2666165
            ],
            [
              -76.7080128,
              37.2666152
            ],
            [
              -76.7080194,
              37.2666095
            ],
            [
              -76.7080478,
              37.2666083
            ],
            [
              -76.7080558,
              37.2666136
            ],
            [
              -76.7080579,
              37.2666465
            ],
            [
              -76.7080641,
              37.2666463
            ],
            [
              -76.7080689,
              37.2667218
            ],
            [
              -76.7079612,
              37.2667263
            ]
          ]
        ]
      }
    },
    {
      "type": "Feature",
      "properties": {
        "id": 296928966,
        "name": null,
        "building": "house",
        "start_date": "1950"
      },
      "geometry": {
        "type": "Polygon",
        "coordinates": [
          [
            [
              -76.7081417,
              37.2666363
            ],
            [
              -76.7082819,
              37.2666304
            ],
            [
              -76.7082849,
              37.2666743
            ],
            [
              -76.7082568,
              37.2666755
            ],
            [
              -76.7082593,
              37.2667134
            ],
            [
              -76.7081471,
              37.2667181
            ],
            [
              -76.7081417,
              37.2666363
            ]
          ]
        ]
      }
    },
    {
      "type": "Feature",
      "properties": {
        "id": 296928968,
        "name": null,
        "building": "house",
        "start_date": "1932"
      },
      "geometry": {
        "type": "Polygon",
        "coordinates": [
          [
            [
              -76.7086125,
              37.2666613
            ],
            [
              -76.7086114,
              37.2666366
            ],
            [
              -76.7085767,
              37.2666376
            ],
            [
              -76.7085746,
              37.2665912
            ],
            [
              -76.7086065,
              37.2665903
            ],
            [
              -76.7086049,
              37.2665557
            ],
            [
              -76.7087049,
              37.2665529
            ],
            [
              -76.7087063,
              37.2665846
            ],
            [
              -76.7087502,
              37.2665833
            ],
            [
              -76.7087524,
              37.2666338
            ],
            [
              -76.7087118,
              37.2666349
            ],
            [
              -76.7087128,
              37.2666584
            ],
            [
              -76.7086125,
              37.2666613
            ]
          ]
        ]
      }
    },
    {
      "type": "Feature",
      "properties": {
        "id": 296928970,
        "name": null,
        "building": "house",
        "start_date": "1940"
      },
      "geometry": {
        "type": "Polygon",
        "coordinates": [
          [
            [
              -76.7091388,
              37.2664912
            ],
            [
              -76.7092568,
              37.2664864
            ],
            [
              -76.7092619,
              37.2665669
            ],
            [
              -76.7091439,
              37.2665713
            ],
            [
              -76.7091388,
              37.2664912
            ]
          ]
        ]
      }
    },
    {
      "type": "Feature",
      "properties": {
        "id": 296928971,
        "name": null,
        "building": "house",
        "start_date": "1951"
      },
      "geometry": {
        "type": "Polygon",
        "coordinates": [
          [
            [
              -76.7093475,
              37.2669011
            ],
            [
              -76.7093255,
              37.2668714
            ],
            [
              -76.7093237,
              37.266869
            ],
            [
              -76.7093793,
              37.2668427
            ],
            [
              -76.7093996,
              37.2668331
            ],
            [
              -76.7094071,
              37.2668295
            ],
            [
              -76.709408,
              37.2668307
            ],
            [
              -76.7094174,
              37.2668262
            ],
            [
              -76.7094235,
              37.2668345
            ],
            [
              -76.7094599,
              37.2668173
            ],
            [
              -76.7094976,
              37.2668681
            ],
            [
              -76.7095153,
              37.2668597
            ],
            [
              -76.7095539,
              37.2669116
            ],
            [
              -76.709489,
              37.2669424
            ],
            [
              -76.7094949,
              37.2669503
            ],
            [
              -76.7094127,
              37.266989
            ],
            [
              -76.7093475,
              37.2669011
            ]
          ]
        ]
      }
    },
    {
      "type": "Feature",
      "properties": {
        "id": 296928972,
        "name": null,
        "building": "house",
        "start_date": "1935"
      },
      "geometry": {
        "type": "Polygon",
        "coordinates": [
          [
            [
              -76.7096684,
              37.2668153
            ],
            [
              -76.7096158,
              37.2667505
            ],
            [
              -76.7096076,
              37.2667547
            ],
            [
              -76.7095833,
              37.2667248
            ],
            [
              -76.7095973,
              37.2667176
            ],
            [
              -76.7095814,
              37.266698
            ],
            [
              -76.7096746,
              37.2666497
            ],
            [
              -76.7096835,
              37.2666605
            ],
            [
              -76.7097284,
              37.2666361
            ],
            [
              -76.7097766,
              37.2667009
            ],
            [
              -76.7097118,
              37.2667345
            ],
            [
              -76.7097451,
              37.2667755
            ],
            [
              -76.7096684,
              37.2668153
            ]
          ]
        ]
      }
    },
    {
      "type": "Feature",
      "properties": {
        "id": 296928986,
        "name": null,
        "building": "house",
        "start_date": "1928"
      },
      "geometry": {
        "type": "Polygon",
        "coordinates": [
          [
            [
              -76.7144584,
              37.2670661
            ],
            [
              -76.7144982,
              37.2670452
            ],
            [
              -76.7145414,
              37.2670977
            ],
            [
              -76.7145309,
              37.2671032
            ],
            [
              -76.7145542,
              37.2671315
            ],
            [
              -76.7145262,
              37.2671463
            ],
            [
              -76.7145312,
              37.2671523
            ],
            [
              -76.7144256,
              37.2672078
            ],
            [
              -76.7143644,
              37.2671334
            ],
            [
              -76.7144687,
              37.2670786
            ],
            [
              -76.7144584,
              37.2670661
            ]
          ]
        ]
      }
    },
    {
      "type": "Feature",
      "properties": {
        "id": 296928990,
        "name": null,
        "building": "house",
        "start_date": "1935"
      },
      "geometry": {
        "type": "Polygon",
        "coordinates": [
          [
            [
              -76.7148698,
              37.2669908
            ],
            [
              -76.7148017,
              37.2669028
            ],
            [
              -76.7148266,
              37.2668905
            ],
            [
              -76.7148473,
              37.2669171
            ],
            [
              -76.7149216,
              37.2668804
            ],
            [
              -76.7149691,
              37.2669417
            ],
            [
              -76.7148698,
              37.2669908
            ]
          ]
        ]
      }
    },
    {
      "type": "Feature",
      "properties": {
        "id": 296928992,
        "name": null,
        "building": "apartments",
        "start_date": "1987"
      },
      "geometry": {
        "type": "Polygon",
        "coordinates": [
          [
            [
              -76.7077114,
              37.2659266
            ],
            [
              -76.7078282,
              37.2659242
            ],
            [
              -76.7078306,
              37.2660011
            ],
            [
              -76.707707,
              37.2660036
            ],
            [
              -76.7077045,
              37.2659267
            ],
            [
              -76.7077114,
              37.2659266
            ]
          ]
        ]
      }
    },
    {
      "type": "Feature",
      "properties": {
        "id": 296928995,
        "name": null,
        "building": "apartments",
        "start_date": "1985"
      },
      "geometry": {
        "type": "Polygon",
        "coordinates": [
          [
            [
              -76.7078111,
              37.2660696
            ],
            [
              -76.7078797,
              37.2660157
            ],
            [
              -76.7079665,
              37.2660862
            ],
            [
              -76.7078978,
              37.2661401
            ],
            [
              -76.7078111,
              37.2660696
            ]
          ]
        ]
      }
    },
    {
      "type": "Feature",
      "properties": {
        "id": 296928996,
        "name": null,
        "building": "apartments",
        "start_date": "1986"
      },
      "geometry": {
        "type": "Polygon",
        "coordinates": [
          [
            [
              -76.7077727,
              37.2661554
            ],
            [
              -76.7076768,
              37.2661617
            ],
            [
              -76.7076684,
              37.2660795
            ],
            [
              -76.7077643,
              37.2660732
            ],
            [
              -76.7077727,
              37.2661554
            ]
          ]
        ]
      }
    },
    {
      "type": "Feature",
      "properties": {
        "id": 296928998,
        "name": null,
        "building": "apartments",
        "start_date": "1985"
      },
      "geometry": {
        "type": "Polygon",
        "coordinates": [
          [
            [
              -76.7076768,
              37.2661617
            ],
            [
              -76.7077727,
              37.2661554
            ],
            [
              -76.7077796,
              37.2661549
            ],
            [
              -76.7077875,
              37.2662316
            ],
            [
              -76.7077806,
              37.266232
            ],
            [
              -76.7076847,
              37.2662383
            ],
            [
              -76.7076768,
              37.2661617
            ]
          ]
        ]
      }
    },
    {
      "type": "Feature",
      "properties": {
        "id": 296928999,
        "name": null,
        "building": "apartments",
        "start_date": "1985"
      },
      "geometry": {
        "type": "Polygon",
        "coordinates": [
          [
            [
              -76.7076847,
              37.2662383
            ],
            [
              -76.7077806,
              37.266232
            ],
            [
              -76.7077907,
              37.2663305
            ],
            [
              -76.7076948,
              37.2663368
            ],
            [
              -76.7076847,
              37.2662383
            ]
          ]
        ]
      }
    },
    {
      "type": "Feature",
      "properties": {
        "id": 296929001,
        "name": null,
        "building": "apartments",
        "start_date": "1984"
      },
      "geometry": {
        "type": "Polygon",
        "coordinates": [
          [
            [
              -76.7081421,
              37.2662235
            ],
            [
              -76.7082657,
              37.2662183
            ],
            [
              -76.7082707,
              37.2662951
            ],
            [
              -76.7081472,
              37.2663003
            ],
            [
              -76.7081421,
              37.2662235
            ]
          ]
        ]
      }
    },
    {
      "type": "Feature",
      "properties": {
        "id": 296929004,
        "name": null,
        "building": "apartments",
        "start_date": "1985"
      },
      "geometry": {
        "type": "Polygon",
        "coordinates": [
          [
            [
              -76.7081843,
              37.2660659
            ],
            [
              -76.7081897,
              37.2661482
            ],
            [
              -76.7081906,
              37.2661619
            ],
            [
              -76.7081908,
              37.2661646
            ],
            [
              -76.7080947,
              37.2661687
            ],
            [
              -76.7080882,
              37.2660699
            ],
            [
              -76.7081843,
              37.2660659
            ]
          ]
        ]
      }
    },
    {
      "type": "Feature",
      "properties": {
        "id": 296929007,
        "name": null,
        "building": "apartments",
        "start_date": "1985"
      },
      "geometry": {
        "type": "Polygon",
        "coordinates": [
          [
            [
              -76.7081843,
              37.2660659
            ],
            [
              -76.7081832,
              37.2660494
            ],
            [
              -76.7082793,
              37.2660454
            ],
            [
              -76.7082858,
              37.2661442
            ],
            [
              -76.7081897,
              37.2661482
            ],
            [
              -76.7081843,
              37.2660659
            ]
          ]
        ]
      }
    },
    {
      "type": "Feature",
      "properties": {
        "id": 296929009,
        "name": null,
        "building": "apartments",
        "start_date": "1985"
      },
      "geometry": {
        "type": "Polygon",
        "coordinates": [
          [
            [
              -76.7083484,
              37.2661278
            ],
            [
              -76.7083444,
              37.2661182
            ],
            [
              -76.7083352,
              37.2661206
            ],
            [
              -76.7083279,
              37.2661028
            ],
            [
              -76.708324,
              37.2661039
            ],
            [
              -76.7083154,
              37.266083
            ],
            [
              -76.7083284,
              37.2660796
            ],
            [
              -76.7083182,
              37.2660548
            ],
            [
              -76.7084364,
              37.2660235
            ],
            [
              -76.7084666,
              37.2660966
            ],
            [
              -76.708434,
              37.2661052
            ],
            [
              -76.7084359,
              37.2661098
            ],
            [
              -76.7084041,
              37.2661182
            ],
            [
              -76.7084022,
              37.2661136
            ],
            [
              -76.7083484,
              37.2661278
            ]
          ]
        ]
      }
    },
    {
      "type": "Feature",
      "properties": {
        "id": 296929012,
        "name": null,
        "building": "apartments",
        "start_date": "1984"
      },
      "geometry": {
        "type": "Polygon",
        "coordinates": [
          [
            [
              -76.7084201,
              37.2662118
            ],
            [
              -76.7084251,
              37.2662886
            ],
            [
              -76.708329,
              37.2662927
            ],
            [
              -76.7083226,
              37.2661939
            ],
            [
              -76.7084187,
              37.2661899
            ],
            [
              -76.7084201,
              37.2662118
            ]
          ]
        ]
      }
    },
    {
      "type": "Feature",
      "properties": {
        "id": 296929015,
        "name": null,
        "building": "apartments",
        "start_date": "1984"
      },
      "geometry": {
        "type": "Polygon",
        "coordinates": [
          [
            [
              -76.7084201,
              37.2662118
            ],
            [
              -76.7085436,
              37.2662067
            ],
            [
              -76.7085487,
              37.2662835
            ],
            [
              -76.7084251,
              37.2662886
            ],
            [
              -76.7084201,
              37.2662118
            ]
          ]
        ]
      }
    },
    {
      "type": "Feature",
      "properties": {
        "id": 296929017,
        "name": null,
        "building": "apartments",
        "start_date": "1984"
      },
      "geometry": {
        "type": "Polygon",
        "coordinates": [
          [
            [
              -76.7088806,
              37.2661796
            ],
            [
              -76.7089768,
              37.2661759
            ],
            [
              -76.7089826,
              37.2662747
            ],
            [
              -76.7088864,
              37.2662783
            ],
            [
              -76.7088806,
              37.2661796
            ]
          ]
        ]
      }
    },
    {
      "type": "Feature",
      "properties": {
        "id": 296929019,
        "name": null,
        "building": "apartments",
        "start_date": "1984"
      },
      "geometry": {
        "type": "Polygon",
        "coordinates": [
          [
            [
              -76.7088504,
              37.2660735
            ],
            [
              -76.7089465,
              37.2660699
            ],
            [
              -76.7089509,
              37.2661467
            ],
            [
              -76.7088274,
              37.2661513
            ],
            [
              -76.7088229,
              37.2660745
            ],
            [
              -76.7088386,
              37.2660739
            ],
            [
              -76.7088504,
              37.2660735
            ]
          ]
        ]
      }
    },
    {
      "type": "Feature",
      "properties": {
        "id": 296929021,
        "name": null,
        "building": "apartments",
        "start_date": "1983"
      },
      "geometry": {
        "type": "Polygon",
        "coordinates": [
          [
            [
              -76.7089465,
              37.2660699
            ],
            [
              -76.7088504,
              37.2660735
            ],
            [
              -76.7088447,
              37.2659747
            ],
            [
              -76.7089408,
              37.2659711
            ],
            [
              -76.7089465,
              37.2660699
            ]
          ]
        ]
      }
    },
    {
      "type": "Feature",
      "properties": {
        "id": 296929105,
        "name": null,
        "building": "apartments",
        "start_date": "1933"
      },
      "geometry": {
        "type": "Polygon",
        "coordinates": [
          [
            [
              -76.7117024,
              37.2678006
            ],
            [
              -76.7118249,
              37.2677501
            ],
            [
              -76.7118562,
              37.2677985
            ],
            [
              -76.7117337,
              37.267849
            ],
            [
              -76.7117024,
              37.2678006
            ]
          ]
        ]
      }
    },
    {
      "type": "Feature",
      "properties": {
        "id": 296929107,
        "name": null,
        "building": "apartments",
        "start_date": "1933"
      },
      "geometry": {
        "type": "Polygon",
        "coordinates": [
          [
            [
              -76.7118308,
              37.267755
            ],
            [
              -76.7119641,
              37.2677006
            ],
            [
              -76.7120022,
              37.2677602
            ],
            [
              -76.7118689,
              37.2678146
            ],
            [
              -76.7118308,
              37.267755
            ]
          ]
        ]
      }
    },
    {
      "type": "Feature",
      "properties": {
        "id": 296929121,
        "name": null,
        "building": "house",
        "start_date": "1975"
      },
      "geometry": {
        "type": "Polygon",
        "coordinates": [
          [
            [
              -76.7141955,
              37.2661426
            ],
            [
              -76.7141247,
              37.2660064
            ],
            [
              -76.7142255,
              37.2659729
            ],
            [
              -76.7142444,
              37.2660093
            ],
            [
              -76.7142557,
              37.2660056
            ],
            [
              -76.7142671,
              37.2660276
            ],
            [
              -76.7142549,
              37.2660316
            ],
            [
              -76.7142753,
              37.2660709
            ],
            [
              -76.7142579,
              37.2660767
            ],
            [
              -76.714278,
              37.2661153
            ],
            [
              -76.7141955,
              37.2661426
            ]
          ]
        ]
      }
    },
    {
      "type": "Feature",
      "properties": {
        "id": 296929122,
        "name": "Indian Springs Apartments",
        "building": "apartments",
        "start_date": "1948"
      },
      "geometry": {
        "type": "Polygon",
        "coordinates": [
          [
            [
              -76.7132487,
              37.2660917
            ],
            [
              -76.7133361,
              37.2660394
            ],
            [
              -76.7136305,
              37.2663531
            ],
            [
              -76.7135431,
              37.2664055
            ],
            [
              -76.7132487,
              37.2660917
            ]
          ]
        ]
      }
    },
    {
      "type": "Feature",
      "properties": {
        "id": 296929123,
        "name": null,
        "building": "garage",
        "start_date": "1955"
      },
      "geometry": {
        "type": "Polygon",
        "coordinates": [
          [
            [
              -76.7105968,
              37.2675103
            ],
            [
              -76.7106324,
              37.2674951
            ],
            [
              -76.7106632,
              37.2675418
            ],
            [
              -76.7106274,
              37.2675568
            ],
            [
              -76.7105968,
              37.2675103
            ]
          ]
        ]
      }
    },
    {
      "type": "Feature",
      "properties": {
        "id": 296929124,
        "name": null,
        "building": "house",
        "start_date": "1962"
      },
      "geometry": {
        "type": "Polygon",
        "coordinates": [
          [
            [
              -76.7106605,
              37.266844
            ],
            [
              -76.7105776,
              37.2667184
            ],
            [
              -76.7105949,
              37.2667111
            ],
            [
              -76.7105579,
              37.2666549
            ],
            [
              -76.7106566,
              37.2666134
            ],
            [
              -76.7107151,
              37.2667022
            ],
            [
              -76.7107292,
              37.2666962
            ],
            [
              -76.7107521,
              37.266731
            ],
            [
              -76.7107344,
              37.2667384
            ],
            [
              -76.7107486,
              37.2667599
            ],
            [
              -76.7107623,
              37.2667542
            ],
            [
              -76.7107866,
              37.266791
            ],
            [
              -76.7106605,
              37.266844
            ]
          ]
        ]
      }
    },
    {
      "type": "Feature",
      "properties": {
        "id": 296929125,
        "name": null,
        "building": "house",
        "start_date": "1955"
      },
      "geometry": {
        "type": "Polygon",
        "coordinates": [
          [
            [
              -76.7107486,
              37.2675259
            ],
            [
              -76.7107055,
              37.2674634
            ],
            [
              -76.7106768,
              37.267476
            ],
            [
              -76.7106444,
              37.267429
            ],
            [
              -76.7107599,
              37.2673782
            ],
            [
              -76.7107994,
              37.2674355
            ],
            [
              -76.7108195,
              37.2674266
            ],
            [
              -76.7108555,
              37.2674789
            ],
            [
              -76.7107486,
              37.2675259
            ]
          ]
        ]
      }
    },
    {
      "type": "Feature",
      "properties": {
        "id": 296929129,
        "name": null,
        "building": "house",
        "start_date": "1929"
      },
      "geometry": {
        "type": "Polygon",
        "coordinates": [
          [
            [
              -76.7108998,
              37.2677804
            ],
            [
              -76.7109548,
              37.2677562
            ],
            [
              -76.7109703,
              37.2677786
            ],
            [
              -76.710978,
              37.2677752
            ],
            [
              -76.7110309,
              37.2678518
            ],
            [
              -76.7109077,
              37.2679062
            ],
            [
              -76.7108675,
              37.2678481
            ],
            [
              -76.7109085,
              37.26783
            ],
            [
              -76.7108958,
              37.2678116
            ],
            [
              -76.7109153,
              37.2678029
            ],
            [
              -76.7108998,
              37.2677804
            ]
          ]
        ]
      }
    },
    {
      "type": "Feature",
      "properties": {
        "id": 296929133,
        "name": null,
        "building": "house",
        "start_date": "1974"
      },
      "geometry": {
        "type": "Polygon",
        "coordinates": [
          [
            [
              -76.7112056,
              37.2661207
            ],
            [
              -76.7112595,
              37.2661018
            ],
            [
              -76.7112984,
              37.2661726
            ],
            [
              -76.7112006,
              37.2662069
            ],
            [
              -76.7111664,
              37.2661447
            ],
            [
              -76.7112103,
              37.2661293
            ],
            [
              -76.7112056,
              37.2661207
            ]
          ]
        ]
      }
    },
    {
      "type": "Feature",
      "properties": {
        "id": 296929135,
        "name": "John Digges Condominium",
        "building": "apartments",
        "start_date": "1990"
      },
      "geometry": {
        "type": "Polygon",
        "coordinates": [
          [
            [
              -76.7060097,
              37.2660035
            ],
            [
              -76.7062146,
              37.266004
            ],
            [
              -76.7062148,
              37.2660163
            ],
            [
              -76.7061701,
              37.2660167
            ],
            [
              -76.7061713,
              37.2661155
            ],
            [
              -76.7060097,
              37.2660035
            ]
          ]
        ]
      }
    },
    {
      "type": "Feature",
      "properties": {
        "id": 296929148,
        "name": "John Saunders House",
        "building": "house",
        "start_date": "1750"
      },
      "geometry": {
        "type": "Polygon",
        "coordinates": [
          [
            [
              -76.706573,
              37.2683164
            ],
            [
              -76.7065699,
              37.268259
            ],
            [
              -76.7066151,
              37.2682575
            ],
            [
              -76.7066125,
              37.2682085
            ],
            [
              -76.7066267,
              37.268208
            ],
            [
              -76.7066258,
              37.2681897
            ],
            [
              -76.7066456,
              37.2681891
            ],
            [
              -76.7066717,
              37.2681882
            ],
            [
              -76.7066727,
              37.2682063
            ],
            [
              -76.7066759,
              37.2682062
            ],
            [
              -76.7066784,
              37.2682553
            ],
            [
              -76.7066863,
              37.2682551
            ],
            [
              -76.7066867,
              37.2682645
            ],
            [
              -76.7066986,
              37.2682641
            ],
            [
              -76.7066994,
              37.2682809
            ],
            [
              -76.706687,
              37.2682813
            ],
            [
              -76.7066887,
              37.2683125
            ],
            [
              -76.706645,
              37.268314
            ],
            [
              -76.706573,
              37.2683164
            ]
          ]
        ]
      }
    },
    {
      "type": "Feature",
      "properties": {
        "id": 296929154,
        "name": null,
        "building": "commercial",
        "start_date": "1931"
      },
      "geometry": {
        "type": "Polygon",
        "coordinates": [
          [
            [
              -76.7069946,
              37.2707506
            ],
            [
              -76.7069893,
              37.270679
            ],
            [
              -76.7068307,
              37.2706864
            ],
            [
              -76.7068337,
              37.2707275
            ],
            [
              -76.7066997,
              37.2707337
            ],
            [
              -76.7066974,
              37.2707018
            ],
            [
              -76.7066669,
              37.2707032
            ],
            [
              -76.7066686,
              37.2707271
            ],
            [
              -76.7064997,
              37.270735
            ],
            [
              -76.7064952,
              37.2706728
            ],
            [
              -76.7064395,
              37.2706754
            ],
            [
              -76.7064413,
              37.2706997
            ],
            [
              -76.7063243,
              37.2707051
            ],
            [
              -76.7063187,
              37.2706285
            ],
            [
              -76.7063293,
              37.270628
            ],
            [
              -76.7063198,
              37.2704977
            ],
            [
              -76.7064244,
              37.2704929
            ],
            [
              -76.7064247,
              37.270498
            ],
            [
              -76.7064918,
              37.2704949
            ],
            [
              -76.7064874,
              37.2704353
            ],
            [
              -76.7066419,
              37.2704281
            ],
            [
              -76.7066361,
              37.2703469
            ],
            [
              -76.7068327,
              37.2703373
            ],
            [
              -76.7068351,
              37.2703556
            ],
            [
              -76.7069173,
              37.2703523
            ],
            [
              -76.7069157,
              37.2703983
            ],
            [
              -76.7069252,
              37.2704397
            ],
            [
              -76.706845,
              37.2704442
            ],
            [
              -76.7068519,
              37.2705386
            ],
            [
              -76.7070667,
              37.2705229
            ],
            [
              -76.707085,
              37.2707464
            ],
            [
              -76.7069946,
              37.2707506
            ]
          ]
        ]
      }
    },
    {
      "type": "Feature",
      "properties": {
        "id": 296929159,
        "name": null,
        "building": "house",
        "start_date": "1977"
      },
      "geometry": {
        "type": "Polygon",
        "coordinates": [
          [
            [
              -76.7111738,
              37.2667259
            ],
            [
              -76.7112538,
              37.2666929
            ],
            [
              -76.7113237,
              37.2668012
            ],
            [
              -76.7112438,
              37.2668342
            ],
            [
              -76.7111738,
              37.2667259
            ]
          ]
        ]
      }
    },
    {
      "type": "Feature",
      "properties": {
        "id": 296929166,
        "name": null,
        "building": "house",
        "start_date": "1925"
      },
      "geometry": {
        "type": "Polygon",
        "coordinates": [
          [
            [
              -76.7099652,
              37.2685872
            ],
            [
              -76.7099281,
              37.2685162
            ],
            [
              -76.7099201,
              37.268501
            ],
            [
              -76.7099822,
              37.2684799
            ],
            [
              -76.7099712,
              37.2684571
            ],
            [
              -76.710087,
              37.2684172
            ],
            [
              -76.7100991,
              37.2684398
            ],
            [
              -76.710103,
              37.2684385
            ],
            [
              -76.7101523,
              37.2685297
            ],
            [
              -76.7100696,
              37.2685582
            ],
            [
              -76.7100736,
              37.2685653
            ],
            [
              -76.7100358,
              37.2685778
            ],
            [
              -76.7100291,
              37.2685656
            ],
            [
              -76.7099652,
              37.2685872
            ]
          ]
        ]
      }
    },
    {
      "type": "Feature",
      "properties": {
        "id": 296929168,
        "name": null,
        "building": "house",
        "start_date": "1938"
      },
      "geometry": {
        "type": "Polygon",
        "coordinates": [
          [
            [
              -76.7102682,
              37.266803
            ],
            [
              -76.7103502,
              37.2667669
            ],
            [
              -76.7103721,
              37.2667986
            ],
            [
              -76.710386,
              37.2667923
            ],
            [
              -76.7104287,
              37.2668574
            ],
            [
              -76.7103242,
              37.2669034
            ],
            [
              -76.7102809,
              37.2668406
            ],
            [
              -76.7102915,
              37.2668359
            ],
            [
              -76.7102682,
              37.266803
            ]
          ]
        ]
      }
    },
    {
      "type": "Feature",
      "properties": {
        "id": 296929172,
        "name": null,
        "building": "garage",
        "start_date": "1932"
      },
      "geometry": {
        "type": "Polygon",
        "coordinates": [
          [
            [
              -76.7114712,
              37.2676654
            ],
            [
              -76.7115324,
              37.2676391
            ],
            [
              -76.7115677,
              37.2676915
            ],
            [
              -76.7115064,
              37.2677178
            ],
            [
              -76.7114712,
              37.2676654
            ]
          ]
        ]
      }
    },
    {
      "type": "Feature",
      "properties": {
        "id": 296929173,
        "name": null,
        "building": "house",
        "start_date": "1932"
      },
      "geometry": {
        "type": "Polygon",
        "coordinates": [
          [
            [
              -76.7113009,
              37.2677868
            ],
            [
              -76.7112877,
              37.2677663
            ],
            [
              -76.7113533,
              37.2677393
            ],
            [
              -76.711366,
              37.2677591
            ],
            [
              -76.7113993,
              37.2677454
            ],
            [
              -76.7114193,
              37.2677766
            ],
            [
              -76.7114483,
              37.2677647
            ],
            [
              -76.7114726,
              37.2678026
            ],
            [
              -76.7114434,
              37.2678146
            ],
            [
              -76.7114462,
              37.2678189
            ],
            [
              -76.7113423,
              37.2678616
            ],
            [
              -76.7112956,
              37.2677889
            ],
            [
              -76.7113009,
              37.2677868
            ]
          ]
        ]
      }
    },
    {
      "type": "Feature",
      "properties": {
        "id": 296929178,
        "name": "MHI Hospitality",
        "building": "yes",
        "start_date": "1771"
      },
      "geometry": {
        "type": "Polygon",
        "coordinates": [
          [
            [
              -76.7064622,
              37.2695596
            ],
            [
              -76.7064612,
              37.2695393
            ],
            [
              -76.7063803,
              37.2695418
            ],
            [
              -76.7063753,
              37.2694407
            ],
            [
              -76.7065791,
              37.2694343
            ],
            [
              -76.7065839,
              37.2695327
            ],
            [
              -76.7065059,
              37.2695352
            ],
            [
              -76.706507,
              37.2695582
            ],
            [
              -76.7064622,
              37.2695596
            ]
          ]
        ]
      }
    },
    {
      "type": "Feature",
      "properties": {
        "id": 296929181,
        "name": null,
        "building": "garage",
        "start_date": "1920"
      },
      "geometry": {
        "type": "Polygon",
        "coordinates": [
          [
            [
              -76.7111083,
              37.2684391
            ],
            [
              -76.7111432,
              37.2684257
            ],
            [
              -76.7111791,
              37.2684847
            ],
            [
              -76.7111442,
              37.2684982
            ],
            [
              -76.7111083,
              37.2684391
            ]
          ]
        ]
      }
    },
    {
      "type": "Feature",
      "properties": {
        "id": 296929182,
        "name": null,
        "building": "apartments",
        "start_date": "1920"
      },
      "geometry": {
        "type": "Polygon",
        "coordinates": [
          [
            [
              -76.7112634,
              37.2684962
            ],
            [
              -76.7112324,
              37.2684503
            ],
            [
              -76.7112858,
              37.2684273
            ],
            [
              -76.7112735,
              37.268409
            ],
            [
              -76.7112519,
              37.2684183
            ],
            [
              -76.71123,
              37.2683859
            ],
            [
              -76.7113602,
              37.2683298
            ],
            [
              -76.7114251,
              37.2684259
            ],
            [
              -76.7114124,
              37.2684314
            ],
            [
              -76.7114167,
              37.2684378
            ],
            [
              -76.7113225,
              37.2684784
            ],
            [
              -76.7113184,
              37.2684724
            ],
            [
              -76.7112634,
              37.2684962
            ]
          ]
        ]
      }
    },
    {
      "type": "Feature",
      "properties": {
        "id": 296929183,
        "name": "Mann Townhouse",
        "building": "apartments",
        "start_date": "1980"
      },
      "geometry": {
        "type": "Polygon",
        "coordinates": [
          [
            [
              -76.7066841,
              37.2661702
            ],
            [
              -76.7068369,
              37.2661669
            ],
            [
              -76.7068381,
              37.2662206
            ],
            [
              -76.7066871,
              37.266223
            ],
            [
              -76.7066791,
              37.2662231
            ],
            [
              -76.706678,
              37.2661703
            ],
            [
              -76.7066841,
              37.2661702
            ]
          ]
        ]
      }
    },
    {
      "type": "Feature",
      "properties": {
        "id": 296929184,
        "name": "Martin Townhouse",
        "building": "apartments",
        "start_date": "1980"
      },
      "geometry": {
        "type": "Polygon",
        "coordinates": [
          [
            [
              -76.7066722,
              37.2660395
            ],
            [
              -76.7068338,
              37.2660351
            ],
            [
              -76.7068352,
              37.2660992
            ],
            [
              -76.7066826,
              37.2661018
            ],
            [
              -76.7066735,
              37.266102
            ],
            [
              -76.7066722,
              37.2660395
            ]
          ]
        ]
      }
    },
    {
      "type": "Feature",
      "properties": {
        "id": 296929188,
        "name": null,
        "building": "house",
        "start_date": "1950"
      },
      "geometry": {
        "type": "Polygon",
        "coordinates": [
          [
            [
              -76.7100756,
              37.2664762
            ],
            [
              -76.7101066,
              37.2664607
            ],
            [
              -76.7101152,
              37.2664716
            ],
            [
              -76.7101442,
              37.2664571
            ],
            [
              -76.7102019,
              37.2665302
            ],
            [
              -76.710102,
              37.2665805
            ],
            [
              -76.7100441,
              37.266507
            ],
            [
              -76.710084,
              37.2664869
            ],
            [
              -76.7100756,
              37.2664762
            ]
          ]
        ]
      }
    },
    {
      "type": "Feature",
      "properties": {
        "id": 296929189,
        "name": null,
        "building": "garage",
        "start_date": "1951"
      },
      "geometry": {
        "type": "Polygon",
        "coordinates": [
          [
            [
              -76.7095932,
              37.2660693
            ],
            [
              -76.7096581,
              37.2660607
            ],
            [
              -76.7096708,
              37.2661215
            ],
            [
              -76.7096058,
              37.2661301
            ],
            [
              -76.7095932,
              37.2660693
            ]
          ]
        ]
      }
    },
    {
      "type": "Feature",
      "properties": {
        "id": 296929190,
        "name": null,
        "building": "house",
        "start_date": "1951"
      },
      "geometry": {
        "type": "Polygon",
        "coordinates": [
          [
            [
              -76.7097557,
              37.266012
            ],
            [
              -76.7097547,
              37.265974
            ],
            [
              -76.7098059,
              37.2659732
            ],
            [
              -76.7098068,
              37.2660093
            ],
            [
              -76.7098158,
              37.2660091
            ],
            [
              -76.7098189,
              37.2661229
            ],
            [
              -76.7097202,
              37.2661246
            ],
            [
              -76.7097173,
              37.2660127
            ],
            [
              -76.7097557,
              37.266012
            ]
          ]
        ]
      }
    },
    {
      "type": "Feature",
      "properties": {
        "id": 296929195,
        "name": null,
        "building": "house",
        "start_date": "1963"
      },
      "geometry": {
        "type": "Polygon",
        "coordinates": [
          [
            [
              -76.712507,
              37.2662422
            ],
            [
              -76.7125658,
              37.2661718
            ],
            [
              -76.7127101,
              37.2662507
            ],
            [
              -76.7126466,
              37.2663279
            ],
            [
              -76.7126043,
              37.2663054
            ],
            [
              -76.7126108,
              37.2662976
            ],
            [
              -76.712507,
              37.2662422
            ]
          ]
        ]
      }
    },
    {
      "type": "Feature",
      "properties": {
        "id": 296929198,
        "name": null,
        "building": "house",
        "start_date": "1978"
      },
      "geometry": {
        "type": "Polygon",
        "coordinates": [
          [
            [
              -76.7105182,
              37.2665585
            ],
            [
              -76.7104886,
              37.2665105
            ],
            [
              -76.710473,
              37.2665166
            ],
            [
              -76.7104187,
              37.2664289
            ],
            [
              -76.7105261,
              37.2663865
            ],
            [
              -76.7105545,
              37.2664325
            ],
            [
              -76.7105349,
              37.2664402
            ],
            [
              -76.7105586,
              37.2664786
            ],
            [
              -76.7105702,
              37.266474
            ],
            [
              -76.710602,
              37.2665254
            ],
            [
              -76.7105182,
              37.2665585
            ]
          ]
        ]
      }
    },
    {
      "type": "Feature",
      "properties": {
        "id": 296929199,
        "name": null,
        "building": "garage",
        "start_date": "1937"
      },
      "geometry": {
        "type": "Polygon",
        "coordinates": [
          [
            [
              -76.7104431,
              37.267427
            ],
            [
              -76.7104841,
              37.2674113
            ],
            [
              -76.7105162,
              37.2674649
            ],
            [
              -76.7104751,
              37.2674806
            ],
            [
              -76.7104431,
              37.267427
            ]
          ]
        ]
      }
    },
    {
      "type": "Feature",
      "properties": {
        "id": 296929200,
        "name": null,
        "building": "garage",
        "start_date": "1923"
      },
      "geometry": {
        "type": "Polygon",
        "coordinates": [
          [
            [
              -76.7106046,
              37.2687723
            ],
            [
              -76.7106719,
              37.2687459
            ],
            [
              -76.710675,
              37.2687508
            ],
            [
              -76.7106907,
              37.2687446
            ],
            [
              -76.710697,
              37.2687549
            ],
            [
              -76.710684,
              37.2687601
            ],
            [
              -76.7107098,
              37.268802
            ],
            [
              -76.7106398,
              37.2688295
            ],
            [
              -76.7106046,
              37.2687723
            ]
          ]
        ]
      }
    },
    {
      "type": "Feature",
      "properties": {
        "id": 296929201,
        "name": null,
        "building": "house",
        "start_date": "1937"
      },
      "geometry": {
        "type": "Polygon",
        "coordinates": [
          [
            [
              -76.7103482,
              37.2675491
            ],
            [
              -76.7103388,
              37.2675331
            ],
            [
              -76.7102978,
              37.2675487
            ],
            [
              -76.7102918,
              37.2675385
            ],
            [
              -76.7102653,
              37.2675485
            ],
            [
              -76.7102476,
              37.2675188
            ],
            [
              -76.7102817,
              37.2675059
            ],
            [
              -76.7102666,
              37.2674811
            ],
            [
              -76.7103527,
              37.2674463
            ],
            [
              -76.7103645,
              37.267465
            ],
            [
              -76.7104292,
              37.2674406
            ],
            [
              -76.7104636,
              37.2674986
            ],
            [
              -76.7103482,
              37.2675491
            ]
          ]
        ]
      }
    },
    {
      "type": "Feature",
      "properties": {
        "id": 296929202,
        "name": null,
        "building": "house",
        "start_date": "1923"
      },
      "geometry": {
        "type": "Polygon",
        "coordinates": [
          [
            [
              -76.7105323,
              37.2687278
            ],
            [
              -76.71045,
              37.268598
            ],
            [
              -76.7105118,
              37.268573
            ],
            [
              -76.710527,
              37.268597
            ],
            [
              -76.7105618,
              37.2685829
            ],
            [
              -76.7105766,
              37.2686063
            ],
            [
              -76.7105872,
              37.268602
            ],
            [
              -76.7106394,
              37.2686844
            ],
            [
              -76.7105323,
              37.2687278
            ]
          ]
        ]
      }
    },
    {
      "type": "Feature",
      "properties": {
        "id": 296929204,
        "name": null,
        "building": "house",
        "start_date": "1951"
      },
      "geometry": {
        "type": "Polygon",
        "coordinates": [
          [
            [
              -76.7072722,
              37.2662466
            ],
            [
              -76.7072711,
              37.2662277
            ],
            [
              -76.7072485,
              37.2662285
            ],
            [
              -76.7072465,
              37.2661932
            ],
            [
              -76.7072304,
              37.2661937
            ],
            [
              -76.707229,
              37.2661685
            ],
            [
              -76.7072437,
              37.2661679
            ],
            [
              -76.7072418,
              37.2661333
            ],
            [
              -76.7073965,
              37.2661278
            ],
            [
              -76.7074042,
              37.2661958
            ],
            [
              -76.7073628,
              37.2661973
            ],
            [
              -76.7073642,
              37.2662225
            ],
            [
              -76.7073449,
              37.2662232
            ],
            [
              -76.7073461,
              37.266244
            ],
            [
              -76.7072722,
              37.2662466
            ]
          ]
        ]
      }
    },
    {
      "type": "Feature",
      "properties": {
        "id": 296929208,
        "name": null,
        "building": "garage",
        "start_date": "1925"
      },
      "geometry": {
        "type": "Polygon",
        "coordinates": [
          [
            [
              -76.7109011,
              37.2686024
            ],
            [
              -76.7109631,
              37.2685757
            ],
            [
              -76.7109969,
              37.2686257
            ],
            [
              -76.7109349,
              37.2686524
            ],
            [
              -76.7109011,
              37.2686024
            ]
          ]
        ]
      }
    },
    {
      "type": "Feature",
      "properties": {
        "id": 296929209,
        "name": "Old Presbyterian Manse",
        "building": "house",
        "start_date": "1925"
      },
      "geometry": {
        "type": "Polygon",
        "coordinates": [
          [
            [
              -76.7107146,
              37.2685033
            ],
            [
              -76.7107508,
              37.2684886
            ],
            [
              -76.7107563,
              37.2684972
            ],
            [
              -76.7107967,
              37.2684808
            ],
            [
              -76.7108052,
              37.2684942
            ],
            [
              -76.7108361,
              37.2684816
            ],
            [
              -76.7108677,
              37.2685314
            ],
            [
              -76.7108373,
              37.2685438
            ],
            [
              -76.7108475,
              37.2685599
            ],
            [
              -76.7107313,
              37.268607
            ],
            [
              -76.710681,
              37.2685277
            ],
            [
              -76.71072,
              37.2685119
            ],
            [
              -76.7107146,
              37.2685033
            ]
          ]
        ]
      }
    },
    {
      "type": "Feature",
      "properties": {
        "id": 296929211,
        "name": null,
        "building": "house",
        "start_date": "1949"
      },
      "geometry": {
        "type": "Polygon",
        "coordinates": [
          [
            [
              -76.7113606,
              37.2678845
            ],
            [
              -76.7114398,
              37.2678503
            ],
            [
              -76.7114523,
              37.2678688
            ],
            [
              -76.7114619,
              37.2678647
            ],
            [
              -76.7114709,
              37.267878
            ],
            [
              -76.7114585,
              37.2678833
            ],
            [
              -76.7114885,
              37.2679277
            ],
            [
              -76.7114121,
              37.2679607
            ],
            [
              -76.7113606,
              37.2678845
            ]
          ]
        ]
      }
    },
    {
      "type": "Feature",
      "properties": {
        "id": 296929212,
        "name": "Page Funeral Home",
        "building": "apartments",
        "start_date": "1936"
      },
      "geometry": {
        "type": "Polygon",
        "coordinates": [
          [
            [
              -76.7116322,
              37.2674086
            ],
            [
              -76.7116144,
              37.267381
            ],
            [
              -76.7117007,
              37.2673456
            ],
            [
              -76.711735,
              37.2673992
            ],
            [
              -76.7117564,
              37.2673904
            ],
            [
              -76.7117705,
              37.2674124
            ],
            [
              -76.7117491,
              37.2674212
            ],
            [
              -76.711771,
              37.2674554
            ],
            [
              -76.7115264,
              37.2675556
            ],
            [
              -76.7114848,
              37.2674908
            ],
            [
              -76.7115673,
              37.267457
            ],
            [
              -76.711567,
              37.2674565
            ],
            [
              -76.7115562,
              37.2674397
            ],
            [
              -76.7116239,
              37.267412
            ],
            [
              -76.7116322,
              37.2674086
            ]
          ]
        ]
      }
    },
    {
      "type": "Feature",
      "properties": {
        "id": 296929213,
        "name": "Parking Attendant Booth",
        "building": "yes",
        "start_date": "2003"
      },
      "geometry": {
        "type": "Polygon",
        "coordinates": [
          [
            [
              -76.7063346,
              37.2685313
            ],
            [
              -76.7063619,
              37.2685302
            ],
            [
              -76.7063647,
              37.2685724
            ],
            [
              -76.7063374,
              37.2685736
            ],
            [
              -76.7063346,
              37.2685313
            ]
          ]
        ]
      }
    },
    {
      "type": "Feature",
      "properties": {
        "id": 296929214,
        "name": "Pehrson Townhouse",
        "building": "apartments",
        "start_date": "1980"
      },
      "geometry": {
        "type": "Polygon",
        "coordinates": [
          [
            [
              -76.7067005,
              37.2662914
            ],
            [
              -76.7068498,
              37.2662882
            ],
            [
              -76.7068593,
              37.266288
            ],
            [
              -76.7068608,
              37.266358
            ],
            [
              -76.706702,
              37.2663602
            ],
            [
              -76.7067005,
              37.2662914
            ]
          ]
        ]
      }
    },
    {
      "type": "Feature",
      "properties": {
        "id": 296929218,
        "name": null,
        "building": "house",
        "start_date": "1949"
      },
      "geometry": {
        "type": "Polygon",
        "coordinates": [
          [
            [
              -76.7101035,
              37.2679557
            ],
            [
              -76.7101506,
              37.2679321
            ],
            [
              -76.7101616,
              37.267946
            ],
            [
              -76.7102074,
              37.2679231
            ],
            [
              -76.7102481,
              37.2679751
            ],
            [
              -76.7102019,
              37.2679983
            ],
            [
              -76.7102225,
              37.2680245
            ],
            [
              -76.7101138,
              37.2680789
            ],
            [
              -76.7100638,
              37.2680151
            ],
            [
              -76.7101257,
              37.2679841
            ],
            [
              -76.7101035,
              37.2679557
            ]
          ]
        ]
      }
    },
    {
      "type": "Feature",
      "properties": {
        "id": 296929222,
        "name": null,
        "building": "house",
        "start_date": "1925"
      },
      "geometry": {
        "type": "Polygon",
        "coordinates": [
          [
            [
              -76.7105171,
              37.2681814
            ],
            [
              -76.7105105,
              37.2681764
            ],
            [
              -76.7105065,
              37.2681798
            ],
            [
              -76.7104699,
              37.2681524
            ],
            [
              -76.710465,
              37.2681566
            ],
            [
              -76.7104469,
              37.2681431
            ],
            [
              -76.7104518,
              37.2681389
            ],
            [
              -76.7104245,
              37.2681184
            ],
            [
              -76.7104198,
              37.2681224
            ],
            [
              -76.7103897,
              37.2680999
            ],
            [
              -76.7104132,
              37.2680798
            ],
            [
              -76.7104433,
              37.2681024
            ],
            [
              -76.7104549,
              37.2680925
            ],
            [
              -76.7104504,
              37.2680891
            ],
            [
              -76.7104617,
              37.2680795
            ],
            [
              -76.7104662,
              37.2680828
            ],
            [
              -76.7105,
              37.268054
            ],
            [
              -76.710504,
              37.268057
            ],
            [
              -76.7106144,
              37.2680079
            ],
            [
              -76.7106479,
              37.268056
            ],
            [
              -76.7105891,
              37.2680822
            ],
            [
              -76.7106197,
              37.2681056
            ],
            [
              -76.7105492,
              37.2681657
            ],
            [
              -76.7105419,
              37.2681602
            ],
            [
              -76.7105171,
              37.2681814
            ]
          ]
        ]
      }
    },
    {
      "type": "Feature",
      "properties": {
        "id": 296929223,
        "name": null,
        "building": "house",
        "start_date": "1928"
      },
      "geometry": {
        "type": "Polygon",
        "coordinates": [
          [
            [
              -76.7097669,
              37.2680943
            ],
            [
              -76.7098734,
              37.2680419
            ],
            [
              -76.7099282,
              37.2681132
            ],
            [
              -76.7098224,
              37.2681653
            ],
            [
              -76.7097669,
              37.2680943
            ]
          ]
        ]
      }
    },
    {
      "type": "Feature",
      "properties": {
        "id": 296929224,
        "name": null,
        "building": "garage",
        "start_date": "1931"
      },
      "geometry": {
        "type": "Polygon",
        "coordinates": [
          [
            [
              -76.7106637,
              37.2678289
            ],
            [
              -76.7107022,
              37.2678147
            ],
            [
              -76.7107308,
              37.2678643
            ],
            [
              -76.7106924,
              37.2678785
            ],
            [
              -76.7106637,
              37.2678289
            ]
          ]
        ]
      }
    },
    {
      "type": "Feature",
      "properties": {
        "id": 296929225,
        "name": null,
        "building": "house",
        "start_date": "1931"
      },
      "geometry": {
        "type": "Polygon",
        "coordinates": [
          [
            [
              -76.7104502,
              37.2679532
            ],
            [
              -76.7104098,
              37.2678939
            ],
            [
              -76.7103924,
              37.2679015
            ],
            [
              -76.7103498,
              37.2678391
            ],
            [
              -76.7104737,
              37.2677852
            ],
            [
              -76.7104862,
              37.2678035
            ],
            [
              -76.710518,
              37.2677897
            ],
            [
              -76.7105475,
              37.267833
            ],
            [
              -76.7104742,
              37.2678649
            ],
            [
              -76.7105152,
              37.2679249
            ],
            [
              -76.7104502,
              37.2679532
            ]
          ]
        ]
      }
    },
    {
      "type": "Feature",
      "properties": {
        "id": 296929229,
        "name": null,
        "building": "house",
        "start_date": "1989"
      },
      "geometry": {
        "type": "Polygon",
        "coordinates": [
          [
            [
              -76.7076625,
              37.2672145
            ],
            [
              -76.7076593,
              37.2671401
            ],
            [
              -76.7076513,
              37.2671403
            ],
            [
              -76.7076452,
              37.2669967
            ],
            [
              -76.70774,
              37.2669942
            ],
            [
              -76.7077423,
              37.2670497
            ],
            [
              -76.7077596,
              37.2670492
            ],
            [
              -76.7077611,
              37.2670847
            ],
            [
              -76.70775,
              37.267085
            ],
            [
              -76.7077554,
              37.267212
            ],
            [
              -76.7076625,
              37.2672145
            ]
          ]
        ]
      }
    },
    {
      "type": "Feature",
      "properties": {
        "id": 296929230,
        "name": null,
        "building": "yes",
        "start_date": "1989"
      },
      "geometry": {
        "type": "Polygon",
        "coordinates": [
          [
            [
              -76.7077255,
              37.2673006
            ],
            [
              -76.7077261,
              37.2672626
            ],
            [
              -76.7077914,
              37.2672632
            ],
            [
              -76.7077908,
              37.2673012
            ],
            [
              -76.7077255,
              37.2673006
            ]
          ]
        ]
      }
    },
    {
      "type": "Feature",
      "properties": {
        "id": 296929244,
        "name": null,
        "building": "yes",
        "start_date": "1920"
      },
      "geometry": {
        "type": "Polygon",
        "coordinates": [
          [
            [
              -76.7120176,
              37.2683201
            ],
            [
              -76.7120077,
              37.2683241
            ],
            [
              -76.7119741,
              37.2682726
            ],
            [
              -76.7120031,
              37.2682606
            ],
            [
              -76.7120365,
              37.2683124
            ],
            [
              -76.712042,
              37.2683209
            ],
            [
              -76.7120231,
              37.2683287
            ],
            [
              -76.7120176,
              37.2683201
            ]
          ]
        ]
      }
    },
    {
      "type": "Feature",
      "properties": {
        "id": 296929249,
        "name": null,
        "building": "house",
        "start_date": "1967"
      },
      "geometry": {
        "type": "Polygon",
        "coordinates": [
          [
            [
              -76.7101888,
              37.2659419
            ],
            [
              -76.710273,
              37.2659021
            ],
            [
              -76.7103939,
              37.2660655
            ],
            [
              -76.7103002,
              37.2661098
            ],
            [
              -76.7102486,
              37.26604
            ],
            [
              -76.7102581,
              37.2660355
            ],
            [
              -76.7101888,
              37.2659419
            ]
          ]
        ]
      }
    },
    {
      "type": "Feature",
      "properties": {
        "id": 296929250,
        "name": null,
        "building": "house",
        "start_date": "1966"
      },
      "geometry": {
        "type": "Polygon",
        "coordinates": [
          [
            [
              -76.7149741,
              37.2667573
            ],
            [
              -76.7150973,
              37.2666962
            ],
            [
              -76.7151632,
              37.266781
            ],
            [
              -76.7150427,
              37.2668408
            ],
            [
              -76.7150588,
              37.2668615
            ],
            [
              -76.7149794,
              37.2669009
            ],
            [
              -76.7149184,
              37.2668223
            ],
            [
              -76.714995,
              37.2667843
            ],
            [
              -76.7149741,
              37.2667573
            ]
          ]
        ]
      }
    },
    {
      "type": "Feature",
      "properties": {
        "id": 296929251,
        "name": null,
        "building": "house",
        "start_date": "1965"
      },
      "geometry": {
        "type": "Polygon",
        "coordinates": [
          [
            [
              -76.7108063,
              37.2676329
            ],
            [
              -76.7108524,
              37.267613
            ],
            [
              -76.7108644,
              37.2676308
            ],
            [
              -76.710879,
              37.2676245
            ],
            [
              -76.7109361,
              37.2677088
            ],
            [
              -76.7109227,
              37.2677146
            ],
            [
              -76.7109375,
              37.2677363
            ],
            [
              -76.7108531,
              37.2677728
            ],
            [
              -76.7107833,
              37.2676698
            ],
            [
              -76.7108204,
              37.2676537
            ],
            [
              -76.7108063,
              37.2676329
            ]
          ]
        ]
      }
    },
    {
      "type": "Feature",
      "properties": {
        "id": 296929254,
        "name": null,
        "building": "house",
        "start_date": "1989"
      },
      "geometry": {
        "type": "Polygon",
        "coordinates": [
          [
            [
              -76.7081798,
              37.2671932
            ],
            [
              -76.7081758,
              37.267134
            ],
            [
              -76.7081666,
              37.2671344
            ],
            [
              -76.7081576,
              37.2670028
            ],
            [
              -76.7082656,
              37.2669981
            ],
            [
              -76.7082788,
              37.2671889
            ],
            [
              -76.7081798,
              37.2671932
            ]
          ]
        ]
      }
    },
    {
      "type": "Feature",
      "properties": {
        "id": 296929261,
        "name": null,
        "building": "house",
        "start_date": "1930"
      },
      "geometry": {
        "type": "Polygon",
        "coordinates": [
          [
            [
              -76.7064043,
              37.2672611
            ],
            [
              -76.7064471,
              37.2672588
            ],
            [
              -76.7064517,
              37.2673129
            ],
            [
              -76.7064089,
              37.2673153
            ],
            [
              -76.7064043,
              37.2672611
            ]
          ]
        ]
      }
    },
    {
      "type": "Feature",
      "properties": {
        "id": 296929264,
        "name": null,
        "building": "garage",
        "start_date": "1952"
      },
      "geometry": {
        "type": "Polygon",
        "coordinates": [
          [
            [
              -76.7106065,
              37.2661658
            ],
            [
              -76.7106524,
              37.2661412
            ],
            [
              -76.7106869,
              37.2661824
            ],
            [
              -76.710641,
              37.266207
            ],
            [
              -76.7106065,
              37.2661658
            ]
          ]
        ]
      }
    },
    {
      "type": "Feature",
      "properties": {
        "id": 296929265,
        "name": null,
        "building": "house",
        "start_date": "1938"
      },
      "geometry": {
        "type": "Polygon",
        "coordinates": [
          [
            [
              -76.7103903,
              37.2663567
            ],
            [
              -76.7103745,
              37.266332
            ],
            [
              -76.7103608,
              37.2663376
            ],
            [
              -76.7103453,
              37.2663135
            ],
            [
              -76.7103579,
              37.2663083
            ],
            [
              -76.7103422,
              37.2662837
            ],
            [
              -76.7104998,
              37.2662191
            ],
            [
              -76.7105201,
              37.2662507
            ],
            [
              -76.7104789,
              37.2662676
            ],
            [
              -76.7105023,
              37.2663041
            ],
            [
              -76.7104791,
              37.2663136
            ],
            [
              -76.7104826,
              37.2663189
            ],
            [
              -76.7103903,
              37.2663567
            ]
          ]
        ]
      }
    },
    {
      "type": "Feature",
      "properties": {
        "id": 296929267,
        "name": null,
        "building": "house",
        "start_date": "1940"
      },
      "geometry": {
        "type": "Polygon",
        "coordinates": [
          [
            [
              -76.7101083,
              37.2669135
            ],
            [
              -76.7102051,
              37.2668748
            ],
            [
              -76.7102718,
              37.2669814
            ],
            [
              -76.7101395,
              37.2670343
            ],
            [
              -76.7100993,
              37.2669701
            ],
            [
              -76.7101348,
              37.2669559
            ],
            [
              -76.7101083,
              37.2669135
            ]
          ]
        ]
      }
    },
    {
      "type": "Feature",
      "properties": {
        "id": 296929268,
        "name": "Snyder Townhouse",
        "building": "apartments",
        "start_date": "1980"
      },
      "geometry": {
        "type": "Polygon",
        "coordinates": [
          [
            [
              -76.7066826,
              37.2661018
            ],
            [
              -76.7068352,
              37.2660992
            ],
            [
              -76.7068436,
              37.2660991
            ],
            [
              -76.7068451,
              37.2661667
            ],
            [
              -76.7068369,
              37.2661669
            ],
            [
              -76.7066841,
              37.2661702
            ],
            [
              -76.7066826,
              37.2661018
            ]
          ]
        ]
      }
    },
    {
      "type": "Feature",
      "properties": {
        "id": 296929269,
        "name": "Sons of the Revolution",
        "building": "yes",
        "start_date": "1911"
      },
      "geometry": {
        "type": "Polygon",
        "coordinates": [
          [
            [
              -76.7065034,
              37.26909
            ],
            [
              -76.7066122,
              37.2690813
            ],
            [
              -76.7066249,
              37.2691832
            ],
            [
              -76.7065162,
              37.2691919
            ],
            [
              -76.7065034,
              37.26909
            ]
          ]
        ]
      }
    },
    {
      "type": "Feature",
      "properties": {
        "id": 296929270,
        "name": "Saint Stephen Lutheran Church",
        "building": "church",
        "start_date": "1962"
      },
      "geometry": {
        "type": "Polygon",
        "coordinates": [
          [
            [
              -76.7154677,
              37.2667318
            ],
            [
              -76.7154498,
              37.2667087
            ],
            [
              -76.7154142,
              37.2667264
            ],
            [
              -76.7153852,
              37.266721
            ],
            [
              -76.7153602,
              37.2666886
            ],
            [
              -76.715366,
              37.2666858
            ],
            [
              -76.7153552,
              37.2666719
            ],
            [
              -76.7153581,
              37.2666706
            ],
            [
              -76.7153234,
              37.266626
            ],
            [
              -76.7153198,
              37.2666213
            ],
            [
              -76.715325,
              37.2666188
            ],
            [
              -76.715306,
              37.2665943
            ],
            [
              -76.715304,
              37.2665952
            ],
            [
              -76.7152425,
              37.2665159
            ],
            [
              -76.7152487,
              37.2665128
            ],
            [
              -76.715225,
              37.2664823
            ],
            [
              -76.7152928,
              37.2664488
            ],
            [
              -76.7152668,
              37.2664152
            ],
            [
              -76.7153392,
              37.2663793
            ],
            [
              -76.7153439,
              37.2663853
            ],
            [
              -76.7153598,
              37.2664059
            ],
            [
              -76.7154172,
              37.2663775
            ],
            [
              -76.7154453,
              37.2663827
            ],
            [
              -76.7154451,
              37.2663836
            ],
            [
              -76.7154487,
              37.2663842
            ],
            [
              -76.7154606,
              37.2663995
            ],
            [
              -76.7154763,
              37.2663917
            ],
            [
              -76.7154964,
              37.2664176
            ],
            [
              -76.7154988,
              37.2664164
            ],
            [
              -76.7155422,
              37.2664723
            ],
            [
              -76.7155398,
              37.2664735
            ],
            [
              -76.7155585,
              37.2664977
            ],
            [
              -76.7155632,
              37.2664953
            ],
            [
              -76.7156059,
              37.2665504
            ],
            [
              -76.7155646,
              37.2665709
            ],
            [
              -76.7155513,
              37.2666195
            ],
            [
              -76.7155605,
              37.2666315
            ],
            [
              -76.7155727,
              37.2666254
            ],
            [
              -76.7156055,
              37.2666316
            ],
            [
              -76.7156233,
              37.2666546
            ],
            [
              -76.7156157,
              37.2666808
            ],
            [
              -76.7155005,
              37.2667379
            ],
            [
              -76.7154677,
              37.2667318
            ]
          ]
        ]
      }
    },
    {
      "type": "Feature",
      "properties": {
        "id": 296929281,
        "name": "Tap House Grill Restaurant",
        "building": "commercial",
        "start_date": "1990"
      },
      "geometry": {
        "type": "Polygon",
        "coordinates": [
          [
            [
              -76.7069126,
              37.2700704
            ],
            [
              -76.7069108,
              37.2700528
            ],
            [
              -76.706861,
              37.2700559
            ],
            [
              -76.7068506,
              37.2699526
            ],
            [
              -76.7068928,
              37.2699499
            ],
            [
              -76.706897,
              37.2699997
            ],
            [
              -76.7070005,
              37.2699946
            ],
            [
              -76.7070075,
              37.2700643
            ],
            [
              -76.7069126,
              37.2700704
            ]
          ]
        ]
      }
    },
    {
      "type": "Feature",
      "properties": {
        "id": 296929282,
        "name": null,
        "building": "house",
        "start_date": "1957"
      },
      "geometry": {
        "type": "Polygon",
        "coordinates": [
          [
            [
              -76.7116527,
              37.266765
            ],
            [
              -76.7116435,
              37.2667494
            ],
            [
              -76.7116352,
              37.2667526
            ],
            [
              -76.7115882,
              37.2666733
            ],
            [
              -76.7115735,
              37.2666789
            ],
            [
              -76.7115607,
              37.2666572
            ],
            [
              -76.7115718,
              37.266653
            ],
            [
              -76.7115551,
              37.2666248
            ],
            [
              -76.7116477,
              37.2665898
            ],
            [
              -76.7117121,
              37.2666985
            ],
            [
              -76.7116868,
              37.2667081
            ],
            [
              -76.7116979,
              37.2667269
            ],
            [
              -76.711685,
              37.2667318
            ],
            [
              -76.7116952,
              37.2667489
            ],
            [
              -76.7116527,
              37.266765
            ]
          ]
        ]
      }
    },
    {
      "type": "Feature",
      "properties": {
        "id": 296929283,
        "name": null,
        "building": "commercial",
        "start_date": "1930"
      },
      "geometry": {
        "type": "Polygon",
        "coordinates": [
          [
            [
              -76.706189,
              37.2673973
            ],
            [
              -76.706188,
              37.267385
            ],
            [
              -76.7061585,
              37.2673867
            ],
            [
              -76.7061519,
              37.2673107
            ],
            [
              -76.7063887,
              37.2672975
            ],
            [
              -76.7063912,
              37.267327
            ],
            [
              -76.7063192,
              37.2673311
            ],
            [
              -76.7063222,
              37.267366
            ],
            [
              -76.7062825,
              37.2673682
            ],
            [
              -76.7062846,
              37.267392
            ],
            [
              -76.706189,
              37.2673973
            ]
          ]
        ]
      }
    },
    {
      "type": "Feature",
      "properties": {
        "id": 296929284,
        "name": null,
        "building": "house",
        "start_date": "1920"
      },
      "geometry": {
        "type": "Polygon",
        "coordinates": [
          [
            [
              -76.711205,
              37.2683377
            ],
            [
              -76.7111989,
              37.2683282
            ],
            [
              -76.7111882,
              37.2683325
            ],
            [
              -76.7111599,
              37.2682885
            ],
            [
              -76.7111725,
              37.2682834
            ],
            [
              -76.7111678,
              37.268276
            ],
            [
              -76.7112291,
              37.2682509
            ],
            [
              -76.7112194,
              37.2682358
            ],
            [
              -76.711287,
              37.2682081
            ],
            [
              -76.7113358,
              37.268284
            ],
            [
              -76.711205,
              37.2683377
            ]
          ]
        ]
      }
    },
    {
      "type": "Feature",
      "properties": {
        "id": 296929285,
        "name": "Temple Beth El",
        "building": "yes",
        "start_date": "1930"
      },
      "geometry": {
        "type": "Polygon",
        "coordinates": [
          [
            [
              -76.7141085,
              37.2671809
            ],
            [
              -76.7141934,
              37.2671399
            ],
            [
              -76.7142092,
              37.2671608
            ],
            [
              -76.7141893,
              37.2671704
            ],
            [
              -76.7142764,
              37.2672859
            ],
            [
              -76.7141679,
              37.2673382
            ],
            [
              -76.7141267,
              37.2672836
            ],
            [
              -76.7141451,
              37.2672748
            ],
            [
              -76.7140973,
              37.2672114
            ],
            [
              -76.7141223,
              37.2671993
            ],
            [
              -76.7141085,
              37.2671809
            ]
          ]
        ]
      }
    },
    {
      "type": "Feature",
      "properties": {
        "id": 296929286,
        "name": null,
        "building": "house",
        "start_date": "1990"
      },
      "geometry": {
        "type": "Polygon",
        "coordinates": [
          [
            [
              -76.7073049,
              37.2672019
            ],
            [
              -76.7073022,
              37.2671603
            ],
            [
              -76.7072969,
              37.2671605
            ],
            [
              -76.7072878,
              37.2670181
            ],
            [
              -76.7074031,
              37.2670134
            ],
            [
              -76.7074125,
              37.2671596
            ],
            [
              -76.7074069,
              37.2671599
            ],
            [
              -76.7074093,
              37.2671977
            ],
            [
              -76.7073049,
              37.2672019
            ]
          ]
        ]
      }
    },
    {
      "type": "Feature",
      "properties": {
        "id": 296929287,
        "name": "The Cedars B&B",
        "building": "yes",
        "start_date": "1940"
      },
      "geometry": {
        "type": "Polygon",
        "coordinates": [
          [
            [
              -76.7158185,
              37.2665173
            ],
            [
              -76.7158092,
              37.2665061
            ],
            [
              -76.715791,
              37.2665157
            ],
            [
              -76.7157565,
              37.2664739
            ],
            [
              -76.7157734,
              37.2664649
            ],
            [
              -76.7157581,
              37.2664464
            ],
            [
              -76.7158693,
              37.2663876
            ],
            [
              -76.7158858,
              37.2664076
            ],
            [
              -76.7159054,
              37.2663972
            ],
            [
              -76.7159361,
              37.2664344
            ],
            [
              -76.7159177,
              37.2664441
            ],
            [
              -76.7159296,
              37.2664586
            ],
            [
              -76.7158185,
              37.2665173
            ]
          ]
        ]
      }
    },
    {
      "type": "Feature",
      "properties": {
        "id": 296929288,
        "name": "The Cedars B&B",
        "building": "yes",
        "start_date": "1940"
      },
      "geometry": {
        "type": "Polygon",
        "coordinates": [
          [
            [
              -76.7156608,
              37.2663788
            ],
            [
              -76.7156551,
              37.2663717
            ],
            [
              -76.7156468,
              37.2663759
            ],
            [
              -76.7156038,
              37.2663217
            ],
            [
              -76.7156122,
              37.2663175
            ],
            [
              -76.7155921,
              37.2662922
            ],
            [
              -76.7156316,
              37.2662722
            ],
            [
              -76.7156525,
              37.2662986
            ],
            [
              -76.7156625,
              37.2662936
            ],
            [
              -76.7156988,
              37.2663395
            ],
            [
              -76.7156854,
              37.2663463
            ],
            [
              -76.7156968,
              37.2663606
            ],
            [
              -76.7156608,
              37.2663788
            ]
          ]
        ]
      }
    },
    {
      "type": "Feature",
      "properties": {
        "id": 296929292,
        "name": null,
        "building": "house",
        "start_date": "1855"
      },
      "geometry": {
        "type": "Polygon",
        "coordinates": [
          [
            [
              -76.706786,
              37.2682284
            ],
            [
              -76.7069432,
              37.2682216
            ],
            [
              -76.7069483,
              37.2682964
            ],
            [
              -76.7067911,
              37.2683033
            ],
            [
              -76.706786,
              37.2682284
            ]
          ]
        ]
      }
    },
    {
      "type": "Feature",
      "properties": {
        "id": 296929293,
        "name": null,
        "building": "house",
        "start_date": "1971"
      },
      "geometry": {
        "type": "Polygon",
        "coordinates": [
          [
            [
              -76.7134759,
              37.2671176
            ],
            [
              -76.7134383,
              37.2670702
            ],
            [
              -76.7134224,
              37.267078
            ],
            [
              -76.7133923,
              37.2670407
            ],
            [
              -76.7134333,
              37.2670195
            ],
            [
              -76.7134178,
              37.2670004
            ],
            [
              -76.7134997,
              37.2669579
            ],
            [
              -76.7135615,
              37.2670341
            ],
            [
              -76.7135551,
              37.2670375
            ],
            [
              -76.7135774,
              37.267065
            ],
            [
              -76.7134759,
              37.2671176
            ]
          ]
        ]
      }
    },
    {
      "type": "Feature",
      "properties": {
        "id": 296929295,
        "name": null,
        "building": "garage",
        "start_date": "2005"
      },
      "geometry": {
        "type": "Polygon",
        "coordinates": [
          [
            [
              -76.7061885,
              37.2665601
            ],
            [
              -76.7062398,
              37.2665568
            ],
            [
              -76.7062475,
              37.2666335
            ],
            [
              -76.7061961,
              37.2666368
            ],
            [
              -76.7061885,
              37.2665601
            ]
          ]
        ]
      }
    },
    {
      "type": "Feature",
      "properties": {
        "id": 296929296,
        "name": null,
        "building": "house",
        "start_date": "2005"
      },
      "geometry": {
        "type": "Polygon",
        "coordinates": [
          [
            [
              -76.7059862,
              37.2665831
            ],
            [
              -76.7059851,
              37.2665717
            ],
            [
              -76.7059691,
              37.2665727
            ],
            [
              -76.7059654,
              37.2665358
            ],
            [
              -76.7061481,
              37.2665242
            ],
            [
              -76.7061583,
              37.2666269
            ],
            [
              -76.7059722,
              37.2666387
            ],
            [
              -76.7059668,
              37.2665844
            ],
            [
              -76.7059862,
              37.2665831
            ]
          ]
        ]
      }
    },
    {
      "type": "Feature",
      "properties": {
        "id": 296929305,
        "name": null,
        "building": "house",
        "start_date": "1975"
      },
      "geometry": {
        "type": "Polygon",
        "coordinates": [
          [
            [
              -76.7131643,
              37.2669159
            ],
            [
              -76.7132813,
              37.2668572
            ],
            [
              -76.713304,
              37.2668861
            ],
            [
              -76.7133127,
              37.2668817
            ],
            [
              -76.7133405,
              37.2669171
            ],
            [
              -76.7133318,
              37.2669215
            ],
            [
              -76.7133529,
              37.2669484
            ],
            [
              -76.7132359,
              37.2670071
            ],
            [
              -76.7131643,
              37.2669159
            ]
          ]
        ]
      }
    },
    {
      "type": "Feature",
      "properties": {
        "id": 296929307,
        "name": null,
        "building": "house",
        "start_date": "1983"
      },
      "geometry": {
        "type": "Polygon",
        "coordinates": [
          [
            [
              -76.7083393,
              37.2671093
            ],
            [
              -76.7083283,
              37.266971
            ],
            [
              -76.7083879,
              37.266968
            ],
            [
              -76.7083891,
              37.2669835
            ],
            [
              -76.7084339,
              37.2669813
            ],
            [
              -76.7084406,
              37.267065
            ],
            [
              -76.708432,
              37.2670654
            ],
            [
              -76.7084351,
              37.2671044
            ],
            [
              -76.7083393,
              37.2671093
            ]
          ]
        ]
      }
    },
    {
      "type": "Feature",
      "properties": {
        "id": 296929308,
        "name": null,
        "building": "house",
        "start_date": "1920"
      },
      "geometry": {
        "type": "Polygon",
        "coordinates": [
          [
            [
              -76.7107698,
              37.2690241
            ],
            [
              -76.7107572,
              37.2690046
            ],
            [
              -76.7107226,
              37.2690188
            ],
            [
              -76.710673,
              37.2689419
            ],
            [
              -76.7106863,
              37.2689364
            ],
            [
              -76.7106566,
              37.2688903
            ],
            [
              -76.710688,
              37.2688774
            ],
            [
              -76.7106731,
              37.2688543
            ],
            [
              -76.7107176,
              37.268836
            ],
            [
              -76.7107204,
              37.2688404
            ],
            [
              -76.710741,
              37.2688319
            ],
            [
              -76.7107531,
              37.2688506
            ],
            [
              -76.7107387,
              37.2688565
            ],
            [
              -76.7107623,
              37.2688932
            ],
            [
              -76.7107744,
              37.2688882
            ],
            [
              -76.710813,
              37.2689481
            ],
            [
              -76.7108041,
              37.2689517
            ],
            [
              -76.7108222,
              37.2689798
            ],
            [
              -76.7108098,
              37.2689849
            ],
            [
              -76.7108214,
              37.2690029
            ],
            [
              -76.7107698,
              37.2690241
            ]
          ]
        ]
      }
    },
    {
      "type": "Feature",
      "properties": {
        "id": 296929309,
        "name": "Wesley Foundation",
        "building": "church",
        "start_date": "1960"
      },
      "geometry": {
        "type": "Polygon",
        "coordinates": [
          [
            [
              -76.7133518,
              37.2676531
            ],
            [
              -76.7133149,
              37.2675996
            ],
            [
              -76.7132969,
              37.2676075
            ],
            [
              -76.7132483,
              37.267537
            ],
            [
              -76.7132539,
              37.2675346
            ],
            [
              -76.713232,
              37.2675029
            ],
            [
              -76.7132167,
              37.2675097
            ],
            [
              -76.7131624,
              37.267431
            ],
            [
              -76.7133477,
              37.2673493
            ],
            [
              -76.7134014,
              37.267427
            ],
            [
              -76.7133044,
              37.2674699
            ],
            [
              -76.7133256,
              37.2675006
            ],
            [
              -76.7133319,
              37.2674978
            ],
            [
              -76.7134187,
              37.2676236
            ],
            [
              -76.7133518,
              37.2676531
            ]
          ]
        ]
      }
    },
    {
      "type": "Feature",
      "properties": {
        "id": 296929310,
        "name": null,
        "building": "garage",
        "start_date": "1950"
      },
      "geometry": {
        "type": "Polygon",
        "coordinates": [
          [
            [
              -76.7075395,
              37.268003
            ],
            [
              -76.7076048,
              37.2680005
            ],
            [
              -76.7076064,
              37.2680276
            ],
            [
              -76.7075411,
              37.2680301
            ],
            [
              -76.7075395,
              37.268003
            ]
          ]
        ]
      }
    },
    {
      "type": "Feature",
      "properties": {
        "id": 296929313,
        "name": null,
        "building": "house",
        "start_date": "1965"
      },
      "geometry": {
        "type": "Polygon",
        "coordinates": [
          [
            [
              -76.7069966,
              37.2682981
            ],
            [
              -76.7069775,
              37.2680872
            ],
            [
              -76.7070761,
              37.2680833
            ],
            [
              -76.7070859,
              37.2681911
            ],
            [
              -76.7070909,
              37.2681908
            ],
            [
              -76.7070966,
              37.2682534
            ],
            [
              -76.707089,
              37.2682538
            ],
            [
              -76.7070926,
              37.2682926
            ],
            [
              -76.7069966,
              37.2682981
            ]
          ]
        ]
      }
    },
    {
      "type": "Feature",
      "properties": {
        "id": 296929315,
        "name": null,
        "building": "apartments",
        "start_date": "1929"
      },
      "geometry": {
        "type": "Polygon",
        "coordinates": [
          [
            [
              -76.7102887,
              37.267755
            ],
            [
              -76.7102452,
              37.2677258
            ],
            [
              -76.7102375,
              37.2677332
            ],
            [
              -76.7101849,
              37.2676978
            ],
            [
              -76.7101826,
              37.2677
            ],
            [
              -76.7101727,
              37.2677094
            ],
            [
              -76.710078,
              37.2676458
            ],
            [
              -76.7100875,
              37.2676367
            ],
            [
              -76.7100902,
              37.2676342
            ],
            [
              -76.7100612,
              37.2676148
            ],
            [
              -76.7101043,
              37.2675738
            ],
            [
              -76.7101333,
              37.2675932
            ],
            [
              -76.7101399,
              37.2675869
            ],
            [
              -76.7101525,
              37.2675954
            ],
            [
              -76.7101723,
              37.2676087
            ],
            [
              -76.7101922,
              37.2675898
            ],
            [
              -76.7102264,
              37.2676127
            ],
            [
              -76.7102065,
              37.2676316
            ],
            [
              -76.7103307,
              37.267715
            ],
            [
              -76.7102887,
              37.267755
            ]
          ]
        ]
      }
    },
    {
      "type": "Feature",
      "properties": {
        "id": 296929316,
        "name": null,
        "building": "house",
        "start_date": "1950"
      },
      "geometry": {
        "type": "Polygon",
        "coordinates": [
          [
            [
              -76.70775,
              37.2667449
            ],
            [
              -76.7077486,
              37.2667265
            ],
            [
              -76.7077121,
              37.2667284
            ],
            [
              -76.7077046,
              37.2666338
            ],
            [
              -76.7077446,
              37.2666317
            ],
            [
              -76.7077463,
              37.2666529
            ],
            [
              -76.7078693,
              37.2666467
            ],
            [
              -76.7078766,
              37.2667385
            ],
            [
              -76.70775,
              37.2667449
            ]
          ]
        ]
      }
    },
    {
      "type": "Feature",
      "properties": {
        "id": 296929317,
        "name": null,
        "building": "commercial",
        "start_date": "1931"
      },
      "geometry": {
        "type": "Polygon",
        "coordinates": [
          [
            [
              -76.7071395,
              37.2704994
            ],
            [
              -76.707199,
              37.2704966
            ],
            [
              -76.707197,
              37.2704694
            ],
            [
              -76.7072793,
              37.2704656
            ],
            [
              -76.7072816,
              37.2704966
            ],
            [
              -76.707309,
              37.2704953
            ],
            [
              -76.7073135,
              37.2705552
            ],
            [
              -76.7073057,
              37.2705556
            ],
            [
              -76.7073197,
              37.2707444
            ],
            [
              -76.7071497,
              37.2707524
            ],
            [
              -76.7071424,
              37.2706537
            ],
            [
              -76.7071509,
              37.2706533
            ],
            [
              -76.7071395,
              37.2704994
            ]
          ]
        ]
      }
    },
    {
      "type": "Feature",
      "properties": {
        "id": 296929320,
        "name": "Williamsburg United Methodist Church",
        "building": "church",
        "start_date": "1949"
      },
      "geometry": {
        "type": "Polygon",
        "coordinates": [
          [
            [
              -76.7124615,
              37.2679915
            ],
            [
              -76.7122861,
              37.2677208
            ],
            [
              -76.7123838,
              37.2676804
            ],
            [
              -76.7123743,
              37.2676658
            ],
            [
              -76.7124048,
              37.2676531
            ],
            [
              -76.7124143,
              37.2676678
            ],
            [
              -76.7126004,
              37.2675907
            ],
            [
              -76.7125514,
              37.2675151
            ],
            [
              -76.7126064,
              37.2674924
            ],
            [
              -76.7126285,
              37.2675265
            ],
            [
              -76.7128024,
              37.2674546
            ],
            [
              -76.7126658,
              37.2672436
            ],
            [
              -76.7128203,
              37.2671796
            ],
            [
              -76.7130292,
              37.2674999
            ],
            [
              -76.7129437,
              37.2675353
            ],
            [
              -76.7129706,
              37.2675767
            ],
            [
              -76.7129096,
              37.267602
            ],
            [
              -76.7129111,
              37.2676044
            ],
            [
              -76.7128715,
              37.2676208
            ],
            [
              -76.7129631,
              37.2677623
            ],
            [
              -76.7130089,
              37.2677434
            ],
            [
              -76.7130484,
              37.2678043
            ],
            [
              -76.7130026,
              37.2678233
            ],
            [
              -76.7130105,
              37.2678355
            ],
            [
              -76.7129739,
              37.2678506
            ],
            [
              -76.7129628,
              37.2678335
            ],
            [
              -76.7128896,
              37.2678639
            ],
            [
              -76.7129007,
              37.2678809
            ],
            [
              -76.712864,
              37.2678961
            ],
            [
              -76.7128561,
              37.2678839
            ],
            [
              -76.7128104,
              37.2679028
            ],
            [
              -76.7128025,
              37.2678906
            ],
            [
              -76.7127323,
              37.2679197
            ],
            [
              -76.7127402,
              37.2679319
            ],
            [
              -76.7126944,
              37.2679508
            ],
            [
              -76.712666,
              37.2679069
            ],
            [
              -76.7125744,
              37.2679448
            ],
            [
              -76.7125602,
              37.2679229
            ],
            [
              -76.7125236,
              37.267938
            ],
            [
              -76.7125378,
              37.26796
            ],
            [
              -76.7124615,
              37.2679915
            ]
          ]
        ]
      }
    },
    {
      "type": "Feature",
      "properties": {
        "id": 296929329,
        "name": null,
        "building": "garage",
        "start_date": "1961"
      },
      "geometry": {
        "type": "Polygon",
        "coordinates": [
          [
            [
              -76.7117188,
              37.268037
            ],
            [
              -76.7117819,
              37.2680111
            ],
            [
              -76.7118168,
              37.2680654
            ],
            [
              -76.7117537,
              37.2680913
            ],
            [
              -76.7117188,
              37.268037
            ]
          ]
        ]
      }
    },
    {
      "type": "Feature",
      "properties": {
        "id": 296929330,
        "name": null,
        "building": "house",
        "start_date": "1920"
      },
      "geometry": {
        "type": "Polygon",
        "coordinates": [
          [
            [
              -76.7115841,
              37.2682122
            ],
            [
              -76.7115715,
              37.2681924
            ],
            [
              -76.7115495,
              37.2682013
            ],
            [
              -76.7115189,
              37.2681534
            ],
            [
              -76.7115397,
              37.268145
            ],
            [
              -76.7115265,
              37.2681244
            ],
            [
              -76.7116838,
              37.2680603
            ],
            [
              -76.7116878,
              37.2680665
            ],
            [
              -76.7117015,
              37.2680609
            ],
            [
              -76.7117539,
              37.268143
            ],
            [
              -76.7115841,
              37.2682122
            ]
          ]
        ]
      }
    },
    {
      "type": "Feature",
      "properties": {
        "id": 296929341,
        "name": null,
        "building": "yes",
        "start_date": "1990"
      },
      "geometry": {
        "type": "Polygon",
        "coordinates": [
          [
            [
              -76.7101,
              37.2678004
            ],
            [
              -76.7101237,
              37.2677822
            ],
            [
              -76.7101495,
              37.2678037
            ],
            [
              -76.7101258,
              37.2678219
            ],
            [
              -76.7101,
              37.2678004
            ]
          ]
        ]
      }
    },
    {
      "type": "Feature",
      "properties": {
        "id": 296929343,
        "name": null,
        "building": "yes",
        "start_date": "1925"
      },
      "geometry": {
        "type": "Polygon",
        "coordinates": [
          [
            [
              -76.710123,
              37.268474
            ],
            [
              -76.7101387,
              37.2684683
            ],
            [
              -76.71015,
              37.2684883
            ],
            [
              -76.7101343,
              37.268494
            ],
            [
              -76.710123,
              37.268474
            ]
          ]
        ]
      }
    },
    {
      "type": "Feature",
      "properties": {
        "id": 296929345,
        "name": null,
        "building": "yes",
        "start_date": "1940"
      },
      "geometry": {
        "type": "Polygon",
        "coordinates": [
          [
            [
              -76.7094364,
              37.2661516
            ],
            [
              -76.7095034,
              37.2661457
            ],
            [
              -76.7095109,
              37.2662
            ],
            [
              -76.709444,
              37.2662059
            ],
            [
              -76.7094364,
              37.2661516
            ]
          ]
        ]
      }
    },
    {
      "type": "Feature",
      "properties": {
        "id": 296929346,
        "name": null,
        "building": "yes",
        "start_date": "1941"
      },
      "geometry": {
        "type": "Polygon",
        "coordinates": [
          [
            [
              -76.7079509,
              37.2672377
            ],
            [
              -76.7079949,
              37.2672344
            ],
            [
              -76.7079992,
              37.2672717
            ],
            [
              -76.7079551,
              37.2672749
            ],
            [
              -76.7079509,
              37.2672377
            ]
          ]
        ]
      }
    },
    {
      "type": "Feature",
      "properties": {
        "id": 296929353,
        "name": null,
        "building": "yes",
        "start_date": "1951"
      },
      "geometry": {
        "type": "Polygon",
        "coordinates": [
          [
            [
              -76.7093996,
              37.2668331
            ],
            [
              -76.7093793,
              37.2668427
            ],
            [
              -76.709372,
              37.2668328
            ],
            [
              -76.7093921,
              37.2668231
            ],
            [
              -76.7093996,
              37.2668331
            ]
          ]
        ]
      }
    },
    {
      "type": "Feature",
      "properties": {
        "id": 296929354,
        "name": null,
        "building": "yes",
        "start_date": "1951"
      },
      "geometry": {
        "type": "Polygon",
        "coordinates": [
          [
            [
              -76.7093255,
              37.2668714
            ],
            [
              -76.7093475,
              37.2669011
            ],
            [
              -76.7093227,
              37.2669129
            ],
            [
              -76.7093007,
              37.266883
            ],
            [
              -76.7093255,
              37.2668714
            ]
          ]
        ]
      }
    },
    {
      "type": "Feature",
      "properties": {
        "id": 296929355,
        "name": null,
        "building": "apartments",
        "start_date": "1942"
      },
      "geometry": {
        "type": "Polygon",
        "coordinates": [
          [
            [
              -76.7076212,
              37.2680297
            ],
            [
              -76.7076941,
              37.268027
            ],
            [
              -76.707696,
              37.268061
            ],
            [
              -76.7076232,
              37.2680637
            ],
            [
              -76.7076212,
              37.2680297
            ]
          ]
        ]
      }
    },
    {
      "type": "Feature",
      "properties": {
        "id": 296929356,
        "name": null,
        "building": "yes",
        "start_date": "1920"
      },
      "geometry": {
        "type": "Polygon",
        "coordinates": [
          [
            [
              -76.7077121,
              37.2673374
            ],
            [
              -76.7077833,
              37.2673358
            ],
            [
              -76.7077848,
              37.2673777
            ],
            [
              -76.7077136,
              37.2673793
            ],
            [
              -76.7077121,
              37.2673374
            ]
          ]
        ]
      }
    },
    {
      "type": "Feature",
      "properties": {
        "id": 296929357,
        "name": null,
        "building": "yes",
        "start_date": "1931"
      },
      "geometry": {
        "type": "Polygon",
        "coordinates": [
          [
            [
              -76.7078059,
              37.2675359
            ],
            [
              -76.70787,
              37.2675323
            ],
            [
              -76.7078738,
              37.2675653
            ],
            [
              -76.7078088,
              37.2675689
            ],
            [
              -76.7078059,
              37.2675359
            ]
          ]
        ]
      }
    },
    {
      "type": "Feature",
      "properties": {
        "id": 296929358,
        "name": null,
        "building": "yes",
        "start_date": "1931"
      },
      "geometry": {
        "type": "Polygon",
        "coordinates": [
          [
            [
              -76.707585,
              37.267588
            ],
            [
              -76.7076244,
              37.2675856
            ],
            [
              -76.7076275,
              37.2676183
            ],
            [
              -76.7075881,
              37.2676207
            ],
            [
              -76.707585,
              37.267588
            ]
          ]
        ]
      }
    },
    {
      "type": "Feature",
      "properties": {
        "id": 296929368,
        "name": null,
        "building": "garage",
        "start_date": "1942"
      },
      "geometry": {
        "type": "Polygon",
        "coordinates": [
          [
            [
              -76.7131087,
              37.2668084
            ],
            [
              -76.7131756,
              37.266776
            ],
            [
              -76.7132089,
              37.26682
            ],
            [
              -76.713142,
              37.2668524
            ],
            [
              -76.7131087,
              37.2668084
            ]
          ]
        ]
      }
    },
    {
      "type": "Feature",
      "properties": {
        "id": 296929371,
        "name": null,
        "building": "yes",
        "start_date": "1935"
      },
      "geometry": {
        "type": "Polygon",
        "coordinates": [
          [
            [
              -76.7146567,
              37.2667769
            ],
            [
              -76.714696,
              37.2667537
            ],
            [
              -76.7147339,
              37.2667949
            ],
            [
              -76.7146946,
              37.266818
            ],
            [
              -76.7146567,
              37.2667769
            ]
          ]
        ]
      }
    },
    {
      "type": "Feature",
      "properties": {
        "id": 296929402,
        "name": null,
        "building": "house",
        "start_date": "1928"
      },
      "geometry": {
        "type": "Polygon",
        "coordinates": [
          [
            [
              -76.7142396,
              37.2670375
            ],
            [
              -76.7142274,
              37.2670213
            ],
            [
              -76.7142209,
              37.2670245
            ],
            [
              -76.714177,
              37.2669658
            ],
            [
              -76.7142337,
              37.2669387
            ],
            [
              -76.714278,
              37.2669978
            ],
            [
              -76.714272,
              37.2670006
            ],
            [
              -76.7142838,
              37.2670164
            ],
            [
              -76.7142396,
              37.2670375
            ]
          ]
        ]
      }
    },
    {
      "type": "Feature",
      "properties": {
        "id": 296930384,
        "name": null,
        "building": "house",
        "start_date": "1930"
      },
      "geometry": {
        "type": "Polygon",
        "coordinates": [
          [
            [
              -76.7115349,
              37.2740622
            ],
            [
              -76.7115526,
              37.2740229
            ],
            [
              -76.7115606,
              37.2740253
            ],
            [
              -76.7115769,
              37.2739906
            ],
            [
              -76.7117178,
              37.2740342
            ],
            [
              -76.7116809,
              37.2741075
            ],
            [
              -76.7115349,
              37.2740622
            ]
          ]
        ]
      }
    },
    {
      "type": "Feature",
      "properties": {
        "id": 296930385,
        "name": null,
        "building": "house",
        "start_date": "1932"
      },
      "geometry": {
        "type": "Polygon",
        "coordinates": [
          [
            [
              -76.7130255,
              37.2754854
            ],
            [
              -76.713129,
              37.2754301
            ],
            [
              -76.7132248,
              37.2755447
            ],
            [
              -76.7131213,
              37.2756
            ],
            [
              -76.7130255,
              37.2754854
            ]
          ]
        ]
      }
    },
    {
      "type": "Feature",
      "properties": {
        "id": 296930386,
        "name": "Applewood B&B",
        "building": "yes",
        "start_date": "1928"
      },
      "geometry": {
        "type": "Polygon",
        "coordinates": [
          [
            [
              -76.7143077,
              37.2759596
            ],
            [
              -76.7142606,
              37.2759076
            ],
            [
              -76.7143304,
              37.2758682
            ],
            [
              -76.7143131,
              37.2758485
            ],
            [
              -76.7143989,
              37.2758004
            ],
            [
              -76.7144728,
              37.2758882
            ],
            [
              -76.7143892,
              37.2759351
            ],
            [
              -76.7143767,
              37.2759209
            ],
            [
              -76.7143077,
              37.2759596
            ]
          ]
        ]
      }
    },
    {
      "type": "Feature",
      "properties": {
        "id": 296930387,
        "name": null,
        "building": "house",
        "start_date": "1954"
      },
      "geometry": {
        "type": "Polygon",
        "coordinates": [
          [
            [
              -76.71158,
              37.2747277
            ],
            [
              -76.7115964,
              37.2746883
            ],
            [
              -76.7115861,
              37.2746855
            ],
            [
              -76.7115941,
              37.2746662
            ],
            [
              -76.7116047,
              37.2746688
            ],
            [
              -76.7116171,
              37.2746376
            ],
            [
              -76.7117019,
              37.2746598
            ],
            [
              -76.7116971,
              37.2746716
            ],
            [
              -76.7117266,
              37.2746794
            ],
            [
              -76.7117037,
              37.2747347
            ],
            [
              -76.7116701,
              37.2747258
            ],
            [
              -76.7116605,
              37.274749
            ],
            [
              -76.71158,
              37.2747277
            ]
          ]
        ]
      }
    },
    {
      "type": "Feature",
      "properties": {
        "id": 296930388,
        "name": null,
        "building": "commercial",
        "start_date": "1930"
      },
      "geometry": {
        "type": "Polygon",
        "coordinates": [
          [
            [
              -76.7070954,
              37.2722453
            ],
            [
              -76.7071026,
              37.2723647
            ],
            [
              -76.7067849,
              37.272379
            ],
            [
              -76.7067743,
              37.272261
            ],
            [
              -76.7070954,
              37.2722453
            ]
          ]
        ]
      }
    },
    {
      "type": "Feature",
      "properties": {
        "id": 296930390,
        "name": null,
        "building": "house",
        "start_date": "1975"
      },
      "geometry": {
        "type": "Polygon",
        "coordinates": [
          [
            [
              -76.7097394,
              37.2754642
            ],
            [
              -76.7097431,
              37.2753824
            ],
            [
              -76.7097842,
              37.2753836
            ],
            [
              -76.7097871,
              37.27532
            ],
            [
              -76.7098845,
              37.2753228
            ],
            [
              -76.7098752,
              37.2754681
            ],
            [
              -76.7097394,
              37.2754642
            ]
          ]
        ]
      }
    },
    {
      "type": "Feature",
      "properties": {
        "id": 296930391,
        "name": "Baker Houe",
        "building": "house",
        "start_date": "1939"
      },
      "geometry": {
        "type": "Polygon",
        "coordinates": [
          [
            [
              -76.7111647,
              37.2749172
            ],
            [
              -76.7111682,
              37.274883
            ],
            [
              -76.7111449,
              37.2748815
            ],
            [
              -76.7111517,
              37.2748161
            ],
            [
              -76.7112625,
              37.2748224
            ],
            [
              -76.7112588,
              37.274861
            ],
            [
              -76.7112774,
              37.2748622
            ],
            [
              -76.7112742,
              37.2748939
            ],
            [
              -76.7112592,
              37.2748929
            ],
            [
              -76.7112562,
              37.274923
            ],
            [
              -76.7111647,
              37.2749172
            ]
          ]
        ]
      }
    },
    {
      "type": "Feature",
      "properties": {
        "id": 296930392,
        "name": null,
        "building": "house",
        "start_date": "1975"
      },
      "geometry": {
        "type": "Polygon",
        "coordinates": [
          [
            [
              -76.7091158,
              37.2750649
            ],
            [
              -76.7091212,
              37.2749876
            ],
            [
              -76.7092826,
              37.2749948
            ],
            [
              -76.7092758,
              37.275072
            ],
            [
              -76.7092528,
              37.275071
            ],
            [
              -76.7091158,
              37.2750649
            ]
          ]
        ]
      }
    },
    {
      "type": "Feature",
      "properties": {
        "id": 296930393,
        "name": null,
        "building": "garage",
        "start_date": "1960"
      },
      "geometry": {
        "type": "Polygon",
        "coordinates": [
          [
            [
              -76.7134096,
              37.2752448
            ],
            [
              -76.7134876,
              37.2752001
            ],
            [
              -76.7135095,
              37.2752251
            ],
            [
              -76.7134319,
              37.2752697
            ],
            [
              -76.7134096,
              37.2752448
            ]
          ]
        ]
      }
    },
    {
      "type": "Feature",
      "properties": {
        "id": 296930394,
        "name": null,
        "building": "house",
        "start_date": "1934"
      },
      "geometry": {
        "type": "Polygon",
        "coordinates": [
          [
            [
              -76.7136953,
              37.2751252
            ],
            [
              -76.7136729,
              37.2750986
            ],
            [
              -76.7136431,
              37.2751146
            ],
            [
              -76.7136148,
              37.275081
            ],
            [
              -76.7136065,
              37.2750853
            ],
            [
              -76.7135807,
              37.2750553
            ],
            [
              -76.71363,
              37.275029
            ],
            [
              -76.7136052,
              37.2750006
            ],
            [
              -76.7136688,
              37.2749648
            ],
            [
              -76.7136987,
              37.2749998
            ],
            [
              -76.713706,
              37.2749963
            ],
            [
              -76.7137773,
              37.2750813
            ],
            [
              -76.7136953,
              37.2751252
            ]
          ]
        ]
      }
    },
    {
      "type": "Feature",
      "properties": {
        "id": 296930395,
        "name": null,
        "building": "yes",
        "start_date": "1934"
      },
      "geometry": {
        "type": "Polygon",
        "coordinates": [
          [
            [
              -76.7135087,
              37.275198
            ],
            [
              -76.7135435,
              37.275177
            ],
            [
              -76.7135613,
              37.2751959
            ],
            [
              -76.7135266,
              37.2752169
            ],
            [
              -76.7135087,
              37.275198
            ]
          ]
        ]
      }
    },
    {
      "type": "Feature",
      "properties": {
        "id": 296930396,
        "name": "Blayton Building",
        "building": "apartments",
        "start_date": "1981"
      },
      "geometry": {
        "type": "Polygon",
        "coordinates": [
          [
            [
              -76.7091306,
              37.2742661
            ],
            [
              -76.7091598,
              37.2740873
            ],
            [
              -76.7091705,
              37.2740885
            ],
            [
              -76.7091753,
              37.274059
            ],
            [
              -76.7091643,
              37.2740579
            ],
            [
              -76.7091736,
              37.2740014
            ],
            [
              -76.7091809,
              37.2740022
            ],
            [
              -76.7091844,
              37.2739805
            ],
            [
              -76.7091458,
              37.2739765
            ],
            [
              -76.7091655,
              37.2738564
            ],
            [
              -76.7091731,
              37.2738572
            ],
            [
              -76.7091766,
              37.2738358
            ],
            [
              -76.7091602,
              37.2738341
            ],
            [
              -76.7091705,
              37.2737707
            ],
            [
              -76.7093331,
              37.2737877
            ],
            [
              -76.7093237,
              37.2738453
            ],
            [
              -76.7093468,
              37.2738477
            ],
            [
              -76.7093251,
              37.2739809
            ],
            [
              -76.7093999,
              37.2739887
            ],
            [
              -76.7094369,
              37.2739925
            ],
            [
              -76.7094397,
              37.2739754
            ],
            [
              -76.7096887,
              37.2740013
            ],
            [
              -76.7096903,
              37.2739918
            ],
            [
              -76.7097705,
              37.2740001
            ],
            [
              -76.7097495,
              37.2741283
            ],
            [
              -76.7096781,
              37.2741209
            ],
            [
              -76.7096763,
              37.2741322
            ],
            [
              -76.7096442,
              37.2741288
            ],
            [
              -76.7096423,
              37.2741407
            ],
            [
              -76.7094201,
              37.2741176
            ],
            [
              -76.7094208,
              37.2741133
            ],
            [
              -76.7093389,
              37.2741048
            ],
            [
              -76.7093104,
              37.2742797
            ],
            [
              -76.7093229,
              37.274281
            ],
            [
              -76.7093089,
              37.2743667
            ],
            [
              -76.7091464,
              37.2743497
            ],
            [
              -76.7091559,
              37.2742912
            ],
            [
              -76.7091373,
              37.2742893
            ],
            [
              -76.7091409,
              37.2742672
            ],
            [
              -76.7091306,
              37.2742661
            ]
          ]
        ]
      }
    },
    {
      "type": "Feature",
      "properties": {
        "id": 296930397,
        "name": null,
        "building": "commercial",
        "start_date": "1931"
      },
      "geometry": {
        "type": "Polygon",
        "coordinates": [
          [
            [
              -76.7064734,
              37.2721157
            ],
            [
              -76.7064572,
              37.2719386
            ],
            [
              -76.706674,
              37.2719288
            ],
            [
              -76.7066698,
              37.2718695
            ],
            [
              -76.7067507,
              37.2718658
            ],
            [
              -76.7068031,
              37.2718635
            ],
            [
              -76.7068068,
              37.2719151
            ],
            [
              -76.7068073,
              37.2719227
            ],
            [
              -76.7068096,
              37.2719226
            ],
            [
              -76.706845,
              37.271921
            ],
            [
              -76.70686,
              37.272106
            ],
            [
              -76.7067725,
              37.2721107
            ],
            [
              -76.7067717,
              37.2721013
            ],
            [
              -76.7066877,
              37.2721059
            ],
            [
              -76.7066865,
              37.27209
            ],
            [
              -76.7065794,
              37.2720966
            ],
            [
              -76.7065805,
              37.2721101
            ],
            [
              -76.7064734,
              37.2721157
            ]
          ]
        ]
      }
    },
    {
      "type": "Feature",
      "properties": {
        "id": 296930398,
        "name": "Boundary Street Townhouses",
        "building": "apartments",
        "start_date": "1965"
      },
      "geometry": {
        "type": "Polygon",
        "coordinates": [
          [
            [
              -76.7074336,
              37.2737087
            ],
            [
              -76.707547,
              37.2737041
            ],
            [
              -76.70755,
              37.2737521
            ],
            [
              -76.7074367,
              37.2737567
            ],
            [
              -76.7074336,
              37.2737087
            ]
          ]
        ]
      }
    },
    {
      "type": "Feature",
      "properties": {
        "id": 296930399,
        "name": "Boundary Street Townhouses",
        "building": "apartments",
        "start_date": "1965"
      },
      "geometry": {
        "type": "Polygon",
        "coordinates": [
          [
            [
              -76.707547,
              37.2737041
            ],
            [
              -76.7074336,
              37.2737087
            ],
            [
              -76.7074306,
              37.2736612
            ],
            [
              -76.7075439,
              37.2736566
            ],
            [
              -76.707547,
              37.2737041
            ]
          ]
        ]
      }
    },
    {
      "type": "Feature",
      "properties": {
        "id": 296930400,
        "name": "Boundary Street Townhouses",
        "building": "apartments",
        "start_date": "1965"
      },
      "geometry": {
        "type": "Polygon",
        "coordinates": [
          [
            [
              -76.7074397,
              37.2738047
            ],
            [
              -76.707553,
              37.2738001
            ],
            [
              -76.7075561,
              37.2738481
            ],
            [
              -76.7074428,
              37.2738527
            ],
            [
              -76.7074397,
              37.2738047
            ]
          ]
        ]
      }
    },
    {
      "type": "Feature",
      "properties": {
        "id": 296930401,
        "name": "Boundary Street Townhouses",
        "building": "apartments",
        "start_date": "1965"
      },
      "geometry": {
        "type": "Polygon",
        "coordinates": [
          [
            [
              -76.7074367,
              37.2737567
            ],
            [
              -76.70755,
              37.2737521
            ],
            [
              -76.707553,
              37.2738001
            ],
            [
              -76.7074397,
              37.2738047
            ],
            [
              -76.7074367,
              37.2737567
            ]
          ]
        ]
      }
    },
    {
      "type": "Feature",
      "properties": {
        "id": 296930402,
        "name": null,
        "building": "house",
        "start_date": "1975"
      },
      "geometry": {
        "type": "Polygon",
        "coordinates": [
          [
            [
              -76.7091345,
              37.2754472
            ],
            [
              -76.7091399,
              37.2753629
            ],
            [
              -76.7092049,
              37.2753656
            ],
            [
              -76.7092085,
              37.2753106
            ],
            [
              -76.7093201,
              37.2753152
            ],
            [
              -76.7093154,
              37.2753875
            ],
            [
              -76.7092971,
              37.2753868
            ],
            [
              -76.7092928,
              37.2754537
            ],
            [
              -76.7091345,
              37.2754472
            ]
          ]
        ]
      }
    },
    {
      "type": "Feature",
      "properties": {
        "id": 296930403,
        "name": null,
        "building": "house",
        "start_date": "1895"
      },
      "geometry": {
        "type": "Polygon",
        "coordinates": [
          [
            [
              -76.7125445,
              37.2753651
            ],
            [
              -76.7126101,
              37.2753015
            ],
            [
              -76.7126181,
              37.2753068
            ],
            [
              -76.7127427,
              37.2753889
            ],
            [
              -76.7127825,
              37.2754151
            ],
            [
              -76.7127365,
              37.2754596
            ],
            [
              -76.7127015,
              37.2754935
            ],
            [
              -76.7126247,
              37.2754428
            ],
            [
              -76.7125451,
              37.2753904
            ],
            [
              -76.7125604,
              37.2753756
            ],
            [
              -76.7125445,
              37.2753651
            ]
          ]
        ]
      }
    },
    {
      "type": "Feature",
      "properties": {
        "id": 296930404,
        "name": null,
        "building": "garage",
        "start_date": "1932"
      },
      "geometry": {
        "type": "Polygon",
        "coordinates": [
          [
            [
              -76.7132323,
              37.2756349
            ],
            [
              -76.7132835,
              37.2756069
            ],
            [
              -76.7133197,
              37.2756491
            ],
            [
              -76.7132686,
              37.2756771
            ],
            [
              -76.7132323,
              37.2756349
            ]
          ]
        ]
      }
    },
    {
      "type": "Feature",
      "properties": {
        "id": 296930405,
        "name": null,
        "building": "garage",
        "start_date": "2009"
      },
      "geometry": {
        "type": "Polygon",
        "coordinates": [
          [
            [
              -76.7113174,
              37.2752249
            ],
            [
              -76.7113417,
              37.2751677
            ],
            [
              -76.7114198,
              37.2751889
            ],
            [
              -76.7113844,
              37.2752721
            ],
            [
              -76.7113128,
              37.2752526
            ],
            [
              -76.7113239,
              37.2752266
            ],
            [
              -76.7113174,
              37.2752249
            ]
          ]
        ]
      }
    },
    {
      "type": "Feature",
      "properties": {
        "id": 296930406,
        "name": null,
        "building": "house",
        "start_date": "1975"
      },
      "geometry": {
        "type": "Polygon",
        "coordinates": [
          [
            [
              -76.7101081,
              37.2754429
            ],
            [
              -76.7101314,
              37.275345
            ],
            [
              -76.7102497,
              37.2753646
            ],
            [
              -76.7102444,
              37.2753849
            ],
            [
              -76.710283,
              37.2753913
            ],
            [
              -76.710263,
              37.2754685
            ],
            [
              -76.7101081,
              37.2754429
            ]
          ]
        ]
      }
    },
    {
      "type": "Feature",
      "properties": {
        "id": 296930409,
        "name": "Cary Wynne Boelt Cottage",
        "building": "house",
        "start_date": "1940"
      },
      "geometry": {
        "type": "Polygon",
        "coordinates": [
          [
            [
              -76.7118017,
              37.2737172
            ],
            [
              -76.7118435,
              37.2736634
            ],
            [
              -76.7118611,
              37.2736717
            ],
            [
              -76.7118729,
              37.2736564
            ],
            [
              -76.7119205,
              37.27368
            ],
            [
              -76.7119093,
              37.2736944
            ],
            [
              -76.7119236,
              37.2737015
            ],
            [
              -76.7118809,
              37.2737565
            ],
            [
              -76.7118017,
              37.2737172
            ]
          ]
        ]
      }
    },
    {
      "type": "Feature",
      "properties": {
        "id": 296930410,
        "name": null,
        "building": "house",
        "start_date": "1920"
      },
      "geometry": {
        "type": "Polygon",
        "coordinates": [
          [
            [
              -76.7120262,
              37.2736018
            ],
            [
              -76.7119376,
              37.2735606
            ],
            [
              -76.7120097,
              37.2734618
            ],
            [
              -76.7121116,
              37.2735092
            ],
            [
              -76.7120677,
              37.2735694
            ],
            [
              -76.7120539,
              37.2735634
            ],
            [
              -76.7120262,
              37.2736018
            ]
          ]
        ]
      }
    },
    {
      "type": "Feature",
      "properties": {
        "id": 296930411,
        "name": "Chamber of Commerce",
        "building": "yes",
        "start_date": "2000"
      },
      "geometry": {
        "type": "Polygon",
        "coordinates": [
          [
            [
              -76.7075394,
              37.2750009
            ],
            [
              -76.7075278,
              37.2748669
            ],
            [
              -76.7074814,
              37.2748695
            ],
            [
              -76.7074684,
              37.274718
            ],
            [
              -76.707473,
              37.2747178
            ],
            [
              -76.7075214,
              37.2747151
            ],
            [
              -76.7075211,
              37.2747118
            ],
            [
              -76.7075207,
              37.2747072
            ],
            [
              -76.7075936,
              37.2747032
            ],
            [
              -76.707594,
              37.2747077
            ],
            [
              -76.707644,
              37.274705
            ],
            [
              -76.7076687,
              37.2749915
            ],
            [
              -76.7075394,
              37.2750009
            ]
          ]
        ]
      }
    },
    {
      "type": "Feature",
      "properties": {
        "id": 296930418,
        "name": "College Delly",
        "building": "commercial",
        "start_date": "1961"
      },
      "geometry": {
        "type": "Polygon",
        "coordinates": [
          [
            [
              -76.7122039,
              37.2737072
            ],
            [
              -76.7123046,
              37.2735785
            ],
            [
              -76.7124435,
              37.2736479
            ],
            [
              -76.7124046,
              37.2736975
            ],
            [
              -76.7123801,
              37.2736853
            ],
            [
              -76.7123183,
              37.2737643
            ],
            [
              -76.7122039,
              37.2737072
            ]
          ]
        ]
      }
    },
    {
      "type": "Feature",
      "properties": {
        "id": 296930419,
        "name": "Colonial Capitol B&B",
        "building": "yes",
        "start_date": "1928"
      },
      "geometry": {
        "type": "Polygon",
        "coordinates": [
          [
            [
              -76.7134597,
              37.2749396
            ],
            [
              -76.7134267,
              37.2749031
            ],
            [
              -76.713446,
              37.2748927
            ],
            [
              -76.7134432,
              37.2748897
            ],
            [
              -76.7134741,
              37.2748719
            ],
            [
              -76.7134263,
              37.2748189
            ],
            [
              -76.7135048,
              37.2747736
            ],
            [
              -76.7135289,
              37.2748013
            ],
            [
              -76.7135346,
              37.274798
            ],
            [
              -76.7135552,
              37.2748208
            ],
            [
              -76.7135739,
              37.27481
            ],
            [
              -76.7136023,
              37.2748415
            ],
            [
              -76.7135836,
              37.2748523
            ],
            [
              -76.7136189,
              37.2748914
            ],
            [
              -76.7135545,
              37.274929
            ],
            [
              -76.713544,
              37.2749177
            ],
            [
              -76.7135183,
              37.2749325
            ],
            [
              -76.7135047,
              37.2749175
            ],
            [
              -76.7134808,
              37.2749313
            ],
            [
              -76.7134785,
              37.2749287
            ],
            [
              -76.7134597,
              37.2749396
            ]
          ]
        ]
      }
    },
    {
      "type": "Feature",
      "properties": {
        "id": 296930420,
        "name": "Comer Jackson Carport",
        "building": "yes",
        "start_date": "1926"
      },
      "geometry": {
        "type": "Polygon",
        "coordinates": [
          [
            [
              -76.713626,
              37.2753585
            ],
            [
              -76.7136068,
              37.2753367
            ],
            [
              -76.7136557,
              37.2753092
            ],
            [
              -76.7136748,
              37.2753306
            ],
            [
              -76.713626,
              37.2753585
            ]
          ]
        ]
      }
    },
    {
      "type": "Feature",
      "properties": {
        "id": 296930421,
        "name": null,
        "building": "house",
        "start_date": "1937"
      },
      "geometry": {
        "type": "Polygon",
        "coordinates": [
          [
            [
              -76.7138039,
              37.2752561
            ],
            [
              -76.7137762,
              37.2752247
            ],
            [
              -76.7137963,
              37.2752134
            ],
            [
              -76.7137357,
              37.2751446
            ],
            [
              -76.7138066,
              37.2751047
            ],
            [
              -76.713904,
              37.2752153
            ],
            [
              -76.7138318,
              37.2752559
            ],
            [
              -76.7138229,
              37.2752454
            ],
            [
              -76.7138039,
              37.2752561
            ]
          ]
        ]
      }
    },
    {
      "type": "Feature",
      "properties": {
        "id": 296930422,
        "name": "Community Building",
        "building": "yes",
        "start_date": "1999"
      },
      "geometry": {
        "type": "Polygon",
        "coordinates": [
          [
            [
              -76.7070141,
              37.2745926
            ],
            [
              -76.707007,
              37.2745224
            ],
            [
              -76.7069544,
              37.2745258
            ],
            [
              -76.7069448,
              37.2744309
            ],
            [
              -76.7069988,
              37.2744274
            ],
            [
              -76.7069923,
              37.2743634
            ],
            [
              -76.7071478,
              37.2743534
            ],
            [
              -76.7071543,
              37.2744171
            ],
            [
              -76.7072017,
              37.274414
            ],
            [
              -76.7072118,
              37.2745137
            ],
            [
              -76.7071635,
              37.2745168
            ],
            [
              -76.7071703,
              37.2745832
            ],
            [
              -76.7070141,
              37.2745926
            ]
          ]
        ]
      }
    },
    {
      "type": "Feature",
      "properties": {
        "id": 296930423,
        "name": "The Williamsburg Symphony Orchestra",
        "building": "yes",
        "start_date": "1875"
      },
      "geometry": {
        "type": "Polygon",
        "coordinates": [
          [
            [
              -76.7060937,
              37.2726068
            ],
            [
              -76.706294,
              37.2725944
            ],
            [
              -76.7062969,
              37.2726251
            ],
            [
              -76.7062661,
              37.2726268
            ],
            [
              -76.7062694,
              37.272663
            ],
            [
              -76.7061013,
              37.2726731
            ],
            [
              -76.7060937,
              37.2726068
            ]
          ]
        ]
      }
    },
    {
      "type": "Feature",
      "properties": {
        "id": 296930424,
        "name": null,
        "building": "house",
        "start_date": "1930"
      },
      "geometry": {
        "type": "Polygon",
        "coordinates": [
          [
            [
              -76.7118254,
              37.2744795
            ],
            [
              -76.711679,
              37.2744369
            ],
            [
              -76.7117124,
              37.2743631
            ],
            [
              -76.7118587,
              37.2744062
            ],
            [
              -76.7118407,
              37.2744455
            ],
            [
              -76.7118534,
              37.2744492
            ],
            [
              -76.7118447,
              37.2744687
            ],
            [
              -76.7118321,
              37.274465
            ],
            [
              -76.7118254,
              37.2744795
            ]
          ]
        ]
      }
    },
    {
      "type": "Feature",
      "properties": {
        "id": 296930425,
        "name": null,
        "building": "yes",
        "start_date": "1930"
      },
      "geometry": {
        "type": "Polygon",
        "coordinates": [
          [
            [
              -76.7118937,
              37.2744661
            ],
            [
              -76.7119153,
              37.2744197
            ],
            [
              -76.7119524,
              37.2744315
            ],
            [
              -76.7119308,
              37.2744773
            ],
            [
              -76.7118937,
              37.2744661
            ]
          ]
        ]
      }
    },
    {
      "type": "Feature",
      "properties": {
        "id": 296930428,
        "name": "Dail Duplex",
        "building": "apartments",
        "start_date": "1964"
      },
      "geometry": {
        "type": "Polygon",
        "coordinates": [
          [
            [
              -76.7114121,
              37.2757115
            ],
            [
              -76.7115034,
              37.275659
            ],
            [
              -76.7115687,
              37.2757285
            ],
            [
              -76.7114754,
              37.2757824
            ],
            [
              -76.7114121,
              37.2757115
            ]
          ]
        ]
      }
    },
    {
      "type": "Feature",
      "properties": {
        "id": 296930429,
        "name": null,
        "building": "yes",
        "start_date": "1961"
      },
      "geometry": {
        "type": "Polygon",
        "coordinates": [
          [
            [
              -76.711281,
              37.2756086
            ],
            [
              -76.711302,
              37.2755929
            ],
            [
              -76.7113267,
              37.2756138
            ],
            [
              -76.7113057,
              37.2756296
            ],
            [
              -76.711281,
              37.2756086
            ]
          ]
        ]
      }
    },
    {
      "type": "Feature",
      "properties": {
        "id": 296930430,
        "name": "Dora Armistead House (relocated 1995 from DOG ST)",
        "building": "house",
        "start_date": "1888"
      },
      "geometry": {
        "type": "Polygon",
        "coordinates": [
          [
            [
              -76.7062734,
              37.2742255
            ],
            [
              -76.706263,
              37.2741174
            ],
            [
              -76.7063989,
              37.274109
            ],
            [
              -76.7064018,
              37.2741386
            ],
            [
              -76.7064501,
              37.2741356
            ],
            [
              -76.7064558,
              37.274186
            ],
            [
              -76.7064074,
              37.2741894
            ],
            [
              -76.7064103,
              37.2742193
            ],
            [
              -76.7062734,
              37.2742255
            ]
          ]
        ]
      }
    },
    {
      "type": "Feature",
      "properties": {
        "id": 296930431,
        "name": null,
        "building": "house",
        "start_date": "1936"
      },
      "geometry": {
        "type": "Polygon",
        "coordinates": [
          [
            [
              -76.7113323,
              37.2744573
            ],
            [
              -76.7113465,
              37.2744263
            ],
            [
              -76.7114055,
              37.2744435
            ],
            [
              -76.7114145,
              37.2744221
            ],
            [
              -76.7114572,
              37.2744347
            ],
            [
              -76.7114149,
              37.2745283
            ],
            [
              -76.7113315,
              37.2745039
            ],
            [
              -76.7113504,
              37.2744626
            ],
            [
              -76.7113323,
              37.2744573
            ]
          ]
        ]
      }
    },
    {
      "type": "Feature",
      "properties": {
        "id": 296930434,
        "name": null,
        "building": "house",
        "start_date": "1925"
      },
      "geometry": {
        "type": "Polygon",
        "coordinates": [
          [
            [
              -76.7133266,
              37.2758344
            ],
            [
              -76.7132944,
              37.275797
            ],
            [
              -76.713332,
              37.2757763
            ],
            [
              -76.7133642,
              37.2758138
            ],
            [
              -76.7134314,
              37.2757769
            ],
            [
              -76.7134772,
              37.2757514
            ],
            [
              -76.7134784,
              37.2757528
            ],
            [
              -76.7135205,
              37.2758017
            ],
            [
              -76.713475,
              37.2758267
            ],
            [
              -76.7133697,
              37.2758845
            ],
            [
              -76.7133266,
              37.2758344
            ]
          ]
        ]
      }
    },
    {
      "type": "Feature",
      "properties": {
        "id": 296930437,
        "name": null,
        "building": "house",
        "start_date": "1975"
      },
      "geometry": {
        "type": "Polygon",
        "coordinates": [
          [
            [
              -76.7098745,
              37.2748885
            ],
            [
              -76.709831,
              37.274813
            ],
            [
              -76.7100195,
              37.2747451
            ],
            [
              -76.7100618,
              37.2748182
            ],
            [
              -76.7100406,
              37.2748261
            ],
            [
              -76.7100092,
              37.2748379
            ],
            [
              -76.7100155,
              37.274849
            ],
            [
              -76.7099276,
              37.2748814
            ],
            [
              -76.709921,
              37.2748715
            ],
            [
              -76.7098745,
              37.2748885
            ]
          ]
        ]
      }
    },
    {
      "type": "Feature",
      "properties": {
        "id": 296930440,
        "name": null,
        "building": "garage",
        "start_date": "2002"
      },
      "geometry": {
        "type": "Polygon",
        "coordinates": [
          [
            [
              -76.7113352,
              37.2740763
            ],
            [
              -76.711359,
              37.2740252
            ],
            [
              -76.7114044,
              37.2740387
            ],
            [
              -76.7113971,
              37.2740544
            ],
            [
              -76.7114687,
              37.2740757
            ],
            [
              -76.7114522,
              37.2741111
            ],
            [
              -76.7113352,
              37.2740763
            ]
          ]
        ]
      }
    },
    {
      "type": "Feature",
      "properties": {
        "id": 296930441,
        "name": null,
        "building": "house",
        "start_date": "2002"
      },
      "geometry": {
        "type": "Polygon",
        "coordinates": [
          [
            [
              -76.7114019,
              37.2740095
            ],
            [
              -76.7114249,
              37.2739636
            ],
            [
              -76.7114577,
              37.2738936
            ],
            [
              -76.7115431,
              37.2739173
            ],
            [
              -76.7115501,
              37.2739378
            ],
            [
              -76.7114998,
              37.2740393
            ],
            [
              -76.7114019,
              37.2740095
            ]
          ]
        ]
      }
    },
    {
      "type": "Feature",
      "properties": {
        "id": 296930443,
        "name": null,
        "building": "yes",
        "start_date": "1976"
      },
      "geometry": {
        "type": "Polygon",
        "coordinates": [
          [
            [
              -76.7078252,
              37.2727624
            ],
            [
              -76.7078317,
              37.2728503
            ],
            [
              -76.7077485,
              37.2728542
            ],
            [
              -76.7077419,
              37.2727663
            ],
            [
              -76.7078252,
              37.2727624
            ]
          ]
        ]
      }
    },
    {
      "type": "Feature",
      "properties": {
        "id": 296930444,
        "name": null,
        "building": "yes",
        "start_date": "1999"
      },
      "geometry": {
        "type": "Polygon",
        "coordinates": [
          [
            [
              -76.7110131,
              37.2745218
            ],
            [
              -76.7110248,
              37.2744904
            ],
            [
              -76.711073,
              37.2745018
            ],
            [
              -76.7110613,
              37.2745333
            ],
            [
              -76.7110131,
              37.2745218
            ]
          ]
        ]
      }
    },
    {
      "type": "Feature",
      "properties": {
        "id": 296930445,
        "name": null,
        "building": "garage",
        "start_date": "1964"
      },
      "geometry": {
        "type": "Polygon",
        "coordinates": [
          [
            [
              -76.7139938,
              37.2760287
            ],
            [
              -76.7140666,
              37.27599
            ],
            [
              -76.7141005,
              37.2760307
            ],
            [
              -76.7140277,
              37.2760694
            ],
            [
              -76.7139938,
              37.2760287
            ]
          ]
        ]
      }
    },
    {
      "type": "Feature",
      "properties": {
        "id": 296930446,
        "name": null,
        "building": "yes",
        "start_date": "1980"
      },
      "geometry": {
        "type": "Polygon",
        "coordinates": [
          [
            [
              -76.7081731,
              37.2729122
            ],
            [
              -76.7081698,
              37.2729338
            ],
            [
              -76.7081892,
              37.2729357
            ],
            [
              -76.7081829,
              37.272977
            ],
            [
              -76.7081608,
              37.2729749
            ],
            [
              -76.7081577,
              37.2729952
            ],
            [
              -76.708048,
              37.2729846
            ],
            [
              -76.7080607,
              37.2729013
            ],
            [
              -76.7081731,
              37.2729122
            ]
          ]
        ]
      }
    },
    {
      "type": "Feature",
      "properties": {
        "id": 296930447,
        "name": "G-Square Building",
        "building": "yes",
        "start_date": "1980"
      },
      "geometry": {
        "type": "Polygon",
        "coordinates": [
          [
            [
              -76.7077563,
              37.2729134
            ],
            [
              -76.7078671,
              37.2729211
            ],
            [
              -76.7078579,
              37.2730055
            ],
            [
              -76.707747,
              37.2729978
            ],
            [
              -76.7077563,
              37.2729134
            ]
          ]
        ]
      }
    },
    {
      "type": "Feature",
      "properties": {
        "id": 296930448,
        "name": null,
        "building": "house",
        "start_date": "1940"
      },
      "geometry": {
        "type": "Polygon",
        "coordinates": [
          [
            [
              -76.7112495,
              37.2746577
            ],
            [
              -76.7112633,
              37.2746288
            ],
            [
              -76.7112732,
              37.2746081
            ],
            [
              -76.7112643,
              37.2746055
            ],
            [
              -76.7112866,
              37.2745592
            ],
            [
              -76.7113319,
              37.2745725
            ],
            [
              -76.7113339,
              37.2745682
            ],
            [
              -76.7113621,
              37.2745768
            ],
            [
              -76.7113717,
              37.2745566
            ],
            [
              -76.7114295,
              37.2745742
            ],
            [
              -76.7113857,
              37.2746661
            ],
            [
              -76.7113203,
              37.2746462
            ],
            [
              -76.7113065,
              37.274675
            ],
            [
              -76.7112495,
              37.2746577
            ]
          ]
        ]
      }
    },
    {
      "type": "Feature",
      "properties": {
        "id": 296930449,
        "name": "Gillman - Arbor",
        "building": "yes",
        "start_date": "2007"
      },
      "geometry": {
        "type": "Polygon",
        "coordinates": [
          [
            [
              -76.7140535,
              37.2758976
            ],
            [
              -76.7140847,
              37.2758818
            ],
            [
              -76.7141032,
              37.2759052
            ],
            [
              -76.714072,
              37.2759209
            ],
            [
              -76.7140535,
              37.2758976
            ]
          ]
        ]
      }
    },
    {
      "type": "Feature",
      "properties": {
        "id": 296930450,
        "name": null,
        "building": "house",
        "start_date": "1930"
      },
      "geometry": {
        "type": "Polygon",
        "coordinates": [
          [
            [
              -76.7117164,
              37.2746395
            ],
            [
              -76.711627,
              37.2746136
            ],
            [
              -76.7116393,
              37.274586
            ],
            [
              -76.711616,
              37.2745794
            ],
            [
              -76.7116314,
              37.2745442
            ],
            [
              -76.7116555,
              37.2745511
            ],
            [
              -76.7116675,
              37.2745236
            ],
            [
              -76.7117532,
              37.2745479
            ],
            [
              -76.7117523,
              37.2745504
            ],
            [
              -76.7117802,
              37.2745589
            ],
            [
              -76.7117519,
              37.2746226
            ],
            [
              -76.7117271,
              37.2746156
            ],
            [
              -76.7117164,
              37.2746395
            ]
          ]
        ]
      }
    },
    {
      "type": "Feature",
      "properties": {
        "id": 296930451,
        "name": null,
        "building": "garage",
        "start_date": "2001"
      },
      "geometry": {
        "type": "Polygon",
        "coordinates": [
          [
            [
              -76.7128305,
              37.2753307
            ],
            [
              -76.7128729,
              37.2753065
            ],
            [
              -76.7129175,
              37.2753566
            ],
            [
              -76.7128745,
              37.27538
            ],
            [
              -76.7128305,
              37.2753307
            ]
          ]
        ]
      }
    },
    {
      "type": "Feature",
      "properties": {
        "id": 296930452,
        "name": null,
        "building": "house",
        "start_date": "2001"
      },
      "geometry": {
        "type": "Polygon",
        "coordinates": [
          [
            [
              -76.7128981,
              37.2753125
            ],
            [
              -76.7128791,
              37.2752901
            ],
            [
              -76.7128701,
              37.2752949
            ],
            [
              -76.7128582,
              37.2752811
            ],
            [
              -76.7128674,
              37.2752764
            ],
            [
              -76.7128434,
              37.2752475
            ],
            [
              -76.7129264,
              37.2752024
            ],
            [
              -76.7129473,
              37.2752274
            ],
            [
              -76.7129561,
              37.2752224
            ],
            [
              -76.7129691,
              37.275238
            ],
            [
              -76.7129605,
              37.2752432
            ],
            [
              -76.712982,
              37.275269
            ],
            [
              -76.7128981,
              37.2753125
            ]
          ]
        ]
      }
    },
    {
      "type": "Feature",
      "properties": {
        "id": 296930457,
        "name": "332 North Henry Street",
        "building": "yes",
        "start_date": "2008"
      },
      "geometry": {
        "type": "Polygon",
        "coordinates": [
          [
            [
              -76.7064054,
              37.2750827
            ],
            [
              -76.7063991,
              37.2750062
            ],
            [
              -76.7063364,
              37.2750094
            ],
            [
              -76.7063344,
              37.2749848
            ],
            [
              -76.7063208,
              37.2749855
            ],
            [
              -76.7063128,
              37.2748876
            ],
            [
              -76.7063262,
              37.2748869
            ],
            [
              -76.7063169,
              37.2747729
            ],
            [
              -76.7062962,
              37.2747739
            ],
            [
              -76.7062933,
              37.2747385
            ],
            [
              -76.7062894,
              37.2747353
            ],
            [
              -76.7062826,
              37.2746514
            ],
            [
              -76.7062859,
              37.2746483
            ],
            [
              -76.706283,
              37.274613
            ],
            [
              -76.7063036,
              37.2746119
            ],
            [
              -76.7062923,
              37.2744732
            ],
            [
              -76.7062782,
              37.2744739
            ],
            [
              -76.7062702,
              37.2743763
            ],
            [
              -76.7063124,
              37.2743741
            ],
            [
              -76.7063107,
              37.2743531
            ],
            [
              -76.7064414,
              37.2743463
            ],
            [
              -76.7064431,
              37.2743672
            ],
            [
              -76.7064853,
              37.274365
            ],
            [
              -76.7064933,
              37.2744627
            ],
            [
              -76.7064798,
              37.2744634
            ],
            [
              -76.7064912,
              37.2746022
            ],
            [
              -76.7065116,
              37.2746012
            ],
            [
              -76.7065143,
              37.2746332
            ],
            [
              -76.7065207,
              37.2746329
            ],
            [
              -76.706522,
              37.2746491
            ],
            [
              -76.7065165,
              37.2746494
            ],
            [
              -76.7065162,
              37.274645
            ],
            [
              -76.7064997,
              37.2746459
            ],
            [
              -76.7065057,
              37.2747192
            ],
            [
              -76.7065224,
              37.2747183
            ],
            [
              -76.706522,
              37.2747139
            ],
            [
              -76.7065275,
              37.2747137
            ],
            [
              -76.7065289,
              37.2747298
            ],
            [
              -76.7065223,
              37.2747302
            ],
            [
              -76.706525,
              37.274762
            ],
            [
              -76.7065047,
              37.274763
            ],
            [
              -76.706514,
              37.274877
            ],
            [
              -76.7065275,
              37.2748763
            ],
            [
              -76.7065355,
              37.2749742
            ],
            [
              -76.7065219,
              37.274975
            ],
            [
              -76.7065239,
              37.2749996
            ],
            [
              -76.7065159,
              37.275
            ],
            [
              -76.7065221,
              37.2750765
            ],
            [
              -76.7064054,
              37.2750827
            ]
          ]
        ]
      }
    },
    {
      "type": "Feature",
      "properties": {
        "id": 296930458,
        "name": null,
        "building": "house",
        "start_date": "1930"
      },
      "geometry": {
        "type": "Polygon",
        "coordinates": [
          [
            [
              -76.711578,
              37.2739687
            ],
            [
              -76.7116119,
              37.2738966
            ],
            [
              -76.7116924,
              37.2739209
            ],
            [
              -76.7116593,
              37.2739914
            ],
            [
              -76.711578,
              37.2739687
            ]
          ]
        ]
      }
    },
    {
      "type": "Feature",
      "properties": {
        "id": 296930459,
        "name": null,
        "building": "yes",
        "start_date": "2008"
      },
      "geometry": {
        "type": "Polygon",
        "coordinates": [
          [
            [
              -76.7120304,
              37.2741967
            ],
            [
              -76.7120416,
              37.2741729
            ],
            [
              -76.7120705,
              37.2741816
            ],
            [
              -76.7120593,
              37.2742054
            ],
            [
              -76.7120304,
              37.2741967
            ]
          ]
        ]
      }
    },
    {
      "type": "Feature",
      "properties": {
        "id": 296930460,
        "name": "Hitchen House",
        "building": "house",
        "start_date": "1910"
      },
      "geometry": {
        "type": "Polygon",
        "coordinates": [
          [
            [
              -76.7065138,
              37.2752436
            ],
            [
              -76.7065117,
              37.2752192
            ],
            [
              -76.7063162,
              37.2752296
            ],
            [
              -76.7063097,
              37.2751519
            ],
            [
              -76.7064437,
              37.2751448
            ],
            [
              -76.7064441,
              37.2751496
            ],
            [
              -76.7064965,
              37.2751467
            ],
            [
              -76.706497,
              37.2751555
            ],
            [
              -76.7066555,
              37.275147
            ],
            [
              -76.7066627,
              37.2752356
            ],
            [
              -76.7065138,
              37.2752436
            ]
          ]
        ]
      }
    },
    {
      "type": "Feature",
      "properties": {
        "id": 296930461,
        "name": null,
        "building": "garage",
        "start_date": "1936"
      },
      "geometry": {
        "type": "Polygon",
        "coordinates": [
          [
            [
              -76.7066722,
              37.2751429
            ],
            [
              -76.7067029,
              37.2751422
            ],
            [
              -76.7067043,
              37.2751718
            ],
            [
              -76.7066733,
              37.2751726
            ],
            [
              -76.7066722,
              37.2751429
            ]
          ]
        ]
      }
    },
    {
      "type": "Feature",
      "properties": {
        "id": 296930462,
        "name": "Hitchens House",
        "building": "house",
        "start_date": "1936"
      },
      "geometry": {
        "type": "Polygon",
        "coordinates": [
          [
            [
              -76.7067725,
              37.275233
            ],
            [
              -76.7068623,
              37.2752281
            ],
            [
              -76.7068694,
              37.2753112
            ],
            [
              -76.7067796,
              37.275316
            ],
            [
              -76.7067725,
              37.275233
            ]
          ]
        ]
      }
    },
    {
      "type": "Feature",
      "properties": {
        "id": 296930466,
        "name": "Holland Apartments",
        "building": "apartments",
        "start_date": "1943"
      },
      "geometry": {
        "type": "Polygon",
        "coordinates": [
          [
            [
              -76.7124844,
              37.2760082
            ],
            [
              -76.7125977,
              37.2759446
            ],
            [
              -76.7126594,
              37.2760147
            ],
            [
              -76.7125461,
              37.2760783
            ],
            [
              -76.7124844,
              37.2760082
            ]
          ]
        ]
      }
    },
    {
      "type": "Feature",
      "properties": {
        "id": 296930467,
        "name": null,
        "building": "house",
        "start_date": "1941"
      },
      "geometry": {
        "type": "Polygon",
        "coordinates": [
          [
            [
              -76.7138854,
              37.2759106
            ],
            [
              -76.7139828,
              37.2758553
            ],
            [
              -76.7140289,
              37.2759073
            ],
            [
              -76.7139315,
              37.2759625
            ],
            [
              -76.7138854,
              37.2759106
            ]
          ]
        ]
      }
    },
    {
      "type": "Feature",
      "properties": {
        "id": 296930469,
        "name": null,
        "building": "house",
        "start_date": "1975"
      },
      "geometry": {
        "type": "Polygon",
        "coordinates": [
          [
            [
              -76.7093317,
              37.2754202
            ],
            [
              -76.709337,
              37.2753457
            ],
            [
              -76.7093745,
              37.2753477
            ],
            [
              -76.709376,
              37.2753216
            ],
            [
              -76.709493,
              37.2753276
            ],
            [
              -76.7094849,
              37.2754281
            ],
            [
              -76.7093317,
              37.2754202
            ]
          ]
        ]
      }
    },
    {
      "type": "Feature",
      "properties": {
        "id": 296930470,
        "name": null,
        "building": "yes",
        "start_date": "2012"
      },
      "geometry": {
        "type": "Polygon",
        "coordinates": [
          [
            [
              -76.7093904,
              37.2754504
            ],
            [
              -76.7094266,
              37.2754494
            ],
            [
              -76.7094274,
              37.2754686
            ],
            [
              -76.7093912,
              37.2754696
            ],
            [
              -76.7093904,
              37.2754504
            ]
          ]
        ]
      }
    },
    {
      "type": "Feature",
      "properties": {
        "id": 296930471,
        "name": null,
        "building": "house",
        "start_date": "1977"
      },
      "geometry": {
        "type": "Polygon",
        "coordinates": [
          [
            [
              -76.709933,
              37.2754666
            ],
            [
              -76.7099407,
              37.2753497
            ],
            [
              -76.7099906,
              37.2753524
            ],
            [
              -76.7099915,
              37.2753326
            ],
            [
              -76.7100797,
              37.2753381
            ],
            [
              -76.7100756,
              37.2754114
            ],
            [
              -76.7100398,
              37.2754099
            ],
            [
              -76.7100358,
              37.275471
            ],
            [
              -76.709933,
              37.2754666
            ]
          ]
        ]
      }
    },
    {
      "type": "Feature",
      "properties": {
        "id": 296930473,
        "name": null,
        "building": "apartments",
        "start_date": "1935"
      },
      "geometry": {
        "type": "Polygon",
        "coordinates": [
          [
            [
              -76.7073899,
              37.274111
            ],
            [
              -76.7073847,
              37.2740245
            ],
            [
              -76.7075244,
              37.2740192
            ],
            [
              -76.7075255,
              37.2740346
            ],
            [
              -76.7075427,
              37.274034
            ],
            [
              -76.7075452,
              37.2740759
            ],
            [
              -76.7075298,
              37.2740765
            ],
            [
              -76.7075315,
              37.2741056
            ],
            [
              -76.7073899,
              37.274111
            ]
          ]
        ]
      }
    },
    {
      "type": "Feature",
      "properties": {
        "id": 296930475,
        "name": null,
        "building": "house",
        "start_date": "1950"
      },
      "geometry": {
        "type": "Polygon",
        "coordinates": [
          [
            [
              -76.7133423,
              37.2752707
            ],
            [
              -76.7133035,
              37.2752249
            ],
            [
              -76.7132944,
              37.2752299
            ],
            [
              -76.7132798,
              37.2752127
            ],
            [
              -76.7132873,
              37.2752086
            ],
            [
              -76.7132302,
              37.2751413
            ],
            [
              -76.7132853,
              37.2751115
            ],
            [
              -76.7132765,
              37.2751011
            ],
            [
              -76.7133245,
              37.275075
            ],
            [
              -76.7133677,
              37.2751259
            ],
            [
              -76.7133723,
              37.2751229
            ],
            [
              -76.7134281,
              37.2751897
            ],
            [
              -76.7133769,
              37.2752179
            ],
            [
              -76.7133967,
              37.2752412
            ],
            [
              -76.7133423,
              37.2752707
            ]
          ]
        ]
      }
    },
    {
      "type": "Feature",
      "properties": {
        "id": 296930476,
        "name": null,
        "building": "house",
        "start_date": "1940"
      },
      "geometry": {
        "type": "Polygon",
        "coordinates": [
          [
            [
              -76.7084358,
              37.2733288
            ],
            [
              -76.7085491,
              37.273337
            ],
            [
              -76.7085378,
              37.2734372
            ],
            [
              -76.7084245,
              37.2734291
            ],
            [
              -76.7084358,
              37.2733288
            ]
          ]
        ]
      }
    },
    {
      "type": "Feature",
      "properties": {
        "id": 296930477,
        "name": null,
        "building": "garage",
        "start_date": "1972"
      },
      "geometry": {
        "type": "Polygon",
        "coordinates": [
          [
            [
              -76.7138276,
              37.2756095
            ],
            [
              -76.7138659,
              37.2755891
            ],
            [
              -76.7139058,
              37.2756369
            ],
            [
              -76.7138674,
              37.2756573
            ],
            [
              -76.7138276,
              37.2756095
            ]
          ]
        ]
      }
    },
    {
      "type": "Feature",
      "properties": {
        "id": 296930478,
        "name": "Imperial Building",
        "building": "yes",
        "start_date": "1931"
      },
      "geometry": {
        "type": "Polygon",
        "coordinates": [
          [
            [
              -76.7080168,
              37.272554
            ],
            [
              -76.7079718,
              37.2726166
            ],
            [
              -76.7079041,
              37.2725845
            ],
            [
              -76.7078987,
              37.2725918
            ],
            [
              -76.7078916,
              37.2726014
            ],
            [
              -76.7078014,
              37.2725584
            ],
            [
              -76.7076698,
              37.2724956
            ],
            [
              -76.7076614,
              37.2724916
            ],
            [
              -76.7076729,
              37.2724761
            ],
            [
              -76.7076638,
              37.2724719
            ],
            [
              -76.7076609,
              37.2724327
            ],
            [
              -76.7077021,
              37.2724172
            ],
            [
              -76.7077115,
              37.2724215
            ],
            [
              -76.7077158,
              37.2724155
            ],
            [
              -76.7080168,
              37.272554
            ]
          ]
        ]
      }
    },
    {
      "type": "Feature",
      "properties": {
        "id": 296930481,
        "name": null,
        "building": "house",
        "start_date": "1978"
      },
      "geometry": {
        "type": "Polygon",
        "coordinates": [
          [
            [
              -76.7106439,
              37.27526
            ],
            [
              -76.7106313,
              37.2752405
            ],
            [
              -76.7106255,
              37.2752429
            ],
            [
              -76.7105984,
              37.2752012
            ],
            [
              -76.7106023,
              37.2751996
            ],
            [
              -76.710572,
              37.2751528
            ],
            [
              -76.7106587,
              37.2751195
            ],
            [
              -76.7106946,
              37.2751756
            ],
            [
              -76.710719,
              37.2751666
            ],
            [
              -76.7107513,
              37.2752169
            ],
            [
              -76.7107274,
              37.2752267
            ],
            [
              -76.7107281,
              37.2752278
            ],
            [
              -76.7106439,
              37.27526
            ]
          ]
        ]
      }
    },
    {
      "type": "Feature",
      "properties": {
        "id": 296930488,
        "name": null,
        "building": "apartments",
        "start_date": "1952"
      },
      "geometry": {
        "type": "Polygon",
        "coordinates": [
          [
            [
              -76.7071934,
              37.274014
            ],
            [
              -76.707297,
              37.2740077
            ],
            [
              -76.7073002,
              37.2740417
            ],
            [
              -76.7071967,
              37.2740479
            ],
            [
              -76.7071934,
              37.274014
            ]
          ]
        ]
      }
    },
    {
      "type": "Feature",
      "properties": {
        "id": 296930489,
        "name": "King & Queen Apartments",
        "building": "apartments",
        "start_date": "1964"
      },
      "geometry": {
        "type": "Polygon",
        "coordinates": [
          [
            [
              -76.7110374,
              37.2736472
            ],
            [
              -76.7111633,
              37.2734157
            ],
            [
              -76.7112805,
              37.2734564
            ],
            [
              -76.7111547,
              37.2736879
            ],
            [
              -76.7110374,
              37.2736472
            ]
          ]
        ]
      }
    },
    {
      "type": "Feature",
      "properties": {
        "id": 296930490,
        "name": "King & Queen Apartments",
        "building": "apartments",
        "start_date": "1964"
      },
      "geometry": {
        "type": "Polygon",
        "coordinates": [
          [
            [
              -76.7114408,
              37.2736737
            ],
            [
              -76.7115722,
              37.2734992
            ],
            [
              -76.7116824,
              37.2735522
            ],
            [
              -76.7115509,
              37.2737267
            ],
            [
              -76.7114408,
              37.2736737
            ]
          ]
        ]
      }
    },
    {
      "type": "Feature",
      "properties": {
        "id": 296930491,
        "name": null,
        "building": "yes",
        "start_date": "1973"
      },
      "geometry": {
        "type": "Polygon",
        "coordinates": [
          [
            [
              -76.7110307,
              37.2747746
            ],
            [
              -76.7110435,
              37.2747457
            ],
            [
              -76.711083,
              37.2747563
            ],
            [
              -76.71107,
              37.2747857
            ],
            [
              -76.7110307,
              37.2747746
            ]
          ]
        ]
      }
    },
    {
      "type": "Feature",
      "properties": {
        "id": 296930492,
        "name": null,
        "building": "apartments",
        "start_date": "1980"
      },
      "geometry": {
        "type": "Polygon",
        "coordinates": [
          [
            [
              -76.7081714,
              37.2732721
            ],
            [
              -76.7082808,
              37.2732809
            ],
            [
              -76.7082876,
              37.2732814
            ],
            [
              -76.7082843,
              37.2733082
            ],
            [
              -76.7082911,
              37.2733087
            ],
            [
              -76.7082875,
              37.2733372
            ],
            [
              -76.7082739,
              37.2733361
            ],
            [
              -76.7081576,
              37.2733267
            ],
            [
              -76.7081613,
              37.2732972
            ],
            [
              -76.7081681,
              37.2732978
            ],
            [
              -76.7081714,
              37.2732721
            ]
          ]
        ]
      }
    },
    {
      "type": "Feature",
      "properties": {
        "id": 296930493,
        "name": null,
        "building": "apartments",
        "start_date": "1981"
      },
      "geometry": {
        "type": "Polygon",
        "coordinates": [
          [
            [
              -76.7079794,
              37.2733035
            ],
            [
              -76.7079702,
              37.273391
            ],
            [
              -76.7079696,
              37.2733965
            ],
            [
              -76.7079361,
              37.2733943
            ],
            [
              -76.7079355,
              37.2733997
            ],
            [
              -76.7078999,
              37.2733973
            ],
            [
              -76.707901,
              37.2733864
            ],
            [
              -76.7079108,
              37.2732933
            ],
            [
              -76.7079478,
              37.2732958
            ],
            [
              -76.7079473,
              37.2733013
            ],
            [
              -76.7079794,
              37.2733035
            ]
          ]
        ]
      }
    },
    {
      "type": "Feature",
      "properties": {
        "id": 296930494,
        "name": null,
        "building": "apartments",
        "start_date": "1980"
      },
      "geometry": {
        "type": "Polygon",
        "coordinates": [
          [
            [
              -76.707978,
              37.2731137
            ],
            [
              -76.7079692,
              37.2732014
            ],
            [
              -76.7079233,
              37.2731984
            ],
            [
              -76.7079227,
              37.2732039
            ],
            [
              -76.7078857,
              37.2732015
            ],
            [
              -76.7078951,
              37.2731084
            ],
            [
              -76.7078962,
              37.2730974
            ],
            [
              -76.7079367,
              37.2731001
            ],
            [
              -76.7079361,
              37.2731055
            ],
            [
              -76.7079786,
              37.2731083
            ],
            [
              -76.707978,
              37.2731137
            ]
          ]
        ]
      }
    },
    {
      "type": "Feature",
      "properties": {
        "id": 296930496,
        "name": null,
        "building": "apartments",
        "start_date": "1980"
      },
      "geometry": {
        "type": "Polygon",
        "coordinates": [
          [
            [
              -76.7079794,
              37.2733035
            ],
            [
              -76.7079812,
              37.273287
            ],
            [
              -76.7080182,
              37.2732895
            ],
            [
              -76.7080176,
              37.273295
            ],
            [
              -76.7080494,
              37.2732972
            ],
            [
              -76.7080396,
              37.2733902
            ],
            [
              -76.7080064,
              37.273388
            ],
            [
              -76.7080058,
              37.2733934
            ],
            [
              -76.7079702,
              37.273391
            ],
            [
              -76.7079794,
              37.2733035
            ]
          ]
        ]
      }
    },
    {
      "type": "Feature",
      "properties": {
        "id": 296930498,
        "name": null,
        "building": "apartments",
        "start_date": "1980"
      },
      "geometry": {
        "type": "Polygon",
        "coordinates": [
          [
            [
              -76.7081576,
              37.2733267
            ],
            [
              -76.7082739,
              37.2733361
            ],
            [
              -76.7082628,
              37.2734238
            ],
            [
              -76.7081534,
              37.273415
            ],
            [
              -76.7081575,
              37.2733822
            ],
            [
              -76.708137,
              37.2733806
            ],
            [
              -76.7081407,
              37.2733513
            ],
            [
              -76.7081475,
              37.2733519
            ],
            [
              -76.7081508,
              37.2733262
            ],
            [
              -76.7081576,
              37.2733267
            ]
          ]
        ]
      }
    },
    {
      "type": "Feature",
      "properties": {
        "id": 296930499,
        "name": null,
        "building": "apartments",
        "start_date": "1981"
      },
      "geometry": {
        "type": "Polygon",
        "coordinates": [
          [
            [
              -76.7079108,
              37.2732933
            ],
            [
              -76.707901,
              37.2733864
            ],
            [
              -76.7077774,
              37.273378
            ],
            [
              -76.7077866,
              37.2732905
            ],
            [
              -76.7078277,
              37.2732932
            ],
            [
              -76.7078295,
              37.2732768
            ],
            [
              -76.7078661,
              37.2732793
            ],
            [
              -76.7078655,
              37.2732848
            ],
            [
              -76.7079114,
              37.2732879
            ],
            [
              -76.7079108,
              37.2732933
            ]
          ]
        ]
      }
    },
    {
      "type": "Feature",
      "properties": {
        "id": 296930500,
        "name": null,
        "building": "apartments",
        "start_date": "1980"
      },
      "geometry": {
        "type": "Polygon",
        "coordinates": [
          [
            [
              -76.7081714,
              37.2732721
            ],
            [
              -76.7081509,
              37.2732704
            ],
            [
              -76.7081546,
              37.2732409
            ],
            [
              -76.7081614,
              37.2732415
            ],
            [
              -76.7081646,
              37.2732161
            ],
            [
              -76.7082809,
              37.2732254
            ],
            [
              -76.7082775,
              37.2732519
            ],
            [
              -76.7082844,
              37.2732524
            ],
            [
              -76.7082808,
              37.2732809
            ],
            [
              -76.7081714,
              37.2732721
            ]
          ]
        ]
      }
    },
    {
      "type": "Feature",
      "properties": {
        "id": 296930501,
        "name": null,
        "building": "apartments",
        "start_date": "1980"
      },
      "geometry": {
        "type": "Polygon",
        "coordinates": [
          [
            [
              -76.7079692,
              37.2732014
            ],
            [
              -76.707978,
              37.2731137
            ],
            [
              -76.7080185,
              37.2731164
            ],
            [
              -76.7080179,
              37.2731218
            ],
            [
              -76.70806,
              37.2731246
            ],
            [
              -76.7080506,
              37.2732176
            ],
            [
              -76.7080051,
              37.2732147
            ],
            [
              -76.7080045,
              37.2732202
            ],
            [
              -76.7079675,
              37.2732178
            ],
            [
              -76.7079692,
              37.2732014
            ]
          ]
        ]
      }
    },
    {
      "type": "Feature",
      "properties": {
        "id": 296930502,
        "name": null,
        "building": "apartments",
        "start_date": "1980"
      },
      "geometry": {
        "type": "Polygon",
        "coordinates": [
          [
            [
              -76.7078857,
              37.2732015
            ],
            [
              -76.7078852,
              37.273207
            ],
            [
              -76.7078393,
              37.273204
            ],
            [
              -76.7078387,
              37.2732095
            ],
            [
              -76.7078021,
              37.2732071
            ],
            [
              -76.7078037,
              37.2731907
            ],
            [
              -76.7077626,
              37.273188
            ],
            [
              -76.7077715,
              37.2731004
            ],
            [
              -76.7078951,
              37.2731084
            ],
            [
              -76.7078857,
              37.2732015
            ]
          ]
        ]
      }
    },
    {
      "type": "Feature",
      "properties": {
        "id": 296930503,
        "name": null,
        "building": "garage",
        "start_date": "2009"
      },
      "geometry": {
        "type": "Polygon",
        "coordinates": [
          [
            [
              -76.7127845,
              37.2758827
            ],
            [
              -76.7128463,
              37.2758484
            ],
            [
              -76.7128895,
              37.275898
            ],
            [
              -76.7128277,
              37.2759323
            ],
            [
              -76.7127845,
              37.2758827
            ]
          ]
        ]
      }
    },
    {
      "type": "Feature",
      "properties": {
        "id": 296930504,
        "name": null,
        "building": "house",
        "start_date": "2009"
      },
      "geometry": {
        "type": "Polygon",
        "coordinates": [
          [
            [
              -76.7128971,
              37.2759739
            ],
            [
              -76.7129408,
              37.2759496
            ],
            [
              -76.7129412,
              37.27594
            ],
            [
              -76.7129581,
              37.2759306
            ],
            [
              -76.7129697,
              37.2759335
            ],
            [
              -76.712976,
              37.27593
            ],
            [
              -76.713005,
              37.2759632
            ],
            [
              -76.7130064,
              37.2759624
            ],
            [
              -76.7130869,
              37.2760548
            ],
            [
              -76.7130054,
              37.2761002
            ],
            [
              -76.7129243,
              37.2760071
            ],
            [
              -76.7129254,
              37.2760065
            ],
            [
              -76.7128971,
              37.2759739
            ]
          ]
        ]
      }
    },
    {
      "type": "Feature",
      "properties": {
        "id": 296930505,
        "name": null,
        "building": "garage",
        "start_date": "1994"
      },
      "geometry": {
        "type": "Polygon",
        "coordinates": [
          [
            [
              -76.7132807,
              37.2757021
            ],
            [
              -76.7133509,
              37.2756621
            ],
            [
              -76.7133849,
              37.2757022
            ],
            [
              -76.713316,
              37.2757416
            ],
            [
              -76.7132807,
              37.2757021
            ]
          ]
        ]
      }
    },
    {
      "type": "Feature",
      "properties": {
        "id": 296930508,
        "name": "Lawson House",
        "building": "commercial",
        "start_date": "1907"
      },
      "geometry": {
        "type": "Polygon",
        "coordinates": [
          [
            [
              -76.7063833,
              37.2738099
            ],
            [
              -76.7063795,
              37.2737371
            ],
            [
              -76.7063785,
              37.2737209
            ],
            [
              -76.7064532,
              37.2737183
            ],
            [
              -76.7064578,
              37.2737193
            ],
            [
              -76.7064621,
              37.2737209
            ],
            [
              -76.706466,
              37.2737231
            ],
            [
              -76.7064694,
              37.2737258
            ],
            [
              -76.7064721,
              37.2737289
            ],
            [
              -76.7064742,
              37.2737323
            ],
            [
              -76.7064756,
              37.2737359
            ],
            [
              -76.7064762,
              37.2737397
            ],
            [
              -76.7064784,
              37.2737793
            ],
            [
              -76.7064868,
              37.273779
            ],
            [
              -76.7064911,
              37.2738561
            ],
            [
              -76.7063861,
              37.2738598
            ],
            [
              -76.7063667,
              37.2738605
            ],
            [
              -76.7063637,
              37.2738106
            ],
            [
              -76.7063833,
              37.2738099
            ]
          ]
        ]
      }
    },
    {
      "type": "Feature",
      "properties": {
        "id": 296930509,
        "name": "Lee Jackson House",
        "building": "apartments",
        "start_date": "1910"
      },
      "geometry": {
        "type": "Polygon",
        "coordinates": [
          [
            [
              -76.7086526,
              37.2734528
            ],
            [
              -76.7085908,
              37.2734507
            ],
            [
              -76.7085918,
              37.2734315
            ],
            [
              -76.7085968,
              37.2733564
            ],
            [
              -76.7086586,
              37.273359
            ],
            [
              -76.7086593,
              37.2733481
            ],
            [
              -76.7087108,
              37.2733502
            ],
            [
              -76.7087086,
              37.2733832
            ],
            [
              -76.708712,
              37.2733833
            ],
            [
              -76.7087066,
              37.2734654
            ],
            [
              -76.7086521,
              37.2734633
            ],
            [
              -76.7086526,
              37.2734528
            ]
          ]
        ]
      }
    },
    {
      "type": "Feature",
      "properties": {
        "id": 296930510,
        "name": "Lee Washington Houe",
        "building": "house",
        "start_date": "1935"
      },
      "geometry": {
        "type": "Polygon",
        "coordinates": [
          [
            [
              -76.7113601,
              37.2747676
            ],
            [
              -76.7113389,
              37.2747616
            ],
            [
              -76.7113376,
              37.2747644
            ],
            [
              -76.7112447,
              37.274738
            ],
            [
              -76.7112471,
              37.2747326
            ],
            [
              -76.7112094,
              37.2747219
            ],
            [
              -76.7112343,
              37.2746659
            ],
            [
              -76.7112746,
              37.2746774
            ],
            [
              -76.7112765,
              37.2746732
            ],
            [
              -76.7113662,
              37.2746986
            ],
            [
              -76.7113625,
              37.2747036
            ],
            [
              -76.7113859,
              37.2747108
            ],
            [
              -76.7113601,
              37.2747676
            ]
          ]
        ]
      }
    },
    {
      "type": "Feature",
      "properties": {
        "id": 296930513,
        "name": null,
        "building": "yes",
        "start_date": "1923"
      },
      "geometry": {
        "type": "Polygon",
        "coordinates": [
          [
            [
              -76.7070043,
              37.2724147
            ],
            [
              -76.7071153,
              37.2724081
            ],
            [
              -76.7071204,
              37.272459
            ],
            [
              -76.7070095,
              37.2724661
            ],
            [
              -76.7070043,
              37.2724147
            ]
          ]
        ]
      }
    },
    {
      "type": "Feature",
      "properties": {
        "id": 296930514,
        "name": "Massey's, Body Berry/Fife & Drum etc",
        "building": "commercial",
        "start_date": "1933"
      },
      "geometry": {
        "type": "Polygon",
        "coordinates": [
          [
            [
              -76.7071026,
              37.2723647
            ],
            [
              -76.7070954,
              37.2722453
            ],
            [
              -76.7074642,
              37.2722273
            ],
            [
              -76.7074746,
              37.2723794
            ],
            [
              -76.7072587,
              37.2723918
            ],
            [
              -76.7072572,
              37.2723752
            ],
            [
              -76.7071038,
              37.272384
            ],
            [
              -76.7071032,
              37.2723646
            ],
            [
              -76.7071026,
              37.2723647
            ]
          ]
        ]
      }
    },
    {
      "type": "Feature",
      "properties": {
        "id": 296930515,
        "name": "221 North Boundary St",
        "building": "university",
        "start_date": "1920"
      },
      "geometry": {
        "type": "Polygon",
        "coordinates": [
          [
            [
              -76.7073394,
              37.2729856
            ],
            [
              -76.7073378,
              37.2729574
            ],
            [
              -76.7073324,
              37.2729576
            ],
            [
              -76.7073267,
              37.2728481
            ],
            [
              -76.707419,
              37.2728444
            ],
            [
              -76.7074196,
              37.2728484
            ],
            [
              -76.707431,
              37.2728478
            ],
            [
              -76.7074328,
              37.2728811
            ],
            [
              -76.7074571,
              37.2728802
            ],
            [
              -76.7074594,
              37.2729217
            ],
            [
              -76.7074367,
              37.2729225
            ],
            [
              -76.7074392,
              37.2729539
            ],
            [
              -76.7074221,
              37.2729548
            ],
            [
              -76.7074228,
              37.2729826
            ],
            [
              -76.7073394,
              37.2729856
            ]
          ]
        ]
      }
    },
    {
      "type": "Feature",
      "properties": {
        "id": 296930516,
        "name": null,
        "building": "house",
        "start_date": "1975"
      },
      "geometry": {
        "type": "Polygon",
        "coordinates": [
          [
            [
              -76.7103012,
              37.2754522
            ],
            [
              -76.7103447,
              37.2753858
            ],
            [
              -76.710413,
              37.2754146
            ],
            [
              -76.7103857,
              37.2754559
            ],
            [
              -76.7104089,
              37.2754657
            ],
            [
              -76.7103988,
              37.2754809
            ],
            [
              -76.7104558,
              37.275505
            ],
            [
              -76.7104075,
              37.275578
            ],
            [
              -76.7102745,
              37.2755219
            ],
            [
              -76.710315,
              37.2754583
            ],
            [
              -76.7103012,
              37.2754522
            ]
          ]
        ]
      }
    },
    {
      "type": "Feature",
      "properties": {
        "id": 296930517,
        "name": null,
        "building": "school",
        "start_date": "1900"
      },
      "geometry": {
        "type": "Polygon",
        "coordinates": [
          [
            [
              -76.7067634,
              37.2733528
            ],
            [
              -76.7067624,
              37.2733418
            ],
            [
              -76.7066999,
              37.2733455
            ],
            [
              -76.7066972,
              37.2733221
            ],
            [
              -76.7066906,
              37.2733225
            ],
            [
              -76.7066893,
              37.2733064
            ],
            [
              -76.7066927,
              37.2733062
            ],
            [
              -76.7066921,
              37.273299
            ],
            [
              -76.7066848,
              37.2732994
            ],
            [
              -76.7066829,
              37.2732765
            ],
            [
              -76.7066928,
              37.2732759
            ],
            [
              -76.7066921,
              37.2732681
            ],
            [
              -76.7066958,
              37.2732679
            ],
            [
              -76.7066879,
              37.2731684
            ],
            [
              -76.7067233,
              37.2731663
            ],
            [
              -76.7067248,
              37.2731748
            ],
            [
              -76.7067399,
              37.273174
            ],
            [
              -76.7067418,
              37.2731963
            ],
            [
              -76.7068119,
              37.2731925
            ],
            [
              -76.7068138,
              37.2732157
            ],
            [
              -76.7068,
              37.2732165
            ],
            [
              -76.7068035,
              37.2732576
            ],
            [
              -76.7067976,
              37.2732579
            ],
            [
              -76.7067994,
              37.2732903
            ],
            [
              -76.7067856,
              37.273291
            ],
            [
              -76.7067898,
              37.2733402
            ],
            [
              -76.7067908,
              37.2733511
            ],
            [
              -76.7067634,
              37.2733528
            ]
          ]
        ]
      }
    },
    {
      "type": "Feature",
      "properties": {
        "id": 296930518,
        "name": "Morgan House (Moved from 307 S. Boundary Street)",
        "building": "house",
        "start_date": "1998"
      },
      "geometry": {
        "type": "Polygon",
        "coordinates": [
          [
            [
              -76.7107564,
              37.2757066
            ],
            [
              -76.710683,
              37.2756806
            ],
            [
              -76.7107016,
              37.2756466
            ],
            [
              -76.7106911,
              37.2756429
            ],
            [
              -76.710698,
              37.2756303
            ],
            [
              -76.7107086,
              37.275634
            ],
            [
              -76.7107246,
              37.2756048
            ],
            [
              -76.7107893,
              37.2756277
            ],
            [
              -76.7107975,
              37.275613
            ],
            [
              -76.7108217,
              37.2756215
            ],
            [
              -76.7108135,
              37.2756363
            ],
            [
              -76.7108355,
              37.2756441
            ],
            [
              -76.7108099,
              37.2756918
            ],
            [
              -76.7108073,
              37.2756909
            ],
            [
              -76.7107868,
              37.2757282
            ],
            [
              -76.7107514,
              37.2757156
            ],
            [
              -76.7107564,
              37.2757066
            ]
          ]
        ]
      }
    },
    {
      "type": "Feature",
      "properties": {
        "id": 296930519,
        "name": null,
        "building": "house",
        "start_date": "1975"
      },
      "geometry": {
        "type": "Polygon",
        "coordinates": [
          [
            [
              -76.7104693,
              37.2749554
            ],
            [
              -76.7105605,
              37.2749248
            ],
            [
              -76.710646,
              37.2750874
            ],
            [
              -76.7105534,
              37.2751168
            ],
            [
              -76.7104794,
              37.2749748
            ],
            [
              -76.7104693,
              37.2749554
            ]
          ]
        ]
      }
    },
    {
      "type": "Feature",
      "properties": {
        "id": 296930520,
        "name": null,
        "building": "garage",
        "start_date": "1931"
      },
      "geometry": {
        "type": "Polygon",
        "coordinates": [
          [
            [
              -76.7129969,
              37.275864
            ],
            [
              -76.7129656,
              37.2758294
            ],
            [
              -76.7129597,
              37.2758327
            ],
            [
              -76.7129237,
              37.2757922
            ],
            [
              -76.7129778,
              37.2757616
            ],
            [
              -76.7130134,
              37.2758017
            ],
            [
              -76.7130075,
              37.2758051
            ],
            [
              -76.7130389,
              37.2758398
            ],
            [
              -76.7129969,
              37.275864
            ]
          ]
        ]
      }
    },
    {
      "type": "Feature",
      "properties": {
        "id": 296930521,
        "name": null,
        "building": "house",
        "start_date": "1931"
      },
      "geometry": {
        "type": "Polygon",
        "coordinates": [
          [
            [
              -76.7131715,
              37.2759896
            ],
            [
              -76.7131057,
              37.2759158
            ],
            [
              -76.713186,
              37.2758701
            ],
            [
              -76.7131935,
              37.2758785
            ],
            [
              -76.713231,
              37.2758571
            ],
            [
              -76.7132198,
              37.2758445
            ],
            [
              -76.7132589,
              37.2758223
            ],
            [
              -76.7133284,
              37.2759002
            ],
            [
              -76.7132798,
              37.2759279
            ],
            [
              -76.7132994,
              37.2759499
            ],
            [
              -76.7132485,
              37.2759789
            ],
            [
              -76.7132289,
              37.2759569
            ],
            [
              -76.7131715,
              37.2759896
            ]
          ]
        ]
      }
    },
    {
      "type": "Feature",
      "properties": {
        "id": 296930524,
        "name": null,
        "building": "house",
        "start_date": "1933"
      },
      "geometry": {
        "type": "Polygon",
        "coordinates": [
          [
            [
              -76.7117411,
              37.2743202
            ],
            [
              -76.7117645,
              37.2742609
            ],
            [
              -76.7117916,
              37.274269
            ],
            [
              -76.7117932,
              37.2742645
            ],
            [
              -76.7118853,
              37.2742899
            ],
            [
              -76.711856,
              37.2743577
            ],
            [
              -76.7117673,
              37.2743331
            ],
            [
              -76.7117691,
              37.2743283
            ],
            [
              -76.7117411,
              37.2743202
            ]
          ]
        ]
      }
    },
    {
      "type": "Feature",
      "properties": {
        "id": 296930525,
        "name": "Offices",
        "building": "office",
        "start_date": "1918"
      },
      "geometry": {
        "type": "Polygon",
        "coordinates": [
          [
            [
              -76.7072685,
              37.2726508
            ],
            [
              -76.7072679,
              37.2726423
            ],
            [
              -76.707243,
              37.2726433
            ],
            [
              -76.7072386,
              37.2725747
            ],
            [
              -76.7072693,
              37.2725734
            ],
            [
              -76.7072688,
              37.2725648
            ],
            [
              -76.7073841,
              37.2725601
            ],
            [
              -76.7073844,
              37.272566
            ],
            [
              -76.7074021,
              37.2725653
            ],
            [
              -76.7074068,
              37.2726395
            ],
            [
              -76.7073886,
              37.2726403
            ],
            [
              -76.707389,
              37.2726459
            ],
            [
              -76.7072685,
              37.2726508
            ]
          ]
        ]
      }
    },
    {
      "type": "Feature",
      "properties": {
        "id": 296930527,
        "name": null,
        "building": "house",
        "start_date": "1937"
      },
      "geometry": {
        "type": "Polygon",
        "coordinates": [
          [
            [
              -76.7145038,
              37.2760461
            ],
            [
              -76.7144632,
              37.2760012
            ],
            [
              -76.7144432,
              37.2760121
            ],
            [
              -76.7144104,
              37.2759759
            ],
            [
              -76.7144605,
              37.2759486
            ],
            [
              -76.7144354,
              37.2759203
            ],
            [
              -76.7144839,
              37.2758917
            ],
            [
              -76.7145102,
              37.275921
            ],
            [
              -76.7145147,
              37.2759187
            ],
            [
              -76.7145851,
              37.276
            ],
            [
              -76.7145038,
              37.2760461
            ]
          ]
        ]
      }
    },
    {
      "type": "Feature",
      "properties": {
        "id": 296930529,
        "name": null,
        "building": "house",
        "start_date": "1930"
      },
      "geometry": {
        "type": "Polygon",
        "coordinates": [
          [
            [
              -76.7113641,
              37.2743739
            ],
            [
              -76.7113953,
              37.274297
            ],
            [
              -76.7115204,
              37.2743294
            ],
            [
              -76.7115177,
              37.2743361
            ],
            [
              -76.7115336,
              37.2743403
            ],
            [
              -76.7115052,
              37.2744104
            ],
            [
              -76.7113641,
              37.2743739
            ]
          ]
        ]
      }
    },
    {
      "type": "Feature",
      "properties": {
        "id": 296930530,
        "name": null,
        "building": "yes",
        "start_date": "1930"
      },
      "geometry": {
        "type": "Polygon",
        "coordinates": [
          [
            [
              -76.7112426,
              37.2742848
            ],
            [
              -76.7112671,
              37.274232
            ],
            [
              -76.7113329,
              37.2742516
            ],
            [
              -76.7113095,
              37.2743046
            ],
            [
              -76.7112426,
              37.2742848
            ]
          ]
        ]
      }
    },
    {
      "type": "Feature",
      "properties": {
        "id": 296930531,
        "name": "Parking Terrace",
        "building": "yes",
        "start_date": "1999"
      },
      "geometry": {
        "type": "Polygon",
        "coordinates": [
          [
            [
              -76.706906,
              37.2753247
            ],
            [
              -76.7068729,
              37.2749509
            ],
            [
              -76.7068514,
              37.2747075
            ],
            [
              -76.7068645,
              37.2747068
            ],
            [
              -76.7069712,
              37.2747008
            ],
            [
              -76.7069799,
              37.2747003
            ],
            [
              -76.7069815,
              37.2747179
            ],
            [
              -76.7070014,
              37.2749424
            ],
            [
              -76.7070052,
              37.2749855
            ],
            [
              -76.7074209,
              37.274962
            ],
            [
              -76.7073975,
              37.2746986
            ],
            [
              -76.7074207,
              37.2746973
            ],
            [
              -76.707444,
              37.2749607
            ],
            [
              -76.7075139,
              37.2749568
            ],
            [
              -76.7075247,
              37.275079
            ],
            [
              -76.7075432,
              37.2752887
            ],
            [
              -76.7069191,
              37.275324
            ],
            [
              -76.706906,
              37.2753247
            ]
          ]
        ]
      }
    },
    {
      "type": "Feature",
      "properties": {
        "id": 296930533,
        "name": null,
        "building": "house",
        "start_date": "1935"
      },
      "geometry": {
        "type": "Polygon",
        "coordinates": [
          [
            [
              -76.7114962,
              37.2750249
            ],
            [
              -76.7115235,
              37.2749651
            ],
            [
              -76.7115498,
              37.2749729
            ],
            [
              -76.7115694,
              37.2749308
            ],
            [
              -76.7116351,
              37.2749507
            ],
            [
              -76.7116214,
              37.2749809
            ],
            [
              -76.7116428,
              37.2749871
            ],
            [
              -76.7116293,
              37.2750166
            ],
            [
              -76.7116156,
              37.2750126
            ],
            [
              -76.7115967,
              37.2750541
            ],
            [
              -76.7114962,
              37.2750249
            ]
          ]
        ]
      }
    },
    {
      "type": "Feature",
      "properties": {
        "id": 296930534,
        "name": "Pearl Jones House",
        "building": "house",
        "start_date": "1907"
      },
      "geometry": {
        "type": "Polygon",
        "coordinates": [
          [
            [
              -76.7066004,
              37.2738663
            ],
            [
              -76.7065935,
              37.2738038
            ],
            [
              -76.7065648,
              37.2738058
            ],
            [
              -76.7065592,
              37.2737558
            ],
            [
              -76.7065744,
              37.2737546
            ],
            [
              -76.7065695,
              37.2737191
            ],
            [
              -76.70659,
              37.2737177
            ],
            [
              -76.7065888,
              37.2737068
            ],
            [
              -76.7066162,
              37.2737049
            ],
            [
              -76.7066174,
              37.2737158
            ],
            [
              -76.7066619,
              37.2737128
            ],
            [
              -76.7066662,
              37.2737519
            ],
            [
              -76.7066845,
              37.2737506
            ],
            [
              -76.7066898,
              37.2737985
            ],
            [
              -76.7066648,
              37.2738002
            ],
            [
              -76.7066715,
              37.2738613
            ],
            [
              -76.7066745,
              37.2738886
            ],
            [
              -76.7066034,
              37.2738937
            ],
            [
              -76.7066004,
              37.2738663
            ]
          ]
        ]
      }
    },
    {
      "type": "Feature",
      "properties": {
        "id": 296930535,
        "name": null,
        "building": "house",
        "start_date": "1950"
      },
      "geometry": {
        "type": "Polygon",
        "coordinates": [
          [
            [
              -76.7119174,
              37.2760384
            ],
            [
              -76.7118963,
              37.2760135
            ],
            [
              -76.7118826,
              37.2760209
            ],
            [
              -76.7118347,
              37.2759642
            ],
            [
              -76.7119383,
              37.2759083
            ],
            [
              -76.7119885,
              37.2759675
            ],
            [
              -76.7119727,
              37.275976
            ],
            [
              -76.7119855,
              37.2759911
            ],
            [
              -76.7119806,
              37.2759938
            ],
            [
              -76.7119866,
              37.276001
            ],
            [
              -76.7119174,
              37.2760384
            ]
          ]
        ]
      }
    },
    {
      "type": "Feature",
      "properties": {
        "id": 296930536,
        "name": null,
        "building": "house",
        "start_date": "1950"
      },
      "geometry": {
        "type": "Polygon",
        "coordinates": [
          [
            [
              -76.71174,
              37.276111
            ],
            [
              -76.7116885,
              37.2760521
            ],
            [
              -76.7116943,
              37.2760486
            ],
            [
              -76.7117997,
              37.2759897
            ],
            [
              -76.7118514,
              37.2760487
            ],
            [
              -76.7118292,
              37.2760611
            ],
            [
              -76.7118403,
              37.2760739
            ],
            [
              -76.7118092,
              37.2760912
            ],
            [
              -76.7117981,
              37.2760785
            ],
            [
              -76.7117758,
              37.276091
            ],
            [
              -76.711746,
              37.2761076
            ],
            [
              -76.71174,
              37.276111
            ]
          ]
        ]
      }
    },
    {
      "type": "Feature",
      "properties": {
        "id": 296930540,
        "name": "Pump Station #1",
        "building": "yes",
        "start_date": "1934"
      },
      "geometry": {
        "type": "Polygon",
        "coordinates": [
          [
            [
              -76.7110605,
              37.2757767
            ],
            [
              -76.711085,
              37.2757502
            ],
            [
              -76.7111182,
              37.2757698
            ],
            [
              -76.7110937,
              37.2757963
            ],
            [
              -76.7110605,
              37.2757767
            ]
          ]
        ]
      }
    },
    {
      "type": "Feature",
      "properties": {
        "id": 296930541,
        "name": "RJS Building",
        "building": "yes",
        "start_date": "2002"
      },
      "geometry": {
        "type": "Polygon",
        "coordinates": [
          [
            [
              -76.7075557,
              37.2751346
            ],
            [
              -76.7076753,
              37.2751291
            ],
            [
              -76.7076875,
              37.2752976
            ],
            [
              -76.7075679,
              37.2753031
            ],
            [
              -76.7075557,
              37.2751346
            ]
          ]
        ]
      }
    },
    {
      "type": "Feature",
      "properties": {
        "id": 296930550,
        "name": null,
        "building": "house",
        "start_date": "1930"
      },
      "geometry": {
        "type": "Polygon",
        "coordinates": [
          [
            [
              -76.7114221,
              37.2742467
            ],
            [
              -76.7114494,
              37.2741868
            ],
            [
              -76.7114764,
              37.2741957
            ],
            [
              -76.7114785,
              37.2741912
            ],
            [
              -76.7116095,
              37.2742294
            ],
            [
              -76.7115757,
              37.2743032
            ],
            [
              -76.71144,
              37.2742635
            ],
            [
              -76.7114447,
              37.2742533
            ],
            [
              -76.7114221,
              37.2742467
            ]
          ]
        ]
      }
    },
    {
      "type": "Feature",
      "properties": {
        "id": 296930551,
        "name": null,
        "building": "house",
        "start_date": "1928"
      },
      "geometry": {
        "type": "Polygon",
        "coordinates": [
          [
            [
              -76.7111823,
              37.2751336
            ],
            [
              -76.7111732,
              37.2751188
            ],
            [
              -76.7111796,
              37.2751039
            ],
            [
              -76.7111342,
              37.2750915
            ],
            [
              -76.7111208,
              37.2750714
            ],
            [
              -76.7111177,
              37.2750727
            ],
            [
              -76.711066,
              37.2749953
            ],
            [
              -76.7111266,
              37.2749693
            ],
            [
              -76.7111428,
              37.2749937
            ],
            [
              -76.7111489,
              37.2749911
            ],
            [
              -76.7111844,
              37.2750443
            ],
            [
              -76.7112023,
              37.2750491
            ],
            [
              -76.7112352,
              37.275058
            ],
            [
              -76.7112396,
              37.2750476
            ],
            [
              -76.7112795,
              37.2750585
            ],
            [
              -76.7112856,
              37.2750442
            ],
            [
              -76.7113132,
              37.2750517
            ],
            [
              -76.7113071,
              37.275066
            ],
            [
              -76.711347,
              37.2750768
            ],
            [
              -76.7113442,
              37.2750833
            ],
            [
              -76.7113735,
              37.2750913
            ],
            [
              -76.7113507,
              37.275145
            ],
            [
              -76.7113232,
              37.2751375
            ],
            [
              -76.7113215,
              37.2751414
            ],
            [
              -76.7112849,
              37.2751314
            ],
            [
              -76.7112606,
              37.2751887
            ],
            [
              -76.7112534,
              37.2752056
            ],
            [
              -76.7111818,
              37.2751861
            ],
            [
              -76.711189,
              37.2751692
            ],
            [
              -76.7112019,
              37.2751389
            ],
            [
              -76.7111823,
              37.2751336
            ]
          ]
        ]
      }
    },
    {
      "type": "Feature",
      "properties": {
        "id": 296930552,
        "name": null,
        "building": "house",
        "start_date": "1950"
      },
      "geometry": {
        "type": "Polygon",
        "coordinates": [
          [
            [
              -76.7112113,
              37.2758025
            ],
            [
              -76.7112013,
              37.2757913
            ],
            [
              -76.7112154,
              37.2757832
            ],
            [
              -76.7112255,
              37.2757944
            ],
            [
              -76.7112698,
              37.275769
            ],
            [
              -76.7112771,
              37.2757771
            ],
            [
              -76.7112894,
              37.2757701
            ],
            [
              -76.7113345,
              37.2757441
            ],
            [
              -76.7113536,
              37.2757655
            ],
            [
              -76.7113644,
              37.2757593
            ],
            [
              -76.7114198,
              37.2758212
            ],
            [
              -76.7112848,
              37.275898
            ],
            [
              -76.7112297,
              37.2758365
            ],
            [
              -76.7112033,
              37.2758071
            ],
            [
              -76.7112113,
              37.2758025
            ]
          ]
        ]
      }
    },
    {
      "type": "Feature",
      "properties": {
        "id": 296930553,
        "name": null,
        "building": "house",
        "start_date": "1975"
      },
      "geometry": {
        "type": "Polygon",
        "coordinates": [
          [
            [
              -76.7106703,
              37.2752875
            ],
            [
              -76.7107635,
              37.2752538
            ],
            [
              -76.710834,
              37.2753786
            ],
            [
              -76.7107409,
              37.2754122
            ],
            [
              -76.7106703,
              37.2752875
            ]
          ]
        ]
      }
    },
    {
      "type": "Feature",
      "properties": {
        "id": 296930554,
        "name": null,
        "building": "house",
        "start_date": "1975"
      },
      "geometry": {
        "type": "Polygon",
        "coordinates": [
          [
            [
              -76.7101566,
              37.2748498
            ],
            [
              -76.7101546,
              37.2748402
            ],
            [
              -76.7101054,
              37.2748465
            ],
            [
              -76.7100879,
              37.274765
            ],
            [
              -76.7100978,
              37.2747637
            ],
            [
              -76.710091,
              37.2747333
            ],
            [
              -76.7101507,
              37.2747269
            ],
            [
              -76.7101644,
              37.2747325
            ],
            [
              -76.7101781,
              37.2747432
            ],
            [
              -76.7101859,
              37.2747526
            ],
            [
              -76.7102317,
              37.2747469
            ],
            [
              -76.7102411,
              37.2747985
            ],
            [
              -76.7102464,
              37.2747979
            ],
            [
              -76.7102543,
              37.2748372
            ],
            [
              -76.7101566,
              37.2748498
            ]
          ]
        ]
      }
    },
    {
      "type": "Feature",
      "properties": {
        "id": 296930558,
        "name": "Scotland Street Townhouses",
        "building": "apartments",
        "start_date": "1971"
      },
      "geometry": {
        "type": "Polygon",
        "coordinates": [
          [
            [
              -76.7068245,
              37.2740976
            ],
            [
              -76.7068869,
              37.2740939
            ],
            [
              -76.7068951,
              37.2741833
            ],
            [
              -76.7068327,
              37.2741869
            ],
            [
              -76.7068245,
              37.2740976
            ]
          ]
        ]
      }
    },
    {
      "type": "Feature",
      "properties": {
        "id": 296930559,
        "name": "Scotland Street Townhouses",
        "building": "apartments",
        "start_date": "1971"
      },
      "geometry": {
        "type": "Polygon",
        "coordinates": [
          [
            [
              -76.7068245,
              37.2740976
            ],
            [
              -76.7068327,
              37.2741869
            ],
            [
              -76.7067701,
              37.2741909
            ],
            [
              -76.7067618,
              37.274101
            ],
            [
              -76.7068245,
              37.2740976
            ]
          ]
        ]
      }
    },
    {
      "type": "Feature",
      "properties": {
        "id": 296930560,
        "name": "Scotland Street Townhouses",
        "building": "apartments",
        "start_date": "1971"
      },
      "geometry": {
        "type": "Polygon",
        "coordinates": [
          [
            [
              -76.7068869,
              37.2740939
            ],
            [
              -76.7069496,
              37.2740899
            ],
            [
              -76.7069575,
              37.2741796
            ],
            [
              -76.7068951,
              37.2741833
            ],
            [
              -76.7068869,
              37.2740939
            ]
          ]
        ]
      }
    },
    {
      "type": "Feature",
      "properties": {
        "id": 296930561,
        "name": "Scotland Street Townhouses",
        "building": "apartments",
        "start_date": "1971"
      },
      "geometry": {
        "type": "Polygon",
        "coordinates": [
          [
            [
              -76.7068847,
              37.2737397
            ],
            [
              -76.706806,
              37.273743
            ],
            [
              -76.7068024,
              37.2736853
            ],
            [
              -76.7068942,
              37.2736816
            ],
            [
              -76.7068979,
              37.2737392
            ],
            [
              -76.7068847,
              37.2737397
            ]
          ]
        ]
      }
    },
    {
      "type": "Feature",
      "properties": {
        "id": 296930562,
        "name": "Scotland Street Townhouses",
        "building": "apartments",
        "start_date": "1971"
      },
      "geometry": {
        "type": "Polygon",
        "coordinates": [
          [
            [
              -76.7068148,
              37.2738465
            ],
            [
              -76.706895,
              37.2738433
            ],
            [
              -76.7068988,
              37.2738965
            ],
            [
              -76.7068047,
              37.2739003
            ],
            [
              -76.7068011,
              37.2738471
            ],
            [
              -76.7068148,
              37.2738465
            ]
          ]
        ]
      }
    },
    {
      "type": "Feature",
      "properties": {
        "id": 296930563,
        "name": "Scotland Street Townhouses",
        "building": "apartments",
        "start_date": "1971"
      },
      "geometry": {
        "type": "Polygon",
        "coordinates": [
          [
            [
              -76.7068116,
              37.2737962
            ],
            [
              -76.7068881,
              37.2737931
            ],
            [
              -76.7069057,
              37.2737924
            ],
            [
              -76.7069082,
              37.2738427
            ],
            [
              -76.706895,
              37.2738433
            ],
            [
              -76.7068148,
              37.2738465
            ],
            [
              -76.7068116,
              37.2737962
            ]
          ]
        ]
      }
    },
    {
      "type": "Feature",
      "properties": {
        "id": 296930564,
        "name": "Scotland Street Townhouses",
        "building": "apartments",
        "start_date": "1971"
      },
      "geometry": {
        "type": "Polygon",
        "coordinates": [
          [
            [
              -76.706806,
              37.273743
            ],
            [
              -76.7068847,
              37.2737397
            ],
            [
              -76.7068881,
              37.2737931
            ],
            [
              -76.7068116,
              37.2737962
            ],
            [
              -76.7067972,
              37.2737967
            ],
            [
              -76.7067932,
              37.2737435
            ],
            [
              -76.706806,
              37.273743
            ]
          ]
        ]
      }
    },
    {
      "type": "Feature",
      "properties": {
        "id": 296930565,
        "name": "Shipman/Brooks House",
        "building": "house",
        "start_date": "1900"
      },
      "geometry": {
        "type": "Polygon",
        "coordinates": [
          [
            [
              -76.7062476,
              37.2728682
            ],
            [
              -76.7062461,
              37.2728526
            ],
            [
              -76.7061529,
              37.2728584
            ],
            [
              -76.7061261,
              37.27286
            ],
            [
              -76.706126,
              37.2728586
            ],
            [
              -76.706117,
              37.2727656
            ],
            [
              -76.7061952,
              37.2727607
            ],
            [
              -76.7061971,
              37.2727606
            ],
            [
              -76.7061998,
              37.2727883
            ],
            [
              -76.7062074,
              37.2727878
            ],
            [
              -76.7062071,
              37.272785
            ],
            [
              -76.706215,
              37.2727781
            ],
            [
              -76.706238,
              37.2727767
            ],
            [
              -76.7062472,
              37.2727826
            ],
            [
              -76.7062474,
              37.2727853
            ],
            [
              -76.7062793,
              37.2727833
            ],
            [
              -76.7062779,
              37.2727685
            ],
            [
              -76.7063039,
              37.2727669
            ],
            [
              -76.7063054,
              37.2727817
            ],
            [
              -76.7063444,
              37.2727793
            ],
            [
              -76.7063508,
              37.2728445
            ],
            [
              -76.7063525,
              37.2728443
            ],
            [
              -76.7063545,
              37.2728649
            ],
            [
              -76.7063456,
              37.2728654
            ],
            [
              -76.7063496,
              37.2729073
            ],
            [
              -76.7062468,
              37.2729137
            ],
            [
              -76.7062424,
              37.2728685
            ],
            [
              -76.7062476,
              37.2728682
            ]
          ]
        ]
      }
    },
    {
      "type": "Feature",
      "properties": {
        "id": 296930566,
        "name": null,
        "building": "house",
        "start_date": "1920"
      },
      "geometry": {
        "type": "Polygon",
        "coordinates": [
          [
            [
              -76.7119355,
              37.2740251
            ],
            [
              -76.7119404,
              37.2739547
            ],
            [
              -76.711946,
              37.273955
            ],
            [
              -76.7119476,
              37.2739384
            ],
            [
              -76.7120136,
              37.2739426
            ],
            [
              -76.712012,
              37.2739593
            ],
            [
              -76.7120168,
              37.2739596
            ],
            [
              -76.7120133,
              37.2739932
            ],
            [
              -76.71206,
              37.2739963
            ],
            [
              -76.7120562,
              37.2740329
            ],
            [
              -76.7119355,
              37.2740251
            ]
          ]
        ]
      }
    },
    {
      "type": "Feature",
      "properties": {
        "id": 296930567,
        "name": null,
        "building": "house",
        "start_date": "1937"
      },
      "geometry": {
        "type": "Polygon",
        "coordinates": [
          [
            [
              -76.7114867,
              37.2748579
            ],
            [
              -76.7115196,
              37.2747873
            ],
            [
              -76.7116295,
              37.27482
            ],
            [
              -76.7116207,
              37.2748389
            ],
            [
              -76.7116419,
              37.2748452
            ],
            [
              -76.7116179,
              37.2748969
            ],
            [
              -76.7114867,
              37.2748579
            ]
          ]
        ]
      }
    },
    {
      "type": "Feature",
      "properties": {
        "id": 296930568,
        "name": null,
        "building": "yes",
        "start_date": "2002"
      },
      "geometry": {
        "type": "Polygon",
        "coordinates": [
          [
            [
              -76.7125449,
              37.275553
            ],
            [
              -76.7126183,
              37.2754717
            ],
            [
              -76.7126638,
              37.2754979
            ],
            [
              -76.7125904,
              37.2755793
            ],
            [
              -76.7125449,
              37.275553
            ]
          ]
        ]
      }
    },
    {
      "type": "Feature",
      "properties": {
        "id": 296930572,
        "name": "Stemann Architect & NBT Solutions",
        "building": "office",
        "start_date": "1923"
      },
      "geometry": {
        "type": "Polygon",
        "coordinates": [
          [
            [
              -76.707265,
              37.2725116
            ],
            [
              -76.7072646,
              37.2725075
            ],
            [
              -76.7072228,
              37.27251
            ],
            [
              -76.7072167,
              37.2724451
            ],
            [
              -76.7072587,
              37.2724426
            ],
            [
              -76.7072579,
              37.2724348
            ],
            [
              -76.7073702,
              37.2724281
            ],
            [
              -76.7073707,
              37.2724338
            ],
            [
              -76.7073941,
              37.2724323
            ],
            [
              -76.7074001,
              37.2724954
            ],
            [
              -76.7073743,
              37.2724969
            ],
            [
              -76.707375,
              37.272505
            ],
            [
              -76.707265,
              37.2725116
            ]
          ]
        ]
      }
    },
    {
      "type": "Feature",
      "properties": {
        "id": 296930574,
        "name": "Chase",
        "building": "commercial",
        "start_date": "2008"
      },
      "geometry": {
        "type": "Polygon",
        "coordinates": [
          [
            [
              -76.7061871,
              37.272415
            ],
            [
              -76.7061867,
              37.2724095
            ],
            [
              -76.7061728,
              37.2724102
            ],
            [
              -76.7061716,
              37.2723952
            ],
            [
              -76.706127,
              37.2723974
            ],
            [
              -76.7061203,
              37.272311
            ],
            [
              -76.7061649,
              37.2723088
            ],
            [
              -76.7061728,
              37.2723084
            ],
            [
              -76.7061724,
              37.2723045
            ],
            [
              -76.7063097,
              37.2722976
            ],
            [
              -76.70631,
              37.2723016
            ],
            [
              -76.7063178,
              37.2723012
            ],
            [
              -76.7063624,
              37.272299
            ],
            [
              -76.7063691,
              37.2723853
            ],
            [
              -76.7063245,
              37.2723876
            ],
            [
              -76.7063257,
              37.2724026
            ],
            [
              -76.7063119,
              37.2724033
            ],
            [
              -76.7063123,
              37.2724088
            ],
            [
              -76.7061871,
              37.272415
            ]
          ]
        ]
      }
    },
    {
      "type": "Feature",
      "properties": {
        "id": 296930575,
        "name": null,
        "building": "garage",
        "start_date": "1926"
      },
      "geometry": {
        "type": "Polygon",
        "coordinates": [
          [
            [
              -76.713626,
              37.2753585
            ],
            [
              -76.713686,
              37.275325
            ],
            [
              -76.7137301,
              37.2753754
            ],
            [
              -76.7136759,
              37.2754057
            ],
            [
              -76.7136701,
              37.2754089
            ],
            [
              -76.713626,
              37.2753585
            ]
          ]
        ]
      }
    },
    {
      "type": "Feature",
      "properties": {
        "id": 296930576,
        "name": null,
        "building": "yes",
        "start_date": "1926"
      },
      "geometry": {
        "type": "Polygon",
        "coordinates": [
          [
            [
              -76.7139634,
              37.275423
            ],
            [
              -76.7139461,
              37.2754028
            ],
            [
              -76.7139285,
              37.2754124
            ],
            [
              -76.7138755,
              37.2753503
            ],
            [
              -76.7138763,
              37.2753498
            ],
            [
              -76.7138424,
              37.2753101
            ],
            [
              -76.7138758,
              37.2752917
            ],
            [
              -76.7139328,
              37.2752605
            ],
            [
              -76.7139504,
              37.2752812
            ],
            [
              -76.7139536,
              37.2752794
            ],
            [
              -76.7139785,
              37.2753087
            ],
            [
              -76.7139856,
              37.2753049
            ],
            [
              -76.714005,
              37.2753275
            ],
            [
              -76.7139979,
              37.2753314
            ],
            [
              -76.7140229,
              37.2753607
            ],
            [
              -76.7140198,
              37.2753624
            ],
            [
              -76.7140374,
              37.275383
            ],
            [
              -76.7139634,
              37.275423
            ]
          ]
        ]
      }
    },
    {
      "type": "Feature",
      "properties": {
        "id": 296930577,
        "name": "This Century Art Gallery",
        "building": "commercial",
        "start_date": "1905"
      },
      "geometry": {
        "type": "Polygon",
        "coordinates": [
          [
            [
              -76.7072991,
              37.2727037
            ],
            [
              -76.7072984,
              37.2726953
            ],
            [
              -76.7073638,
              37.2726922
            ],
            [
              -76.7073644,
              37.2726999
            ],
            [
              -76.7074138,
              37.2726974
            ],
            [
              -76.7074191,
              37.2727671
            ],
            [
              -76.7072655,
              37.2727746
            ],
            [
              -76.7072603,
              37.2727056
            ],
            [
              -76.7072991,
              37.2727037
            ]
          ]
        ]
      }
    },
    {
      "type": "Feature",
      "properties": {
        "id": 296930579,
        "name": null,
        "building": "house",
        "start_date": "1950"
      },
      "geometry": {
        "type": "Polygon",
        "coordinates": [
          [
            [
              -76.7136759,
              37.2756163
            ],
            [
              -76.7137455,
              37.2755762
            ],
            [
              -76.7137765,
              37.2756106
            ],
            [
              -76.7137899,
              37.275603
            ],
            [
              -76.7138573,
              37.2756792
            ],
            [
              -76.7137587,
              37.2757348
            ],
            [
              -76.7136884,
              37.2756549
            ],
            [
              -76.7137019,
              37.275646
            ],
            [
              -76.7136759,
              37.2756163
            ]
          ]
        ]
      }
    },
    {
      "type": "Feature",
      "properties": {
        "id": 296930580,
        "name": "Triangle Building",
        "building": "commercial",
        "start_date": "1984"
      },
      "geometry": {
        "type": "Polygon",
        "coordinates": [
          [
            [
              -76.7090732,
              37.2734753
            ],
            [
              -76.7089787,
              37.2733897
            ],
            [
              -76.7089759,
              37.2733564
            ],
            [
              -76.7089896,
              37.2733557
            ],
            [
              -76.7089872,
              37.2733283
            ],
            [
              -76.7089735,
              37.273329
            ],
            [
              -76.7089698,
              37.2732852
            ],
            [
              -76.7089825,
              37.2732728
            ],
            [
              -76.7089801,
              37.2732454
            ],
            [
              -76.7089664,
              37.2732461
            ],
            [
              -76.7089626,
              37.2732023
            ],
            [
              -76.7089762,
              37.2731914
            ],
            [
              -76.708974,
              37.273164
            ],
            [
              -76.7089603,
              37.2731647
            ],
            [
              -76.7089567,
              37.2731209
            ],
            [
              -76.7090272,
              37.2730564
            ],
            [
              -76.709041,
              37.2730561
            ],
            [
              -76.709199,
              37.2731391
            ],
            [
              -76.709202,
              37.2731829
            ],
            [
              -76.7091883,
              37.2731835
            ],
            [
              -76.7091902,
              37.273211
            ],
            [
              -76.7092048,
              37.2732214
            ],
            [
              -76.7092112,
              37.2733133
            ],
            [
              -76.7091981,
              37.2733249
            ],
            [
              -76.7092,
              37.2733524
            ],
            [
              -76.7092138,
              37.2733517
            ],
            [
              -76.7092168,
              37.2733956
            ],
            [
              -76.7091718,
              37.2734892
            ],
            [
              -76.7091581,
              37.2734896
            ],
            [
              -76.7091218,
              37.2734639
            ],
            [
              -76.7090877,
              37.2734914
            ],
            [
              -76.7090739,
              37.2734917
            ],
            [
              -76.7090732,
              37.2734753
            ]
          ]
        ]
      }
    },
    {
      "type": "Feature",
      "properties": {
        "id": 296930581,
        "name": "Williamsburg Post Office",
        "building": "yes",
        "start_date": "1990"
      },
      "geometry": {
        "type": "Polygon",
        "coordinates": [
          [
            [
              -76.7068336,
              37.2759362
            ],
            [
              -76.7068157,
              37.2757373
            ],
            [
              -76.7068021,
              37.2757381
            ],
            [
              -76.7067978,
              37.2756903
            ],
            [
              -76.7066297,
              37.2756999
            ],
            [
              -76.7066214,
              37.2756076
            ],
            [
              -76.70745,
              37.27556
            ],
            [
              -76.7074864,
              37.2760071
            ],
            [
              -76.7074018,
              37.2760138
            ],
            [
              -76.7073758,
              37.2760827
            ],
            [
              -76.7068939,
              37.2759666
            ],
            [
              -76.7068994,
              37.275951
            ],
            [
              -76.7068336,
              37.2759362
            ]
          ]
        ]
      }
    },
    {
      "type": "Feature",
      "properties": {
        "id": 296930583,
        "name": null,
        "building": "house",
        "start_date": "1975"
      },
      "geometry": {
        "type": "Polygon",
        "coordinates": [
          [
            [
              -76.7093121,
              37.2750465
            ],
            [
              -76.7093188,
              37.2749635
            ],
            [
              -76.709398,
              37.2749676
            ],
            [
              -76.7094005,
              37.2749338
            ],
            [
              -76.7094391,
              37.2749357
            ],
            [
              -76.7094364,
              37.2749696
            ],
            [
              -76.7095091,
              37.2749733
            ],
            [
              -76.7095022,
              37.27506
            ],
            [
              -76.7094262,
              37.2750561
            ],
            [
              -76.7094265,
              37.2750524
            ],
            [
              -76.7093484,
              37.2750484
            ],
            [
              -76.7093121,
              37.2750465
            ]
          ]
        ]
      }
    },
    {
      "type": "Feature",
      "properties": {
        "id": 296930584,
        "name": null,
        "building": "garage",
        "start_date": "1924"
      },
      "geometry": {
        "type": "Polygon",
        "coordinates": [
          [
            [
              -76.7073045,
              37.2738535
            ],
            [
              -76.707375,
              37.2738484
            ],
            [
              -76.7073828,
              37.2739173
            ],
            [
              -76.7073566,
              37.2739192
            ],
            [
              -76.7073605,
              37.2739535
            ],
            [
              -76.7073162,
              37.2739567
            ],
            [
              -76.7073045,
              37.2738535
            ]
          ]
        ]
      }
    },
    {
      "type": "Feature",
      "properties": {
        "id": 296930585,
        "name": "Vernon Geddy House",
        "building": "apartments",
        "start_date": "1924"
      },
      "geometry": {
        "type": "Polygon",
        "coordinates": [
          [
            [
              -76.7072748,
              37.2736759
            ],
            [
              -76.7072954,
              37.273675
            ],
            [
              -76.707346,
              37.2736728
            ],
            [
              -76.7073518,
              37.2737578
            ],
            [
              -76.7073587,
              37.2737575
            ],
            [
              -76.7073603,
              37.2737816
            ],
            [
              -76.7073618,
              37.2738035
            ],
            [
              -76.7073069,
              37.2738059
            ],
            [
              -76.7073054,
              37.273784
            ],
            [
              -76.7073019,
              37.2737325
            ],
            [
              -76.7072281,
              37.2737357
            ],
            [
              -76.7072278,
              37.2737316
            ],
            [
              -76.7071918,
              37.2737331
            ],
            [
              -76.7071884,
              37.2736838
            ],
            [
              -76.7072245,
              37.2736822
            ],
            [
              -76.7072242,
              37.2736781
            ],
            [
              -76.7072748,
              37.2736759
            ]
          ]
        ]
      }
    },
    {
      "type": "Feature",
      "properties": {
        "id": 296930586,
        "name": "Vernon M. Geddy Front Stoop",
        "building": "detached",
        "start_date": "1924"
      },
      "geometry": {
        "type": "Polygon",
        "coordinates": [
          [
            [
              -76.7072954,
              37.273675
            ],
            [
              -76.7072748,
              37.2736759
            ],
            [
              -76.7072742,
              37.2736677
            ],
            [
              -76.7072948,
              37.2736668
            ],
            [
              -76.7072954,
              37.273675
            ]
          ]
        ]
      }
    },
    {
      "type": "Feature",
      "properties": {
        "id": 296930587,
        "name": "W J Holland Tourist Home",
        "building": "yes",
        "start_date": "1929"
      },
      "geometry": {
        "type": "Polygon",
        "coordinates": [
          [
            [
              -76.7142351,
              37.2758341
            ],
            [
              -76.714203,
              37.2757962
            ],
            [
              -76.7141973,
              37.2757993
            ],
            [
              -76.7141658,
              37.2757622
            ],
            [
              -76.7142044,
              37.2757412
            ],
            [
              -76.7142177,
              37.275734
            ],
            [
              -76.7142101,
              37.275725
            ],
            [
              -76.7142284,
              37.2757151
            ],
            [
              -76.7142143,
              37.2756985
            ],
            [
              -76.7142677,
              37.2756695
            ],
            [
              -76.7142818,
              37.2756861
            ],
            [
              -76.7142969,
              37.2756779
            ],
            [
              -76.7143679,
              37.2757613
            ],
            [
              -76.7143682,
              37.2757619
            ],
            [
              -76.7142351,
              37.2758341
            ]
          ]
        ]
      }
    },
    {
      "type": "Feature",
      "properties": {
        "id": 296930588,
        "name": "W J. Holland Garage/Apartment",
        "building": "yes",
        "start_date": "1929"
      },
      "geometry": {
        "type": "Polygon",
        "coordinates": [
          [
            [
              -76.7140162,
              37.2758341
            ],
            [
              -76.7141047,
              37.2757851
            ],
            [
              -76.7141481,
              37.2758351
            ],
            [
              -76.7140597,
              37.2758843
            ],
            [
              -76.7140162,
              37.2758341
            ]
          ]
        ]
      }
    },
    {
      "type": "Feature",
      "properties": {
        "id": 296930592,
        "name": null,
        "building": "house",
        "start_date": "1975"
      },
      "geometry": {
        "type": "Polygon",
        "coordinates": [
          [
            [
              -76.7095549,
              37.2754593
            ],
            [
              -76.7095643,
              37.2753126
            ],
            [
              -76.7096582,
              37.2753163
            ],
            [
              -76.7096543,
              37.2753795
            ],
            [
              -76.7096966,
              37.2753812
            ],
            [
              -76.7096915,
              37.2754647
            ],
            [
              -76.7095549,
              37.2754593
            ]
          ]
        ]
      }
    },
    {
      "type": "Feature",
      "properties": {
        "id": 296930595,
        "name": null,
        "building": "house",
        "start_date": "1950"
      },
      "geometry": {
        "type": "Polygon",
        "coordinates": [
          [
            [
              -76.7120241,
              37.2759438
            ],
            [
              -76.7119771,
              37.2758892
            ],
            [
              -76.7120393,
              37.275855
            ],
            [
              -76.7120343,
              37.2758492
            ],
            [
              -76.7120763,
              37.2758261
            ],
            [
              -76.7121291,
              37.2758874
            ],
            [
              -76.712112,
              37.2758969
            ],
            [
              -76.7121283,
              37.2759158
            ],
            [
              -76.7120938,
              37.2759348
            ],
            [
              -76.7120767,
              37.2759149
            ],
            [
              -76.7120241,
              37.2759438
            ]
          ]
        ]
      }
    },
    {
      "type": "Feature",
      "properties": {
        "id": 296930597,
        "name": "Warburton House",
        "building": "house",
        "start_date": "1900"
      },
      "geometry": {
        "type": "Polygon",
        "coordinates": [
          [
            [
              -76.706321,
              37.2733694
            ],
            [
              -76.7063204,
              37.2733636
            ],
            [
              -76.7062747,
              37.2733665
            ],
            [
              -76.7062695,
              37.2733149
            ],
            [
              -76.7062555,
              37.2733158
            ],
            [
              -76.706244,
              37.2732017
            ],
            [
              -76.7063493,
              37.2731949
            ],
            [
              -76.7063567,
              37.2732682
            ],
            [
              -76.7063884,
              37.2732661
            ],
            [
              -76.7063983,
              37.2733644
            ],
            [
              -76.706321,
              37.2733694
            ]
          ]
        ]
      }
    },
    {
      "type": "Feature",
      "properties": {
        "id": 296930601,
        "name": null,
        "building": "yes",
        "start_date": "1950"
      },
      "geometry": {
        "type": "Polygon",
        "coordinates": [
          [
            [
              -76.7121293,
              37.2759236
            ],
            [
              -76.7121652,
              37.2759034
            ],
            [
              -76.7121895,
              37.275931
            ],
            [
              -76.7121536,
              37.2759512
            ],
            [
              -76.7121293,
              37.2759236
            ]
          ]
        ]
      }
    },
    {
      "type": "Feature",
      "properties": {
        "id": 296930607,
        "name": null,
        "building": "house",
        "start_date": "2004"
      },
      "geometry": {
        "type": "Polygon",
        "coordinates": [
          [
            [
              -76.7104501,
              37.2749113
            ],
            [
              -76.7104159,
              37.2748883
            ],
            [
              -76.7104049,
              37.2748988
            ],
            [
              -76.7103838,
              37.2748847
            ],
            [
              -76.7103949,
              37.2748742
            ],
            [
              -76.7103607,
              37.2748512
            ],
            [
              -76.7104316,
              37.2747839
            ],
            [
              -76.7104493,
              37.2747671
            ],
            [
              -76.7105387,
              37.2748273
            ],
            [
              -76.710521,
              37.2748441
            ],
            [
              -76.7104501,
              37.2749113
            ]
          ]
        ]
      }
    },
    {
      "type": "Feature",
      "properties": {
        "id": 296930609,
        "name": null,
        "building": "house",
        "start_date": "1986"
      },
      "geometry": {
        "type": "Polygon",
        "coordinates": [
          [
            [
              -76.7107548,
              37.2755153
            ],
            [
              -76.7107621,
              37.2754499
            ],
            [
              -76.7107785,
              37.2754516
            ],
            [
              -76.7107818,
              37.2754219
            ],
            [
              -76.7108968,
              37.2754313
            ],
            [
              -76.7108918,
              37.2754751
            ],
            [
              -76.7109223,
              37.2754774
            ],
            [
              -76.7109184,
              37.2755116
            ],
            [
              -76.7108878,
              37.2755092
            ],
            [
              -76.7108826,
              37.2755535
            ],
            [
              -76.7107673,
              37.2755453
            ],
            [
              -76.7107683,
              37.2755363
            ],
            [
              -76.7107706,
              37.2755164
            ],
            [
              -76.7107548,
              37.2755153
            ]
          ]
        ]
      }
    },
    {
      "type": "Feature",
      "properties": {
        "id": 296930613,
        "name": null,
        "building": "house",
        "start_date": "1978"
      },
      "geometry": {
        "type": "Polygon",
        "coordinates": [
          [
            [
              -76.7095557,
              37.2750228
            ],
            [
              -76.7095562,
              37.2750127
            ],
            [
              -76.709536,
              37.275012
            ],
            [
              -76.7095399,
              37.2749204
            ],
            [
              -76.7095876,
              37.274922
            ],
            [
              -76.7095864,
              37.2749455
            ],
            [
              -76.7096796,
              37.2749487
            ],
            [
              -76.7096779,
              37.2749817
            ],
            [
              -76.7096828,
              37.2749819
            ],
            [
              -76.709681,
              37.2750166
            ],
            [
              -76.7096755,
              37.2750164
            ],
            [
              -76.7096725,
              37.2750802
            ],
            [
              -76.7095655,
              37.2750774
            ],
            [
              -76.7095684,
              37.2750232
            ],
            [
              -76.7095557,
              37.2750228
            ]
          ]
        ]
      }
    },
    {
      "type": "Feature",
      "properties": {
        "id": 296930621,
        "name": "Williamsburg Baptist Church",
        "building": "church",
        "start_date": "1933"
      },
      "geometry": {
        "type": "Polygon",
        "coordinates": [
          [
            [
              -76.7105456,
              37.2731034
            ],
            [
              -76.7103637,
              37.2730156
            ],
            [
              -76.7103471,
              37.2730383
            ],
            [
              -76.7101567,
              37.2729491
            ],
            [
              -76.7101748,
              37.2729244
            ],
            [
              -76.710005,
              37.2728424
            ],
            [
              -76.710051,
              37.2727815
            ],
            [
              -76.7100305,
              37.2727716
            ],
            [
              -76.7100832,
              37.2727018
            ],
            [
              -76.710025,
              37.2726732
            ],
            [
              -76.7101205,
              37.2725492
            ],
            [
              -76.7102151,
              37.2725957
            ],
            [
              -76.7101196,
              37.2727197
            ],
            [
              -76.7101104,
              37.2727152
            ],
            [
              -76.7100814,
              37.2727536
            ],
            [
              -76.7101572,
              37.2727902
            ],
            [
              -76.7101594,
              37.2727871
            ],
            [
              -76.7101943,
              37.272804
            ],
            [
              -76.7101915,
              37.2728076
            ],
            [
              -76.7102668,
              37.2728439
            ],
            [
              -76.7103868,
              37.2726851
            ],
            [
              -76.7104007,
              37.2726918
            ],
            [
              -76.7104213,
              37.2726647
            ],
            [
              -76.7105254,
              37.272715
            ],
            [
              -76.7105043,
              37.272743
            ],
            [
              -76.7105221,
              37.2727516
            ],
            [
              -76.7104031,
              37.2729089
            ],
            [
              -76.710534,
              37.2729721
            ],
            [
              -76.7105436,
              37.2729593
            ],
            [
              -76.71062,
              37.2729962
            ],
            [
              -76.7106112,
              37.2730079
            ],
            [
              -76.710616,
              37.2730103
            ],
            [
              -76.7105456,
              37.2731034
            ]
          ]
        ]
      }
    },
    {
      "type": "Feature",
      "properties": {
        "id": 296930623,
        "name": "AidData",
        "building": "yes",
        "start_date": "1925"
      },
      "geometry": {
        "type": "Polygon",
        "coordinates": [
          [
            [
              -76.7068625,
              37.2732713
            ],
            [
              -76.7068521,
              37.2731485
            ],
            [
              -76.7069128,
              37.2731454
            ],
            [
              -76.7069148,
              37.2731691
            ],
            [
              -76.7069467,
              37.2731673
            ],
            [
              -76.7069508,
              37.2732158
            ],
            [
              -76.706975,
              37.2732145
            ],
            [
              -76.7069774,
              37.2732584
            ],
            [
              -76.7069522,
              37.2732597
            ],
            [
              -76.7069528,
              37.2732664
            ],
            [
              -76.7068625,
              37.2732713
            ]
          ]
        ]
      }
    },
    {
      "type": "Feature",
      "properties": {
        "id": 296930628,
        "name": "Williamsburg Municipal Building",
        "building": "yes",
        "start_date": "1988"
      },
      "geometry": {
        "type": "Polygon",
        "coordinates": [
          [
            [
              -76.7098291,
              37.2759982
            ],
            [
              -76.7098119,
              37.2759981
            ],
            [
              -76.7098118,
              37.2760091
            ],
            [
              -76.7097533,
              37.2760088
            ],
            [
              -76.7097543,
              37.2759154
            ],
            [
              -76.7097061,
              37.2759151
            ],
            [
              -76.7097057,
              37.275956
            ],
            [
              -76.7092303,
              37.275953
            ],
            [
              -76.709231,
              37.2758896
            ],
            [
              -76.7092303,
              37.2758896
            ],
            [
              -76.7092118,
              37.2758895
            ],
            [
              -76.709212,
              37.2758684
            ],
            [
              -76.7092121,
              37.2758626
            ],
            [
              -76.7092269,
              37.2758627
            ],
            [
              -76.7092313,
              37.2758627
            ],
            [
              -76.7092316,
              37.2758372
            ],
            [
              -76.7092124,
              37.2758371
            ],
            [
              -76.7092126,
              37.2758176
            ],
            [
              -76.7092127,
              37.27581
            ],
            [
              -76.7092332,
              37.2758101
            ],
            [
              -76.7092355,
              37.2757445
            ],
            [
              -76.7097078,
              37.2757475
            ],
            [
              -76.7097076,
              37.2757613
            ],
            [
              -76.7097558,
              37.2757616
            ],
            [
              -76.709756,
              37.2757341
            ],
            [
              -76.7099519,
              37.2757353
            ],
            [
              -76.7099512,
              37.275804
            ],
            [
              -76.7099787,
              37.2758042
            ],
            [
              -76.7099781,
              37.2758728
            ],
            [
              -76.7099506,
              37.2758727
            ],
            [
              -76.7099492,
              37.27601
            ],
            [
              -76.7098289,
              37.2760092
            ],
            [
              -76.7098291,
              37.2759982
            ]
          ]
        ]
      }
    },
    {
      "type": "Feature",
      "properties": {
        "id": 296930629,
        "name": "Williamsburg Presbyterian Church",
        "building": "church",
        "start_date": "1991"
      },
      "geometry": {
        "type": "Polygon",
        "coordinates": [
          [
            [
              -76.7098685,
              37.2727963
            ],
            [
              -76.709733,
              37.2727311
            ],
            [
              -76.7097262,
              37.2727402
            ],
            [
              -76.7096289,
              37.2726934
            ],
            [
              -76.709632,
              37.2726893
            ],
            [
              -76.7095825,
              37.2726655
            ],
            [
              -76.7095551,
              37.2727018
            ],
            [
              -76.7093124,
              37.2725851
            ],
            [
              -76.7094582,
              37.2723913
            ],
            [
              -76.7094828,
              37.2724031
            ],
            [
              -76.7095847,
              37.272267
            ],
            [
              -76.7096316,
              37.2722894
            ],
            [
              -76.7096366,
              37.2722827
            ],
            [
              -76.7097473,
              37.2723359
            ],
            [
              -76.7097425,
              37.2723422
            ],
            [
              -76.70977,
              37.2723555
            ],
            [
              -76.7096677,
              37.2724914
            ],
            [
              -76.7098066,
              37.2725588
            ],
            [
              -76.7098698,
              37.2724721
            ],
            [
              -76.7098981,
              37.2724853
            ],
            [
              -76.7099361,
              37.2724332
            ],
            [
              -76.7100704,
              37.2724957
            ],
            [
              -76.7099248,
              37.2726891
            ],
            [
              -76.7099428,
              37.2726977
            ],
            [
              -76.7098685,
              37.2727963
            ]
          ]
        ]
      }
    },
    {
      "type": "Feature",
      "properties": {
        "id": 296930631,
        "name": null,
        "building": "house",
        "start_date": "1976"
      },
      "geometry": {
        "type": "Polygon",
        "coordinates": [
          [
            [
              -76.7097504,
              37.2749144
            ],
            [
              -76.7097484,
              37.2749006
            ],
            [
              -76.709768,
              37.2748987
            ],
            [
              -76.7097701,
              37.2749126
            ],
            [
              -76.7098425,
              37.2749057
            ],
            [
              -76.7098633,
              37.2750457
            ],
            [
              -76.7098543,
              37.2750465
            ],
            [
              -76.7098557,
              37.275056
            ],
            [
              -76.7097865,
              37.2750625
            ],
            [
              -76.7097888,
              37.275078
            ],
            [
              -76.709758,
              37.2750809
            ],
            [
              -76.7097194,
              37.2750846
            ],
            [
              -76.7097089,
              37.275014
            ],
            [
              -76.70972,
              37.2750127
            ],
            [
              -76.7097135,
              37.2749693
            ],
            [
              -76.709745,
              37.2749666
            ],
            [
              -76.7097375,
              37.2749157
            ],
            [
              -76.7097504,
              37.2749144
            ]
          ]
        ]
      }
    },
    {
      "type": "Feature",
      "properties": {
        "id": 296930632,
        "name": "Wynway Mule Barn",
        "building": "apartments",
        "start_date": "1925"
      },
      "geometry": {
        "type": "Polygon",
        "coordinates": [
          [
            [
              -76.7120083,
              37.2738043
            ],
            [
              -76.7120106,
              37.2737536
            ],
            [
              -76.712018,
              37.2737536
            ],
            [
              -76.7120192,
              37.2737274
            ],
            [
              -76.7121016,
              37.27373
            ],
            [
              -76.7121006,
              37.2737565
            ],
            [
              -76.7121072,
              37.2737569
            ],
            [
              -76.7121053,
              37.273807
            ],
            [
              -76.7120083,
              37.2738043
            ]
          ]
        ]
      }
    },
    {
      "type": "Feature",
      "properties": {
        "id": 296930637,
        "name": null,
        "building": "yes",
        "start_date": "1928"
      },
      "geometry": {
        "type": "Polygon",
        "coordinates": [
          [
            [
              -76.7131524,
              37.2750669
            ],
            [
              -76.7132097,
              37.2750343
            ],
            [
              -76.7132539,
              37.2750838
            ],
            [
              -76.7131965,
              37.2751164
            ],
            [
              -76.7131524,
              37.2750669
            ]
          ]
        ]
      }
    },
    {
      "type": "Feature",
      "properties": {
        "id": 296930638,
        "name": null,
        "building": "yes",
        "start_date": "1928"
      },
      "geometry": {
        "type": "Polygon",
        "coordinates": [
          [
            [
              -76.7132224,
              37.275024
            ],
            [
              -76.7133081,
              37.2749762
            ],
            [
              -76.7133456,
              37.2750191
            ],
            [
              -76.7132599,
              37.275067
            ],
            [
              -76.7132224,
              37.275024
            ]
          ]
        ]
      }
    },
    {
      "type": "Feature",
      "properties": {
        "id": 296930639,
        "name": null,
        "building": "yes",
        "start_date": "1976"
      },
      "geometry": {
        "type": "Polygon",
        "coordinates": [
          [
            [
              -76.7097787,
              37.2748026
            ],
            [
              -76.7098088,
              37.2747935
            ],
            [
              -76.7098208,
              37.2748198
            ],
            [
              -76.709791,
              37.2748288
            ],
            [
              -76.7097787,
              37.2748026
            ]
          ]
        ]
      }
    },
    {
      "type": "Feature",
      "properties": {
        "id": 296930640,
        "name": null,
        "building": "yes",
        "start_date": "1976"
      },
      "geometry": {
        "type": "Polygon",
        "coordinates": [
          [
            [
              -76.7097413,
              37.2748214
            ],
            [
              -76.7097732,
              37.2748118
            ],
            [
              -76.7097818,
              37.2748299
            ],
            [
              -76.7097499,
              37.2748395
            ],
            [
              -76.7097413,
              37.2748214
            ]
          ]
        ]
      }
    },
    {
      "type": "Feature",
      "properties": {
        "id": 296930641,
        "name": null,
        "building": "yes",
        "start_date": "1975"
      },
      "geometry": {
        "type": "Polygon",
        "coordinates": [
          [
            [
              -76.70933,
              37.2749262
            ],
            [
              -76.7093322,
              37.2748904
            ],
            [
              -76.7093583,
              37.2748914
            ],
            [
              -76.7093561,
              37.2749273
            ],
            [
              -76.70933,
              37.2749262
            ]
          ]
        ]
      }
    },
    {
      "type": "Feature",
      "properties": {
        "id": 296930642,
        "name": null,
        "building": "yes",
        "start_date": "1975"
      },
      "geometry": {
        "type": "Polygon",
        "coordinates": [
          [
            [
              -76.7101385,
              37.2746597
            ],
            [
              -76.7102161,
              37.2746503
            ],
            [
              -76.7102285,
              37.2747153
            ],
            [
              -76.710152,
              37.2747247
            ],
            [
              -76.7101385,
              37.2746597
            ]
          ]
        ]
      }
    },
    {
      "type": "Feature",
      "properties": {
        "id": 296930643,
        "name": null,
        "building": "yes",
        "start_date": "1975"
      },
      "geometry": {
        "type": "Polygon",
        "coordinates": [
          [
            [
              -76.7102313,
              37.2746506
            ],
            [
              -76.7102748,
              37.2746454
            ],
            [
              -76.710287,
              37.274712
            ],
            [
              -76.7102565,
              37.2747156
            ],
            [
              -76.7102436,
              37.2747171
            ],
            [
              -76.7102313,
              37.2746506
            ]
          ]
        ]
      }
    },
    {
      "type": "Feature",
      "properties": {
        "id": 296930644,
        "name": null,
        "building": "yes",
        "start_date": "1975"
      },
      "geometry": {
        "type": "Polygon",
        "coordinates": [
          [
            [
              -76.7097302,
              37.2755053
            ],
            [
              -76.7097301,
              37.2754925
            ],
            [
              -76.7097537,
              37.2754926
            ],
            [
              -76.7097535,
              37.2755055
            ],
            [
              -76.7097302,
              37.2755053
            ]
          ]
        ]
      }
    },
    {
      "type": "Feature",
      "properties": {
        "id": 296930645,
        "name": null,
        "building": "house",
        "start_date": "1980"
      },
      "geometry": {
        "type": "Polygon",
        "coordinates": [
          [
            [
              -76.7119799,
              37.2742294
            ],
            [
              -76.711879,
              37.2742006
            ],
            [
              -76.7118771,
              37.2742047
            ],
            [
              -76.7118577,
              37.2741992
            ],
            [
              -76.7118595,
              37.274195
            ],
            [
              -76.7118337,
              37.2741876
            ],
            [
              -76.7118345,
              37.2741857
            ],
            [
              -76.7118135,
              37.2741797
            ],
            [
              -76.7118409,
              37.2741185
            ],
            [
              -76.7118619,
              37.2741245
            ],
            [
              -76.7118627,
              37.2741226
            ],
            [
              -76.712009,
              37.2741644
            ],
            [
              -76.7119799,
              37.2742294
            ]
          ]
        ]
      }
    },
    {
      "type": "Feature",
      "properties": {
        "id": 296931017,
        "name": null,
        "building": "garage",
        "start_date": "1930"
      },
      "geometry": {
        "type": "Polygon",
        "coordinates": [
          [
            [
              -76.7155796,
              37.2758487
            ],
            [
              -76.7156343,
              37.2758186
            ],
            [
              -76.7156688,
              37.2758586
            ],
            [
              -76.7156145,
              37.2758892
            ],
            [
              -76.7155796,
              37.2758487
            ]
          ]
        ]
      }
    },
    {
      "type": "Feature",
      "properties": {
        "id": 296931018,
        "name": null,
        "building": "house",
        "start_date": "1930"
      },
      "geometry": {
        "type": "Polygon",
        "coordinates": [
          [
            [
              -76.715291,
              37.2759134
            ],
            [
              -76.7152739,
              37.2758935
            ],
            [
              -76.7153232,
              37.2758663
            ],
            [
              -76.7153404,
              37.2758861
            ],
            [
              -76.7153592,
              37.2758757
            ],
            [
              -76.7153847,
              37.2759052
            ],
            [
              -76.7153928,
              37.2759007
            ],
            [
              -76.7154387,
              37.2759537
            ],
            [
              -76.7154306,
              37.2759582
            ],
            [
              -76.7154324,
              37.2759603
            ],
            [
              -76.71535,
              37.2760058
            ],
            [
              -76.7152768,
              37.2759212
            ],
            [
              -76.715291,
              37.2759134
            ]
          ]
        ]
      }
    },
    {
      "type": "Feature",
      "properties": {
        "id": 296931033,
        "name": null,
        "building": "garage",
        "start_date": "2007"
      },
      "geometry": {
        "type": "Polygon",
        "coordinates": [
          [
            [
              -76.7153127,
              37.2754181
            ],
            [
              -76.7154327,
              37.2753529
            ],
            [
              -76.7154973,
              37.2754289
            ],
            [
              -76.7153773,
              37.2754941
            ],
            [
              -76.7153127,
              37.2754181
            ]
          ]
        ]
      }
    },
    {
      "type": "Feature",
      "properties": {
        "id": 296931043,
        "name": null,
        "building": "house",
        "start_date": "1951"
      },
      "geometry": {
        "type": "Polygon",
        "coordinates": [
          [
            [
              -76.7160928,
              37.2748498
            ],
            [
              -76.7160718,
              37.2748234
            ],
            [
              -76.7160543,
              37.2748324
            ],
            [
              -76.7159771,
              37.2747355
            ],
            [
              -76.7160609,
              37.2746928
            ],
            [
              -76.7161359,
              37.2747869
            ],
            [
              -76.7161232,
              37.2747933
            ],
            [
              -76.7161465,
              37.2748225
            ],
            [
              -76.7160928,
              37.2748498
            ]
          ]
        ]
      }
    },
    {
      "type": "Feature",
      "properties": {
        "id": 296931044,
        "name": null,
        "building": "garage",
        "start_date": "1931"
      },
      "geometry": {
        "type": "Polygon",
        "coordinates": [
          [
            [
              -76.715652,
              37.2756321
            ],
            [
              -76.7157063,
              37.2756018
            ],
            [
              -76.7157371,
              37.275637
            ],
            [
              -76.7156828,
              37.2756673
            ],
            [
              -76.715652,
              37.2756321
            ]
          ]
        ]
      }
    },
    {
      "type": "Feature",
      "properties": {
        "id": 296931045,
        "name": null,
        "building": "yes",
        "start_date": "1931"
      },
      "geometry": {
        "type": "Polygon",
        "coordinates": [
          [
            [
              -76.7159183,
              37.2756747
            ],
            [
              -76.7158955,
              37.2756464
            ],
            [
              -76.7159101,
              37.2756389
            ],
            [
              -76.7158746,
              37.275595
            ],
            [
              -76.715884,
              37.2755902
            ],
            [
              -76.7158666,
              37.2755686
            ],
            [
              -76.71592,
              37.275541
            ],
            [
              -76.7159374,
              37.2755626
            ],
            [
              -76.7159526,
              37.2755548
            ],
            [
              -76.7160092,
              37.2756248
            ],
            [
              -76.71599,
              37.2756347
            ],
            [
              -76.715992,
              37.2756415
            ],
            [
              -76.7159595,
              37.2756583
            ],
            [
              -76.7159567,
              37.2756549
            ],
            [
              -76.7159183,
              37.2756747
            ]
          ]
        ]
      }
    },
    {
      "type": "Feature",
      "properties": {
        "id": 296931055,
        "name": null,
        "building": "yes",
        "start_date": "1930"
      },
      "geometry": {
        "type": "Polygon",
        "coordinates": [
          [
            [
              -76.7151764,
              37.2754199
            ],
            [
              -76.7152425,
              37.2753812
            ],
            [
              -76.7153015,
              37.2754463
            ],
            [
              -76.7152369,
              37.2754841
            ],
            [
              -76.7151764,
              37.2754199
            ]
          ]
        ]
      }
    },
    {
      "type": "Feature",
      "properties": {
        "id": 296931081,
        "name": null,
        "building": "house",
        "start_date": "1933"
      },
      "geometry": {
        "type": "Polygon",
        "coordinates": [
          [
            [
              -76.7154145,
              37.2751753
            ],
            [
              -76.7155296,
              37.2751104
            ],
            [
              -76.7155664,
              37.275152
            ],
            [
              -76.7155955,
              37.2751355
            ],
            [
              -76.7156512,
              37.2751985
            ],
            [
              -76.715625,
              37.2752134
            ],
            [
              -76.7156607,
              37.2752538
            ],
            [
              -76.7155428,
              37.2753204
            ],
            [
              -76.7154145,
              37.2751753
            ]
          ]
        ]
      }
    },
    {
      "type": "Feature",
      "properties": {
        "id": 296931083,
        "name": "St Bede's Student Chapel",
        "building": "church",
        "start_date": "1932"
      },
      "geometry": {
        "type": "Polygon",
        "coordinates": [
          [
            [
              -76.7147288,
              37.275208
            ],
            [
              -76.7147117,
              37.2751883
            ],
            [
              -76.7147056,
              37.2751917
            ],
            [
              -76.7146048,
              37.2750756
            ],
            [
              -76.7144989,
              37.2751344
            ],
            [
              -76.7145051,
              37.2751416
            ],
            [
              -76.7144582,
              37.2751677
            ],
            [
              -76.7143783,
              37.2750758
            ],
            [
              -76.7145312,
              37.274991
            ],
            [
              -76.7144769,
              37.2749286
            ],
            [
              -76.7145667,
              37.2748788
            ],
            [
              -76.7146098,
              37.2749284
            ],
            [
              -76.7146239,
              37.2749206
            ],
            [
              -76.7146364,
              37.2749349
            ],
            [
              -76.7146712,
              37.2749155
            ],
            [
              -76.7147328,
              37.2749864
            ],
            [
              -76.7146821,
              37.2750146
            ],
            [
              -76.7147961,
              37.2751457
            ],
            [
              -76.7147904,
              37.2751489
            ],
            [
              -76.714805,
              37.2751657
            ],
            [
              -76.7147288,
              37.275208
            ]
          ]
        ]
      }
    },
    {
      "type": "Feature",
      "properties": {
        "id": 296931084,
        "name": "St. Bede's Parish Center",
        "building": "church",
        "start_date": "1942"
      },
      "geometry": {
        "type": "Polygon",
        "coordinates": [
          [
            [
              -76.7152241,
              37.2749303
            ],
            [
              -76.7151805,
              37.2748808
            ],
            [
              -76.7151605,
              37.2748921
            ],
            [
              -76.7151021,
              37.2748258
            ],
            [
              -76.7150663,
              37.2747851
            ],
            [
              -76.7150035,
              37.2748204
            ],
            [
              -76.7149147,
              37.2747195
            ],
            [
              -76.7149768,
              37.2746846
            ],
            [
              -76.7149684,
              37.274675
            ],
            [
              -76.7151171,
              37.2745914
            ],
            [
              -76.7151255,
              37.2746009
            ],
            [
              -76.7151797,
              37.2745704
            ],
            [
              -76.7153653,
              37.2747812
            ],
            [
              -76.7152909,
              37.2748231
            ],
            [
              -76.7153319,
              37.2748697
            ],
            [
              -76.7152241,
              37.2749303
            ]
          ]
        ]
      }
    },
    {
      "type": "Feature",
      "properties": {
        "id": 296931088,
        "name": null,
        "building": "yes",
        "start_date": "1930"
      },
      "geometry": {
        "type": "Polygon",
        "coordinates": [
          [
            [
              -76.7152124,
              37.2758118
            ],
            [
              -76.7151623,
              37.2757569
            ],
            [
              -76.7151452,
              37.2757668
            ],
            [
              -76.7150562,
              37.2756693
            ],
            [
              -76.7150762,
              37.2756576
            ],
            [
              -76.7150295,
              37.2756064
            ],
            [
              -76.7150543,
              37.275592
            ],
            [
              -76.7150271,
              37.2755617
            ],
            [
              -76.7150715,
              37.275536
            ],
            [
              -76.7151057,
              37.2755736
            ],
            [
              -76.715096,
              37.2755793
            ],
            [
              -76.7151381,
              37.2756254
            ],
            [
              -76.715144,
              37.275622
            ],
            [
              -76.7152584,
              37.2757473
            ],
            [
              -76.7152439,
              37.2757557
            ],
            [
              -76.7152664,
              37.2757804
            ],
            [
              -76.7152124,
              37.2758118
            ]
          ]
        ]
      }
    },
    {
      "type": "Feature",
      "properties": {
        "id": 296931107,
        "name": "Williamsburg Manor B&B",
        "building": "yes",
        "start_date": "1930"
      },
      "geometry": {
        "type": "Polygon",
        "coordinates": [
          [
            [
              -76.7148513,
              37.2754106
            ],
            [
              -76.7148334,
              37.2753898
            ],
            [
              -76.7148709,
              37.2753691
            ],
            [
              -76.714891,
              37.2753923
            ],
            [
              -76.7149206,
              37.275376
            ],
            [
              -76.714945,
              37.2754042
            ],
            [
              -76.7149924,
              37.2753781
            ],
            [
              -76.7150273,
              37.2754184
            ],
            [
              -76.7149775,
              37.2754459
            ],
            [
              -76.7149902,
              37.2754606
            ],
            [
              -76.7149102,
              37.2755047
            ],
            [
              -76.7148361,
              37.275419
            ],
            [
              -76.7148513,
              37.2754106
            ]
          ]
        ]
      }
    },
    {
      "type": "Feature",
      "properties": {
        "id": 296931111,
        "name": null,
        "building": "yes",
        "start_date": null
      },
      "geometry": {
        "type": "Polygon",
        "coordinates": [
          [
            [
              -76.7150551,
              37.2754004
            ],
            [
              -76.7151169,
              37.2753661
            ],
            [
              -76.7151375,
              37.2753545
            ],
            [
              -76.7151364,
              37.2753533
            ],
            [
              -76.715142,
              37.27535
            ],
            [
              -76.7151294,
              37.2753358
            ],
            [
              -76.7151753,
              37.2753092
            ],
            [
              -76.715188,
              37.2753236
            ],
            [
              -76.7151952,
              37.2753194
            ],
            [
              -76.7152332,
              37.2753612
            ],
            [
              -76.7151745,
              37.2753953
            ],
            [
              -76.7151504,
              37.2753686
            ],
            [
              -76.7151298,
              37.2753807
            ],
            [
              -76.7151513,
              37.275405
            ],
            [
              -76.7150898,
              37.2754396
            ],
            [
              -76.7150551,
              37.2754004
            ]
          ]
        ]
      }
    },
    {
      "type": "Feature",
      "properties": {
        "id": 306877090,
        "name": "Laycock Football Center",
        "building": "university",
        "start_date": null
      },
      "geometry": {
        "type": "Polygon",
        "coordinates": [
          [
            [
              -76.7149748,
              37.273811
            ],
            [
              -76.7148614,
              37.2736955
            ],
            [
              -76.7150059,
              37.2736039
            ],
            [
              -76.7150071,
              37.2735574
            ],
            [
              -76.7150137,
              37.2735571
            ],
            [
              -76.7150136,
              37.2735204
            ],
            [
              -76.7150619,
              37.273521
            ],
            [
              -76.7150627,
              37.273502
            ],
            [
              -76.7150572,
              37.273502
            ],
            [
              -76.7150569,
              37.273446
            ],
            [
              -76.7150617,
              37.2734459
            ],
            [
              -76.7150615,
              37.2734283
            ],
            [
              -76.715643,
              37.2734261
            ],
            [
              -76.7156401,
              37.2736124
            ],
            [
              -76.7154169,
              37.2736132
            ],
            [
              -76.715414,
              37.2736302
            ],
            [
              -76.7154073,
              37.2736438
            ],
            [
              -76.7153936,
              37.2736622
            ],
            [
              -76.7153783,
              37.2736769
            ],
            [
              -76.715358,
              37.27369
            ],
            [
              -76.7153319,
              37.2737014
            ],
            [
              -76.7153022,
              37.2737059
            ],
            [
              -76.7152715,
              37.2737062
            ],
            [
              -76.715247,
              37.2737027
            ],
            [
              -76.7152219,
              37.2736923
            ],
            [
              -76.7152128,
              37.2736873
            ],
            [
              -76.7151944,
              37.2736772
            ],
            [
              -76.7149748,
              37.273811
            ]
          ]
        ]
      }
    },
    {
      "type": "Feature",
      "properties": {
        "id": 363491251,
        "name": null,
        "building": "yes",
        "start_date": null
      },
      "geometry": {
        "type": "Polygon",
        "coordinates": [
          [
            [
              -76.7124441,
              37.2739539
            ],
            [
              -76.7122517,
              37.2739404
            ],
            [
              -76.7122451,
              37.2739479
            ],
            [
              -76.7121804,
              37.2740361
            ],
            [
              -76.7121308,
              37.2740185
            ],
            [
              -76.7120758,
              37.2741446
            ],
            [
              -76.7121856,
              37.2741858
            ],
            [
              -76.7121482,
              37.2742399
            ],
            [
              -76.7122176,
              37.274267
            ],
            [
              -76.7122874,
              37.2741757
            ],
            [
              -76.7123469,
              37.2740985
            ],
            [
              -76.7124441,
              37.2739539
            ]
          ]
        ]
      }
    },
    {
      "type": "Feature",
      "properties": {
        "id": 438420886,
        "name": "Integrated Science Center",
        "building": "university",
        "start_date": null
      },
      "geometry": {
        "type": "Polygon",
        "coordinates": [
          [
            [
              -76.7143566,
              37.2692258
            ],
            [
              -76.714391,
              37.2692262
            ],
            [
              -76.7143927,
              37.2692262
            ],
            [
              -76.7143935,
              37.2691802
            ],
            [
              -76.7144037,
              37.2691803
            ],
            [
              -76.7144037,
              37.2691816
            ],
            [
              -76.7144281,
              37.2691818
            ],
            [
              -76.7144282,
              37.2691806
            ],
            [
              -76.7144829,
              37.2691812
            ],
            [
              -76.7144827,
              37.2691892
            ],
            [
              -76.7145784,
              37.2691903
            ],
            [
              -76.7145785,
              37.269182
            ],
            [
              -76.7146664,
              37.2691832
            ],
            [
              -76.7146659,
              37.2692135
            ],
            [
              -76.7146664,
              37.2692213
            ],
            [
              -76.7147298,
              37.2692226
            ],
            [
              -76.7147356,
              37.2691776
            ],
            [
              -76.7151528,
              37.269177
            ],
            [
              -76.715514,
              37.2696292
            ],
            [
              -76.7152802,
              37.2697405
            ],
            [
              -76.7152873,
              37.2698707
            ],
            [
              -76.7152188,
              37.2698913
            ],
            [
              -76.7150595,
              37.2699752
            ],
            [
              -76.7150548,
              37.2698542
            ],
            [
              -76.7150506,
              37.2696893
            ],
            [
              -76.7150571,
              37.269583
            ],
            [
              -76.7149549,
              37.2694413
            ],
            [
              -76.7148537,
              37.2693257
            ],
            [
              -76.7146903,
              37.269321
            ],
            [
              -76.7146845,
              37.2696517
            ],
            [
              -76.7146846,
              37.2698591
            ],
            [
              -76.7146943,
              37.2700019
            ],
            [
              -76.7145894,
              37.2700014
            ],
            [
              -76.7145893,
              37.270005
            ],
            [
              -76.7145189,
              37.2700042
            ],
            [
              -76.714445,
              37.2700034
            ],
            [
              -76.7144451,
              37.2699998
            ],
            [
              -76.7143858,
              37.2699991
            ],
            [
              -76.7143862,
              37.269909
            ],
            [
              -76.7143905,
              37.2695365
            ],
            [
              -76.7143917,
              37.2694651
            ],
            [
              -76.7143922,
              37.269438
            ],
            [
              -76.7143529,
              37.2694375
            ],
            [
              -76.7143527,
              37.269451
            ],
            [
              -76.7143321,
              37.2694508
            ],
            [
              -76.7143094,
              37.2694505
            ],
            [
              -76.7143037,
              37.2699308
            ],
            [
              -76.7143018,
              37.2699377
            ],
            [
              -76.7142984,
              37.2699442
            ],
            [
              -76.7142937,
              37.2699502
            ],
            [
              -76.7142877,
              37.2699555
            ],
            [
              -76.7142807,
              37.2699598
            ],
            [
              -76.7142729,
              37.2699631
            ],
            [
              -76.7142645,
              37.2699653
            ],
            [
              -76.7142557,
              37.2699663
            ],
            [
              -76.7142468,
              37.2699661
            ],
            [
              -76.7142382,
              37.2699647
            ],
            [
              -76.7142299,
              37.2699621
            ],
            [
              -76.7142224,
              37.2699584
            ],
            [
              -76.7136842,
              37.2697463
            ],
            [
              -76.7136626,
              37.2697826
            ],
            [
              -76.7135104,
              37.2697237
            ],
            [
              -76.7134842,
              37.2697036
            ],
            [
              -76.713471,
              37.2696859
            ],
            [
              -76.7134636,
              37.2696667
            ],
            [
              -76.7134601,
              37.2696466
            ],
            [
              -76.7134606,
              37.2696255
            ],
            [
              -76.7134683,
              37.2696003
            ],
            [
              -76.7134869,
              37.2695789
            ],
            [
              -76.7135147,
              37.2695622
            ],
            [
              -76.713541,
              37.2695497
            ],
            [
              -76.7135857,
              37.2695408
            ],
            [
              -76.7136529,
              37.2695421
            ],
            [
              -76.713653,
              37.2695167
            ],
            [
              -76.7136534,
              37.2694701
            ],
            [
              -76.7135515,
              37.2694666
            ],
            [
              -76.7135563,
              37.269323
            ],
            [
              -76.7135436,
              37.2693227
            ],
            [
              -76.7135158,
              37.2693221
            ],
            [
              -76.7135063,
              37.269322
            ],
            [
              -76.7135064,
              37.2693188
            ],
            [
              -76.7135064,
              37.2693171
            ],
            [
              -76.7135076,
              37.2692173
            ],
            [
              -76.7137459,
              37.2692193
            ],
            [
              -76.7137459,
              37.2692199
            ],
            [
              -76.7137627,
              37.26922
            ],
            [
              -76.7137803,
              37.2692201
            ],
            [
              -76.7137803,
              37.2692195
            ],
            [
              -76.713792,
              37.2692196
            ],
            [
              -76.7137926,
              37.2691737
            ],
            [
              -76.7138561,
              37.2691742
            ],
            [
              -76.7138641,
              37.2691743
            ],
            [
              -76.7138639,
              37.269181
            ],
            [
              -76.7138639,
              37.2691852
            ],
            [
              -76.7139548,
              37.2691862
            ],
            [
              -76.7141292,
              37.2691881
            ],
            [
              -76.7143573,
              37.2691907
            ],
            [
              -76.7143566,
              37.2692258
            ]
          ]
        ]
      }
    },
    {
      "type": "Feature",
      "properties": {
        "id": 440538810,
        "name": null,
        "building": "retail",
        "start_date": null
      },
      "geometry": {
        "type": "Polygon",
        "coordinates": [
          [
            [
              -76.7067289,
              37.2722758
            ],
            [
              -76.7065787,
              37.2722801
            ],
            [
              -76.7065827,
              37.272469
            ],
            [
              -76.7066725,
              37.272469
            ],
            [
              -76.7066739,
              37.2723825
            ],
            [
              -76.7067315,
              37.2723793
            ],
            [
              -76.7067315,
              37.2723292
            ],
            [
              -76.7067289,
              37.2722758
            ]
          ]
        ]
      }
    },
    {
      "type": "Feature",
      "properties": {
        "id": 623838829,
        "name": "McLeod Tyler Wellness Center",
        "building": "university",
        "start_date": null
      },
      "geometry": {
        "type": "Polygon",
        "coordinates": [
          [
            [
              -76.7150696,
              37.2714553
            ],
            [
              -76.7146772,
              37.2712948
            ],
            [
              -76.7146822,
              37.2712835
            ],
            [
              -76.7146608,
              37.271276
            ],
            [
              -76.714642,
              37.2712695
            ],
            [
              -76.7146636,
              37.2712378
            ],
            [
              -76.7143669,
              37.2711938
            ],
            [
              -76.7143716,
              37.2711733
            ],
            [
              -76.7143942,
              37.2711767
            ],
            [
              -76.7144009,
              37.271148
            ],
            [
              -76.7144204,
              37.2711509
            ],
            [
              -76.7144353,
              37.2710766
            ],
            [
              -76.7144173,
              37.2710743
            ],
            [
              -76.7144204,
              37.2710477
            ],
            [
              -76.7144323,
              37.2710498
            ],
            [
              -76.7144318,
              37.2710231
            ],
            [
              -76.7145599,
              37.2710421
            ],
            [
              -76.7145634,
              37.2710098
            ],
            [
              -76.7147252,
              37.2710323
            ],
            [
              -76.7147182,
              37.2710723
            ],
            [
              -76.7147396,
              37.2710783
            ],
            [
              -76.714761,
              37.2710329
            ],
            [
              -76.7148662,
              37.2710726
            ],
            [
              -76.7148339,
              37.2711274
            ],
            [
              -76.7148539,
              37.2711382
            ],
            [
              -76.7148638,
              37.271125
            ],
            [
              -76.7152019,
              37.2712608
            ],
            [
              -76.7151753,
              37.2712984
            ],
            [
              -76.7151451,
              37.271341
            ],
            [
              -76.7151759,
              37.271352
            ],
            [
              -76.7151437,
              37.2714001
            ],
            [
              -76.7151852,
              37.2714141
            ],
            [
              -76.7151641,
              37.2714472
            ],
            [
              -76.7150896,
              37.2714184
            ],
            [
              -76.7150696,
              37.2714553
            ]
          ]
        ]
      }
    },
    {
      "type": "Feature",
      "properties": {
        "id": 623838830,
        "name": "Shenkman Center",
        "building": "residential",
        "start_date": null
      },
      "geometry": {
        "type": "Polygon",
        "coordinates": [
          [
            [
              -76.7123002,
              37.2683803
            ],
            [
              -76.7122684,
              37.2683931
            ],
            [
              -76.7122814,
              37.2684131
            ],
            [
              -76.7122368,
              37.2684311
            ],
            [
              -76.7122237,
              37.2684118
            ],
            [
              -76.7121925,
              37.2684245
            ],
            [
              -76.7121683,
              37.2683881
            ],
            [
              -76.7121176,
              37.2684087
            ],
            [
              -76.7120779,
              37.2683469
            ],
            [
              -76.7121288,
              37.2683257
            ],
            [
              -76.7121128,
              37.2683012
            ],
            [
              -76.7122203,
              37.268257
            ],
            [
              -76.7122364,
              37.2682816
            ],
            [
              -76.7122871,
              37.2682608
            ],
            [
              -76.7123268,
              37.2683228
            ],
            [
              -76.712276,
              37.2683435
            ],
            [
              -76.7123002,
              37.2683803
            ]
          ]
        ]
      }
    },
    {
      "type": "Feature",
      "properties": {
        "id": 649624406,
        "name": "Culture Cafe",
        "building": "yes",
        "start_date": null
      },
      "geometry": {
        "type": "Polygon",
        "coordinates": [
          [
            [
              -76.7121779,
              37.2739316
            ],
            [
              -76.7122451,
              37.2739479
            ],
            [
              -76.7121804,
              37.2740361
            ],
            [
              -76.7121308,
              37.2740185
            ],
            [
              -76.7121779,
              37.2739316
            ]
          ]
        ]
      }
    },
    {
      "type": "Feature",
      "properties": {
        "id": 651795955,
        "name": "Stryker Center",
        "building": "civic",
        "start_date": null
      },
      "geometry": {
        "type": "Polygon",
        "coordinates": [
          [
            [
              -76.7078813,
              37.2746903
            ],
            [
              -76.7079231,
              37.2751926
            ],
            [
              -76.70799,
              37.2751892
            ],
            [
              -76.7079942,
              37.2752341
            ],
            [
              -76.7082199,
              37.2752208
            ],
            [
              -76.7082073,
              37.2751177
            ],
            [
              -76.7082909,
              37.2751177
            ],
            [
              -76.7082805,
              37.2749448
            ],
            [
              -76.708224,
              37.2749431
            ],
            [
              -76.7082115,
              37.2749082
            ],
            [
              -76.7083327,
              37.2748999
            ],
            [
              -76.7083264,
              37.2748733
            ],
            [
              -76.70827,
              37.2748716
            ],
            [
              -76.7082575,
              37.2747153
            ],
            [
              -76.708084,
              37.2747286
            ],
            [
              -76.7080736,
              37.274682
            ],
            [
              -76.7078813,
              37.2746903
            ]
          ]
        ]
      }
    },
    {
      "type": "Feature",
      "properties": {
        "id": 738668671,
        "name": null,
        "building": "yes",
        "start_date": "2015"
      },
      "geometry": {
        "type": "Polygon",
        "coordinates": [
          [
            [
              -76.7085782,
              37.273141
            ],
            [
              -76.7085633,
              37.2729428
            ],
            [
              -76.708527,
              37.2729261
            ],
            [
              -76.708517,
              37.2729401
            ],
            [
              -76.7084006,
              37.2728865
            ],
            [
              -76.7083823,
              37.2729119
            ],
            [
              -76.7082977,
              37.2729071
            ],
            [
              -76.7082918,
              37.2729728
            ],
            [
              -76.7082404,
              37.2729699
            ],
            [
              -76.7082463,
              37.2729041
            ],
            [
              -76.7082159,
              37.2729024
            ],
            [
              -76.7082156,
              37.2729051
            ],
            [
              -76.7082105,
              37.2729048
            ],
            [
              -76.7082138,
              37.2728676
            ],
            [
              -76.7082326,
              37.2726603
            ],
            [
              -76.7082376,
              37.2726602
            ],
            [
              -76.7082374,
              37.2726629
            ],
            [
              -76.708294,
              37.272689
            ],
            [
              -76.7082957,
              37.2726866
            ],
            [
              -76.7083534,
              37.2727132
            ],
            [
              -76.708328,
              37.2727484
            ],
            [
              -76.7084116,
              37.2727869
            ],
            [
              -76.708437,
              37.2727516
            ],
            [
              -76.7084698,
              37.2727666
            ],
            [
              -76.7084715,
              37.2727643
            ],
            [
              -76.708537,
              37.2727944
            ],
            [
              -76.7085353,
              37.2727968
            ],
            [
              -76.7085681,
              37.2728119
            ],
            [
              -76.7085655,
              37.2728154
            ],
            [
              -76.7086175,
              37.2728394
            ],
            [
              -76.7086201,
              37.2728358
            ],
            [
              -76.7086693,
              37.2728585
            ],
            [
              -76.7086556,
              37.2728775
            ],
            [
              -76.7086761,
              37.2728869
            ],
            [
              -76.7086777,
              37.2729062
            ],
            [
              -76.7087049,
              37.2729049
            ],
            [
              -76.7087085,
              37.2729502
            ],
            [
              -76.7087034,
              37.2729504
            ],
            [
              -76.708708,
              37.2730108
            ],
            [
              -76.708713,
              37.2730105
            ],
            [
              -76.7087154,
              37.2730421
            ],
            [
              -76.7087188,
              37.273042
            ],
            [
              -76.7087234,
              37.2731023
            ],
            [
              -76.7087199,
              37.2731024
            ],
            [
              -76.7087223,
              37.2731341
            ],
            [
              -76.7085782,
              37.273141
            ]
          ]
        ]
      }
    },
    {
      "type": "Feature",
      "properties": {
        "id": 981850462,
        "name": "Alumni Center",
        "building": "university",
        "start_date": null
      },
      "geometry": {
        "type": "Polygon",
        "coordinates": [
          [
            [
              -76.7142765,
              37.2744993
            ],
            [
              -76.7142299,
              37.2744619
            ],
            [
              -76.7142119,
              37.2744761
            ],
            [
              -76.7141095,
              37.2743939
            ],
            [
              -76.7142242,
              37.2743026
            ],
            [
              -76.7143238,
              37.2743826
            ],
            [
              -76.7143823,
              37.2743361
            ],
            [
              -76.714371,
              37.2743271
            ],
            [
              -76.7143802,
              37.2743197
            ],
            [
              -76.7143611,
              37.2743043
            ],
            [
              -76.7143781,
              37.2742907
            ],
            [
              -76.7143741,
              37.2742875
            ],
            [
              -76.7144059,
              37.2742622
            ],
            [
              -76.7144099,
              37.2742654
            ],
            [
              -76.714427,
              37.2742519
            ],
            [
              -76.7144462,
              37.2742673
            ],
            [
              -76.7144554,
              37.2742599
            ],
            [
              -76.7144667,
              37.274269
            ],
            [
              -76.7145252,
              37.2742225
            ],
            [
              -76.7144901,
              37.2741943
            ],
            [
              -76.7146033,
              37.2741035
            ],
            [
              -76.7146235,
              37.2741197
            ],
            [
              -76.7146755,
              37.2740784
            ],
            [
              -76.7147507,
              37.2741388
            ],
            [
              -76.7147612,
              37.2741304
            ],
            [
              -76.7147935,
              37.2741563
            ],
            [
              -76.7148,
              37.2741512
            ],
            [
              -76.7148954,
              37.2742277
            ],
            [
              -76.7148889,
              37.2742329
            ],
            [
              -76.7149212,
              37.2742589
            ],
            [
              -76.7149114,
              37.2742667
            ],
            [
              -76.7149866,
              37.274327
            ],
            [
              -76.7149338,
              37.2743689
            ],
            [
              -76.714954,
              37.2743852
            ],
            [
              -76.7149264,
              37.2744071
            ],
            [
              -76.7149523,
              37.2744279
            ],
            [
              -76.7148922,
              37.2744757
            ],
            [
              -76.7148663,
              37.274455
            ],
            [
              -76.7148404,
              37.2744756
            ],
            [
              -76.7148177,
              37.2744574
            ],
            [
              -76.7147235,
              37.2745323
            ],
            [
              -76.7146187,
              37.2744485
            ],
            [
              -76.7145462,
              37.2745064
            ],
            [
              -76.7145559,
              37.2745142
            ],
            [
              -76.7145463,
              37.2745218
            ],
            [
              -76.714549,
              37.2745239
            ],
            [
              -76.7144146,
              37.2746307
            ],
            [
              -76.7142637,
              37.2745095
            ],
            [
              -76.7142765,
              37.2744993
            ]
          ]
        ]
      }
    },
    {
      "type": "Feature",
      "properties": {
        "id": 1052181563,
        "name": null,
        "building": "yes",
        "start_date": null
      },
      "geometry": {
        "type": "Polygon",
        "coordinates": [
          [
            [
              -76.7080851,
              37.2727764
            ],
            [
              -76.7081076,
              37.2727777
            ],
            [
              -76.7081104,
              37.2727469
            ],
            [
              -76.7080058,
              37.2726987
            ],
            [
              -76.7080041,
              37.272701
            ],
            [
              -76.7079941,
              37.2726964
            ],
            [
              -76.7080017,
              37.2726859
            ],
            [
              -76.7079825,
              37.272677
            ],
            [
              -76.7079749,
              37.2726876
            ],
            [
              -76.7079646,
              37.2726829
            ],
            [
              -76.7079663,
              37.2726806
            ],
            [
              -76.7079358,
              37.2726665
            ],
            [
              -76.7079718,
              37.2726166
            ],
            [
              -76.7080168,
              37.272554
            ],
            [
              -76.7080189,
              37.2725512
            ],
            [
              -76.7080294,
              37.272556
            ],
            [
              -76.708022,
              37.2725662
            ],
            [
              -76.7080409,
              37.2725749
            ],
            [
              -76.7080483,
              37.2725647
            ],
            [
              -76.7080581,
              37.2725692
            ],
            [
              -76.7080556,
              37.2725726
            ],
            [
              -76.7081919,
              37.2726353
            ],
            [
              -76.7081944,
              37.2726319
            ],
            [
              -76.7082335,
              37.2726499
            ],
            [
              -76.7082326,
              37.2726603
            ],
            [
              -76.7082138,
              37.2728676
            ],
            [
              -76.7081414,
              37.2728642
            ],
            [
              -76.7081412,
              37.2728667
            ],
            [
              -76.7081003,
              37.2728644
            ],
            [
              -76.7081007,
              37.2728599
            ],
            [
              -76.7080779,
              37.2728586
            ],
            [
              -76.7080782,
              37.2728553
            ],
            [
              -76.7080988,
              37.2728565
            ],
            [
              -76.7081024,
              37.272816
            ],
            [
              -76.7080817,
              37.2728148
            ],
            [
              -76.708082,
              37.2728109
            ],
            [
              -76.7080992,
              37.2728119
            ],
            [
              -76.708102,
              37.2727809
            ],
            [
              -76.7080848,
              37.2727799
            ],
            [
              -76.7080851,
              37.2727764
            ]
          ]
        ]
      }
    },
    {
      "type": "Feature",
      "properties": {
        "id": 1085474293,
        "name": null,
        "building": "yes",
        "start_date": null
      },
      "geometry": {
        "type": "Polygon",
        "coordinates": [
          [
            [
              -76.7138244,
              37.2735657
            ],
            [
              -76.7137019,
              37.2735659
            ],
            [
              -76.7137018,
              37.2735064
            ],
            [
              -76.7138243,
              37.2735062
            ],
            [
              -76.7138244,
              37.2735657
            ]
          ]
        ]
      }
    },
    {
      "type": "Feature",
      "properties": {
        "id": 1085474295,
        "name": null,
        "building": "yes",
        "start_date": null
      },
      "geometry": {
        "type": "Polygon",
        "coordinates": [
          [
            [
              -76.7149573,
              37.2723191
            ],
            [
              -76.7149148,
              37.2723281
            ],
            [
              -76.7148944,
              37.2722672
            ],
            [
              -76.7149369,
              37.2722582
            ],
            [
              -76.7149573,
              37.2723191
            ]
          ]
        ]
      }
    },
    {
      "type": "Feature",
      "properties": {
        "id": 1114926107,
        "name": null,
        "building": "yes",
        "start_date": null
      },
      "geometry": {
        "type": "Polygon",
        "coordinates": [
          [
            [
              -76.71238,
              37.2757322
            ],
            [
              -76.7122874,
              37.2757786
            ],
            [
              -76.7123618,
              37.2758725
            ],
            [
              -76.7124544,
              37.2758261
            ],
            [
              -76.71238,
              37.2757322
            ]
          ]
        ]
      }
    },
    {
      "type": "Feature",
      "properties": {
        "id": 1162123585,
        "name": "Music Arts Center",
        "building": "university",
        "start_date": null
      },
      "geometry": {
        "type": "Polygon",
        "coordinates": [
          [
            [
              -76.7147236,
              37.2690111
            ],
            [
              -76.7146862,
              37.2689643
            ],
            [
              -76.7146688,
              37.2689732
            ],
            [
              -76.7146744,
              37.2689801
            ],
            [
              -76.7145839,
              37.2690263
            ],
            [
              -76.7145469,
              37.26898
            ],
            [
              -76.7144947,
              37.2690067
            ],
            [
              -76.7144577,
              37.2689604
            ],
            [
              -76.7144673,
              37.2689555
            ],
            [
              -76.7144487,
              37.2689324
            ],
            [
              -76.7144119,
              37.2689511
            ],
            [
              -76.7142861,
              37.2687938
            ],
            [
              -76.7143228,
              37.268775
            ],
            [
              -76.714308,
              37.2687565
            ],
            [
              -76.7142964,
              37.2687624
            ],
            [
              -76.7142631,
              37.2687208
            ],
            [
              -76.7143226,
              37.2686904
            ],
            [
              -76.7142433,
              37.268594
            ],
            [
              -76.7142908,
              37.2685697
            ],
            [
              -76.714276,
              37.2685512
            ],
            [
              -76.7142632,
              37.2685577
            ],
            [
              -76.714232,
              37.2685187
            ],
            [
              -76.7142695,
              37.2684996
            ],
            [
              -76.7142156,
              37.2684321
            ],
            [
              -76.7143055,
              37.2683862
            ],
            [
              -76.7142907,
              37.2683677
            ],
            [
              -76.7142791,
              37.2683736
            ],
            [
              -76.7142432,
              37.2683286
            ],
            [
              -76.7143011,
              37.268299
            ],
            [
              -76.7142523,
              37.2682381
            ],
            [
              -76.7144501,
              37.268137
            ],
            [
              -76.7145796,
              37.268299
            ],
            [
              -76.7145649,
              37.2683065
            ],
            [
              -76.7145759,
              37.2683203
            ],
            [
              -76.7145907,
              37.2683129
            ],
            [
              -76.7145998,
              37.2683241
            ],
            [
              -76.7145849,
              37.2683319
            ],
            [
              -76.714596,
              37.2683455
            ],
            [
              -76.7146109,
              37.268338
            ],
            [
              -76.7146368,
              37.2683704
            ],
            [
              -76.7146134,
              37.2683825
            ],
            [
              -76.7146201,
              37.268391
            ],
            [
              -76.7146346,
              37.268409
            ],
            [
              -76.714658,
              37.268397
            ],
            [
              -76.7146815,
              37.2684264
            ],
            [
              -76.7146668,
              37.268434
            ],
            [
              -76.7146897,
              37.2684626
            ],
            [
              -76.714695,
              37.2684693
            ],
            [
              -76.7147099,
              37.2684618
            ],
            [
              -76.7147543,
              37.2685174
            ],
            [
              -76.7147308,
              37.2685294
            ],
            [
              -76.7147377,
              37.268538
            ],
            [
              -76.7147524,
              37.2685564
            ],
            [
              -76.7147759,
              37.2685444
            ],
            [
              -76.7147993,
              37.2685737
            ],
            [
              -76.7147846,
              37.2685814
            ],
            [
              -76.7147996,
              37.2686001
            ],
            [
              -76.7148144,
              37.2685926
            ],
            [
              -76.7148366,
              37.2686204
            ],
            [
              -76.7148219,
              37.268628
            ],
            [
              -76.7148303,
              37.2686385
            ],
            [
              -76.714838,
              37.2686482
            ],
            [
              -76.7148529,
              37.2686407
            ],
            [
              -76.7148554,
              37.2686439
            ],
            [
              -76.7148407,
              37.2686516
            ],
            [
              -76.7148599,
              37.2686755
            ],
            [
              -76.7148653,
              37.2686823
            ],
            [
              -76.7148801,
              37.2686748
            ],
            [
              -76.7149884,
              37.2688102
            ],
            [
              -76.7148601,
              37.2688758
            ],
            [
              -76.7148988,
              37.2689241
            ],
            [
              -76.7147236,
              37.2690111
            ]
          ]
        ]
      }
    },
    {
      "type": "Feature",
      "properties": {
        "id": 1162123586,
        "name": "Phi Beta Kappa Hall",
        "building": "university",
        "start_date": null
      },
      "geometry": {
        "type": "Polygon",
        "coordinates": [
          [
            [
              -76.7155242,
              37.2684782
            ],
            [
              -76.7153402,
              37.26857
            ],
            [
              -76.7152803,
              37.2685999
            ],
            [
              -76.7152641,
              37.2685792
            ],
            [
              -76.715236,
              37.2685933
            ],
            [
              -76.7152334,
              37.2685901
            ],
            [
              -76.7152422,
              37.2685858
            ],
            [
              -76.7152251,
              37.2685643
            ],
            [
              -76.7151947,
              37.2685795
            ],
            [
              -76.7151682,
              37.2685459
            ],
            [
              -76.7151988,
              37.2685306
            ],
            [
              -76.7151928,
              37.268523
            ],
            [
              -76.7151433,
              37.2685478
            ],
            [
              -76.7151378,
              37.2685408
            ],
            [
              -76.7151262,
              37.2685467
            ],
            [
              -76.7151317,
              37.2685537
            ],
            [
              -76.7150182,
              37.2686107
            ],
            [
              -76.7149853,
              37.2685688
            ],
            [
              -76.7149911,
              37.2685659
            ],
            [
              -76.7149765,
              37.2685473
            ],
            [
              -76.7149707,
              37.2685502
            ],
            [
              -76.7148555,
              37.2684037
            ],
            [
              -76.7148613,
              37.2684008
            ],
            [
              -76.7148465,
              37.2683818
            ],
            [
              -76.7148394,
              37.268373
            ],
            [
              -76.7148335,
              37.2683758
            ],
            [
              -76.7146854,
              37.2681874
            ],
            [
              -76.7146709,
              37.2681947
            ],
            [
              -76.714651,
              37.2681695
            ],
            [
              -76.7146657,
              37.2681621
            ],
            [
              -76.7146442,
              37.2681351
            ],
            [
              -76.7146297,
              37.2681424
            ],
            [
              -76.7146242,
              37.2681354
            ],
            [
              -76.7146387,
              37.2681281
            ],
            [
              -76.7146227,
              37.2681077
            ],
            [
              -76.7146082,
              37.268115
            ],
            [
              -76.7146027,
              37.2681081
            ],
            [
              -76.7146173,
              37.2681008
            ],
            [
              -76.714597,
              37.268075
            ],
            [
              -76.7146523,
              37.2680472
            ],
            [
              -76.7147221,
              37.2680121
            ],
            [
              -76.7147559,
              37.2679952
            ],
            [
              -76.7147599,
              37.2679931
            ],
            [
              -76.7147948,
              37.2679756
            ],
            [
              -76.7148036,
              37.2679712
            ],
            [
              -76.7148326,
              37.2679565
            ],
            [
              -76.7150684,
              37.2678382
            ],
            [
              -76.7150784,
              37.2678333
            ],
            [
              -76.7151004,
              37.2678222
            ],
            [
              -76.7151663,
              37.267789
            ],
            [
              -76.7152037,
              37.2677703
            ],
            [
              -76.7152165,
              37.2677638
            ],
            [
              -76.7152895,
              37.2677272
            ],
            [
              -76.7153312,
              37.2677803
            ],
            [
              -76.7153458,
              37.267773
            ],
            [
              -76.7153513,
              37.2677799
            ],
            [
              -76.7153367,
              37.2677872
            ],
            [
              -76.7153581,
              37.2678144
            ],
            [
              -76.7153726,
              37.2678071
            ],
            [
              -76.7153925,
              37.2678323
            ],
            [
              -76.7153779,
              37.2678396
            ],
            [
              -76.7155534,
              37.2680628
            ],
            [
              -76.7155447,
              37.2680671
            ],
            [
              -76.7155739,
              37.2681043
            ],
            [
              -76.7155826,
              37.2681
            ],
            [
              -76.7155846,
              37.2681051
            ],
            [
              -76.7156355,
              37.2680795
            ],
            [
              -76.7156813,
              37.2681376
            ],
            [
              -76.7156318,
              37.2681625
            ],
            [
              -76.7156629,
              37.268202
            ],
            [
              -76.7156299,
              37.2682185
            ],
            [
              -76.7156555,
              37.2682511
            ],
            [
              -76.7154922,
              37.2683342
            ],
            [
              -76.7155306,
              37.2683862
            ],
            [
              -76.7154797,
              37.2684113
            ],
            [
              -76.7154815,
              37.2684136
            ],
            [
              -76.7154758,
              37.2684165
            ],
            [
              -76.7155242,
              37.2684782
            ]
          ]
        ]
      }
    },
    {
      "type": "Feature",
      "properties": {
        "id": 1278626754,
        "name": null,
        "building": "roof",
        "start_date": null
      },
      "geometry": {
        "type": "Polygon",
        "coordinates": [
          [
            [
              -76.7086009,
              37.2727403
            ],
            [
              -76.7084209,
              37.2726594
            ],
            [
              -76.7083956,
              37.272695
            ],
            [
              -76.7085756,
              37.2727759
            ],
            [
              -76.7086009,
              37.2727403
            ]
          ]
        ]
      }
    },
    {
      "type": "Feature",
      "properties": {
        "id": 1293299871,
        "name": "Williamsburg Fire Department",
        "building": "yes",
        "start_date": null
      },
      "geometry": {
        "type": "Polygon",
        "coordinates": [
          [
            [
              -76.7087703,
              37.2762245
            ],
            [
              -76.7087862,
              37.2761485
            ],
            [
              -76.7087123,
              37.2761422
            ],
            [
              -76.7087255,
              37.2760615
            ],
            [
              -76.7087596,
              37.2758525
            ],
            [
              -76.7087838,
              37.2758547
            ],
            [
              -76.7087802,
              37.2758733
            ],
            [
              -76.7088747,
              37.2758819
            ],
            [
              -76.70889,
              37.2758332
            ],
            [
              -76.7088981,
              37.2758339
            ],
            [
              -76.7089161,
              37.2757408
            ],
            [
              -76.7089053,
              37.275738
            ],
            [
              -76.7089197,
              37.2756771
            ],
            [
              -76.708271,
              37.2756034
            ],
            [
              -76.7082513,
              37.2756807
            ],
            [
              -76.7082423,
              37.2756786
            ],
            [
              -76.7082252,
              37.275753
            ],
            [
              -76.7082378,
              37.2757537
            ],
            [
              -76.7082279,
              37.2758067
            ],
            [
              -76.7084672,
              37.2758346
            ],
            [
              -76.7084386,
              37.2760436
            ],
            [
              -76.708424,
              37.276151
            ],
            [
              -76.7086273,
              37.2761818
            ],
            [
              -76.708621,
              37.2762097
            ],
            [
              -76.7087703,
              37.2762245
            ]
          ]
        ]
      }
    },
    {
      "type": "Feature",
      "properties": {
        "id": 1345287638,
        "name": null,
        "building": "yes",
        "start_date": null
      },
      "geometry": {
        "type": "Polygon",
        "coordinates": [
          [
            [
              -76.7114994,
              37.2671525
            ],
            [
              -76.7114863,
              37.2671322
            ],
            [
              -76.7114435,
              37.2671498
            ],
            [
              -76.7114498,
              37.2671595
            ],
            [
              -76.7113644,
              37.2671949
            ],
            [
              -76.7113266,
              37.2671361
            ],
            [
              -76.7114124,
              37.2671008
            ],
            [
              -76.7114265,
              37.2671227
            ],
            [
              -76.7114691,
              37.2671051
            ],
            [
              -76.7114482,
              37.2670727
            ],
            [
              -76.7115214,
              37.2670426
            ],
            [
              -76.7115728,
              37.2671224
            ],
            [
              -76.7114994,
              37.2671525
            ]
          ]
        ]
      }
    },
    {
      "type": "Feature",
      "properties": {
        "id": 1393878029,
        "name": "Cedar Hall",
        "building": "dormitory",
        "start_date": null
      },
      "geometry": {
        "type": "Polygon",
        "coordinates": [
          [
            [
              -76.7125319,
              37.2692453
            ],
            [
              -76.7124225,
              37.2692008
            ],
            [
              -76.7119902,
              37.269025
            ],
            [
              -76.7119894,
              37.268959
            ],
            [
              -76.7119809,
              37.268959
            ],
            [
              -76.7119792,
              37.2689132
            ],
            [
              -76.7119803,
              37.2689037
            ],
            [
              -76.7119888,
              37.2689036
            ],
            [
              -76.711988,
              37.2688376
            ],
            [
              -76.7125246,
              37.2686094
            ],
            [
              -76.712562,
              37.2686655
            ],
            [
              -76.7125579,
              37.2686672
            ],
            [
              -76.7125688,
              37.268684
            ],
            [
              -76.7125731,
              37.2686822
            ],
            [
              -76.7126105,
              37.2687384
            ],
            [
              -76.7122638,
              37.2688858
            ],
            [
              -76.7122525,
              37.2688688
            ],
            [
              -76.7121597,
              37.2689083
            ],
            [
              -76.7121602,
              37.2689518
            ],
            [
              -76.7122539,
              37.2689899
            ],
            [
              -76.7122648,
              37.2689727
            ],
            [
              -76.7126148,
              37.2691151
            ],
            [
              -76.7125787,
              37.2691718
            ],
            [
              -76.7125744,
              37.26917
            ],
            [
              -76.7125639,
              37.269187
            ],
            [
              -76.712568,
              37.2691886
            ],
            [
              -76.7125319,
              37.2692453
            ]
          ]
        ]
      }
    }
  ]
}