{
  "type": "FeatureCollection",
  "features": [
    {
      "type": "Feature",
      "properties": {
        "id": 20614350,
        "highway": "residential",
        "name": "Prince George Street",
        "surface": "asphalt"
      },
      "geometry": {
        "type": "LineString",
        "coordinates": [
          [
            -76.7103201,
            37.273699
          ],
          [
            -76.7102807,
            37.2736358
          ],
          [
            -76.7102205,
            37.273596
          ],
          [
            -76.7101351,
            37.2735499
          ],
          [
            -76.7098746,
            37.2734095
          ],
          [
            -76.7095831,
            37.2732498
          ],
          [
            -76.7093343,
            37.2731147
          ],
          [
            -76.7093123,
            37.2731034
          ],
          [
            -76.7090343,
            37.2729608
          ],
          [
            -76.7089367,
            37.2729063
          ],
          [
            -76.7088392,
            37.2728517
          ]
        ]
      }
    },
    {
      "type": "Feature",
      "properties": {
        "id": 41409616,
        "highway": "pedestrian",
        "name": null,
        "surface": "paving_stones"
      },
      "geometry": {
        "type": "LineString",
        "coordinates": [
          [
            -76.7112865,
            37.2700692
          ],
          [
            -76.7112867,
            37.2700663
          ],
          [
            -76.7112882,
            37.2700637
          ],
          [
            -76.7112899,
            37.2700611
          ],
          [
            -76.7112921,
            37.2700589
          ],
          [
            -76.7112948,
            37.270057
          ],
          [
            -76.7112979,
            37.2700555
          ],
          [
            -76.7113004,
            37.2700546
          ],
          [
            -76.711303,
            37.2700541
          ],
          [
            -76.7113065,
            37.2700538
          ],
          [
            -76.7113101,
            37.2700539
          ],
          [
            -76.7113136,
            37.2700546
          ],
          [
            -76.7113169,
            37.2700558
          ],
          [
            -76.7113199,
            37.2700574
          ],
          [
            -76.7113225,
            37.2700593
          ],
          [
            -76.7113241,
            37.270061
          ],
          [
            -76.7113255,
            37.2700629
          ],
          [
            -76.7113268,
            37.2700656
          ],
          [
            -76.7113275,
            37.2700684
          ],
          [
            -76.7113275,
            37.2700712
          ],
          [
            -76.711327,
            37.2700741
          ],
          [
            -76.7113259,
            37.2700768
          ],
          [
            -76.7113242,
            37.2700793
          ],
          [
            -76.7113226,
            37.270081
          ],
          [
            -76.7113207,
            37.2700826
          ],
          [
            -76.7113178,
            37.2700842
          ],
          [
            -76.7113146,
            37.2700855
          ],
          [
            -76.7113111,
            37.2700864
          ],
          [
            -76.7113075,
            37.2700866
          ],
          [
            -76.711304,
            37.2700865
          ],
          [
            -76.7113005,
            37.2700858
          ],
          [
            -76.7112972,
            37.2700847
          ],
          [
            -76.7112949,
            37.2700835
          ],
          [
            -76.7112929,
            37.2700821
          ],
          [
            -76.7112905,
            37.2700799
          ],
          [
            -76.7112886,
            37.2700775
          ],
          [
            -76.7112873,
            37.2700749
          ],
          [
            -76.7112866,
            37.270072
          ],
          [
            -76.7112865,
            37.2700692
          ]
        ]
      }
    },
    {
      "type": "Feature",
      "properties": {
        "id": 80706654,
        "highway": "tertiary",
        "name": "Armistead Avenue",
        "surface": "asphalt"
      },
      "geometry": {
        "type": "LineString",
        "coordinates": [
          [
            -76.7093504,
            37.27194
          ],
          [
            -76.7092742,
            37.2720319
          ],
          [
            -76.709256,
            37.272066
          ],
          [
            -76.7090518,
            37.272449
          ],
          [
            -76.70901,
            37.272525
          ],
          [
            -76.7088634,
            37.2727994
          ],
          [
            -76.7088392,
            37.2728517
          ]
        ]
      }
    },
    {
      "type": "Feature",
      "properties": {
        "id": 83285357,
        "highway": "pedestrian",
        "name": null,
        "surface": "gravel"
      },
      "geometry": {
        "type": "LineString",
        "coordinates": [
          [
            -76.7138639,
            37.2691852
          ],
          [
            -76.7138639,
            37.269181
          ],
          [
            -76.7138641,
            37.2691743
          ],
          [
            -76.713864,
            37.269166
          ],
          [
            -76.7142379,
            37.2691683
          ],
          [
            -76.714379,
            37.2691691
          ],
          [
            -76.7144039,
            37.2691693
          ],
          [
            -76.7144038,
            37.2691742
          ],
          [
            -76.7143935,
            37.2691742
          ],
          [
            -76.7143935,
            37.2691802
          ],
          [
            -76.7143927,
            37.2692262
          ],
          [
            -76.714391,
            37.2692262
          ],
          [
            -76.7143566,
            37.2692258
          ],
          [
            -76.7143573,
            37.2691907
          ],
          [
            -76.7138639,
            37.2691852
          ]
        ]
      }
    },
    {
      "type": "Feature",
      "properties": {
        "id": 85035226,
        "highway": "pedestrian",
        "name": "Gooch Drive",
        "surface": "asphalt"
      },
      "geometry": {
        "type": "LineString",
        "coordinates": [
          [
            -76.715076,
            37.2717085
          ],
          [
            -76.7149588,
            37.2716368
          ],
          [
            -76.7148736,
            37.2715734
          ],
          [
            -76.7147714,
            37.2714879
          ],
          [
            -76.7147009,
            37.2714273
          ],
          [
            -76.7146608,
            37.2713958
          ],
          [
            -76.7146001,
            37.2713643
          ],
          [
            -76.7145086,
            37.271327
          ],
          [
            -76.7144287,
            37.2713041
          ],
          [
            -76.7143461,
            37.2712883
          ],
          [
            -76.7142619,
            37.2712797
          ],
          [
            -76.7142135,
            37.2712801
          ],
          [
            -76.714141,
            37.2712807
          ],
          [
            -76.7140585,
            37.2712901
          ],
          [
            -76.7139436,
            37.2713197
          ],
          [
            -76.7138871,
            37.2713335
          ]
        ]
      }
    },
    {
      "type": "Feature",
      "properties": {
        "id": 302956542,
        "highway": "service",
        "name": null,
        "surface": "concrete"
      },
      "geometry": {
        "type": "LineString",
        "coordinates": [
          [
            -76.7140973,
            37.2700667
          ],
          [
            -76.714038,
            37.2701264
          ],
          [
            -76.7140007,
            37.2701639
          ],
          [
            -76.7139405,
            37.2702582
          ],
          [
            -76.7138945,
            37.2703005
          ],
          [
            -76.7138575,
            37.2703299
          ],
          [
            -76.7138414,
            37.2703427
          ],
          [
            -76.7137917,
            37.2703597
          ],
          [
            -76.7137434,
            37.2703696
          ],
          [
            -76.7136818,
            37.2703703
          ],
          [
            -76.7136206,
            37.2703633
          ],
          [
            -76.7135612,
            37.2703541
          ],
          [
            -76.7134892,
            37.2703401
          ],
          [
            -76.7133908,
            37.2703174
          ],
          [
            -76.713243,
            37.2702815
          ],
          [
            -76.7131025,
            37.2702443
          ],
          [
            -76.7130209,
            37.2702183
          ],
          [
            -76.7129208,
            37.2701871
          ],
          [
            -76.7127775,
            37.2701349
          ],
          [
            -76.7126468,
            37.2700886
          ],
          [
            -76.7125744,
            37.2700667
          ],
          [
            -76.7123128,
            37.2700001
          ],
          [
            -76.7121811,
            37.2699847
          ],
          [
            -76.7121374,
            37.2699833
          ],
          [
            -76.7120619,
            37.2699819
          ],
          [
            -76.7120644,
            37.269941
          ],
          [
            -76.7120251,
            37.2699139
          ],
          [
            -76.7119879,
            37.2699018
          ],
          [
            -76.7118276,
            37.2698921
          ],
          [
            -76.7118002,
            37.2698919
          ],
          [
            -76.7116682,
            37.2698908
          ],
          [
            -76.711593,
            37.2698914
          ],
          [
            -76.7115057,
            37.2698892
          ],
          [
            -76.7111144,
            37.2698724
          ],
          [
            -76.7110396,
            37.2698928
          ],
          [
            -76.7109915,
            37.2699613
          ]
        ]
      }
    },
    {
      "type": "Feature",
      "properties": {
        "id": 306877039,
        "highway": "footway",
        "name": null,
        "surface": null
      },
      "geometry": {
        "type": "LineString",
        "coordinates": [
          [
            -76.7135853,
            37.2729187
          ],
          [
            -76.7135135,
            37.2729186
          ],
          [
            -76.7132999,
            37.2729182
          ],
          [
            -76.7132021,
            37.272918
          ]
        ]
      }
    },
    {
      "type": "Feature",
      "properties": {
        "id": 306877055,
        "highway": "footway",
        "name": null,
        "surface": "pebblestone"
      },
      "geometry": {
        "type": "LineString",
        "coordinates": [
          [
            -76.7132262,
            37.271245
          ],
          [
            -76.7132734,
            37.2712096
          ],
          [
            -76.7133275,
            37.2711644
          ],
          [
            -76.7133372,
            37.2711456
          ],
          [
            -76.7133358,
            37.2710363
          ],
          [
            -76.7133441,
            37.2709756
          ],
          [
            -76.7133788,
            37.2709281
          ],
          [
            -76.7134034,
            37.2708814
          ],
          [
            -76.7134427,
            37.2708309
          ]
        ]
      }
    },
    {
      "type": "Feature",
      "properties": {
        "id": 306877057,
        "highway": "footway",
        "name": null,
        "surface": "pebblestone"
      },
      "geometry": {
        "type": "LineString",
        "coordinates": [
          [
            -76.7135732,
            37.2705537
          ],
          [
            -76.7135647,
            37.2705395
          ],
          [
            -76.7135412,
            37.2705328
          ]
        ]
      }
    },
    {
      "type": "Feature",
      "properties": {
        "id": 360955063,
        "highway": "footway",
        "name": null,
        "surface": null
      },
      "geometry": {
        "type": "LineString",
        "coordinates": [
          [
            -76.7099122,
            37.2739849
          ],
          [
            -76.7094079,
            37.2739337
          ]
        ]
      }
    },
    {
      "type": "Feature",
      "properties": {
        "id": 360955064,
        "highway": "footway",
        "name": null,
        "surface": null
      },
      "geometry": {
        "type": "LineString",
        "coordinates": [
          [
            -76.709381,
            37.2736875
          ],
          [
            -76.7093757,
            37.2737928
          ],
          [
            -76.709424,
            37.273859
          ],
          [
            -76.7094079,
            37.2739337
          ],
          [
            -76.7093999,
            37.2739887
          ]
        ]
      }
    },
    {
      "type": "Feature",
      "properties": {
        "id": 366553278,
        "highway": "pedestrian",
        "name": "Campus Drive",
        "surface": "asphalt"
      },
      "geometry": {
        "type": "LineString",
        "coordinates": [
          [
            -76.7143993,
            37.2703443
          ],
          [
            -76.7143922,
            37.2704024
          ],
          [
            -76.714391,
            37.270412
          ],
          [
            -76.7143722,
            37.2705124
          ],
          [
            -76.714362,
            37.2705669
          ],
          [
            -76.714339,
            37.2706416
          ],
          [
            -76.7143067,
            37.270706
          ],
          [
            -76.7142682,
            37.2707528
          ],
          [
            -76.7142581,
            37.270763
          ],
          [
            -76.7142053,
            37.2708257
          ],
          [
            -76.7141947,
            37.2708344
          ],
          [
            -76.7141258,
            37.2708909
          ],
          [
            -76.714024,
            37.2709529
          ],
          [
            -76.7138237,
            37.2710781
          ],
          [
            -76.7137326,
            37.2711553
          ]
        ]
      }
    },
    {
      "type": "Feature",
      "properties": {
        "id": 403883155,
        "highway": "service",
        "name": null,
        "surface": null
      },
      "geometry": {
        "type": "LineString",
        "coordinates": [
          [
            -76.7088891,
            37.2687308
          ],
          [
            -76.7090457,
            37.2690984
          ],
          [
            -76.7090725,
            37.2691251
          ],
          [
            -76.7091105,
            37.2691286
          ],
          [
            -76.7091454,
            37.2691094
          ],
          [
            -76.7091627,
            37.2690796
          ],
          [
            -76.7091627,
            37.2690128
          ],
          [
            -76.7090624,
            37.2687914
          ],
          [
            -76.7088891,
            37.2687308
          ]
        ]
      }
    },
    {
      "type": "Feature",
      "properties": {
        "id": 461437212,
        "highway": "footway",
        "name": null,
        "surface": null
      },
      "geometry": {
        "type": "LineString",
        "coordinates": [
          [
            -76.7074775,
            37.2720905
          ],
          [
            -76.7069431,
            37.2721302
          ]
        ]
      }
    },
    {
      "type": "Feature",
      "properties": {
        "id": 477951341,
        "highway": "footway",
        "name": null,
        "surface": "paving_stones"
      },
      "geometry": {
        "type": "LineString",
        "coordinates": [
          [
            -76.709294,
            37.2709983
          ],
          [
            -76.709438,
            37.2711662
          ]
        ]
      }
    },
    {
      "type": "Feature",
      "properties": {
        "id": 477951342,
        "highway": "footway",
        "name": null,
        "surface": "paving_stones"
      },
      "geometry": {
        "type": "LineString",
        "coordinates": [
          [
            -76.709294,
            37.2709983
          ],
          [
            -76.7092879,
            37.2711603
          ],
          [
            -76.7092871,
            37.2711762
          ],
          [
            -76.7092828,
            37.2711895
          ],
          [
            -76.7088089,
            37.2714822
          ],
          [
            -76.7087805,
            37.2715114
          ],
          [
            -76.7087416,
            37.2715599
          ]
        ]
      }
    },
    {
      "type": "Feature",
      "properties": {
        "id": 749937206,
        "highway": "footway",
        "name": null,
        "surface": null
      },
      "geometry": {
        "type": "LineString",
        "coordinates": [
          [
            -76.706481,
            37.2725953
          ],
          [
            -76.706537,
            37.2724883
          ],
          [
            -76.7065192,
            37.2722598
          ],
          [
            -76.7065118,
            37.2722603
          ],
          [
            -76.706412,
            37.2722665
          ],
          [
            -76.7059774,
            37.2722876
          ]
        ]
      }
    },
    {
      "type": "Feature",
      "properties": {
        "id": 749937207,
        "highway": "footway",
        "name": null,
        "surface": null
      },
      "geometry": {
        "type": "LineString",
        "coordinates": [
          [
            -76.7065192,
            37.2722598
          ],
          [
            -76.7067463,
            37.2722475
          ],
          [
            -76.7074821,
            37.2722152
          ]
        ]
      }
    },
    {
      "type": "Feature",
      "properties": {
        "id": 749937212,
        "highway": "footway",
        "name": null,
        "surface": null
      },
      "geometry": {
        "type": "LineString",
        "coordinates": [
          [
            -76.7059661,
            37.272175
          ],
          [
            -76.7064271,
            37.2721507
          ],
          [
            -76.7064994,
            37.2721467
          ],
          [
            -76.7069124,
            37.2721319
          ],
          [
            -76.7069431,
            37.2721302
          ]
        ]
      }
    },
    {
      "type": "Feature",
      "properties": {
        "id": 749937213,
        "highway": "footway",
        "name": null,
        "surface": "paving_stones"
      },
      "geometry": {
        "type": "LineString",
        "coordinates": [
          [
            -76.7074821,
            37.2722152
          ],
          [
            -76.7074909,
            37.2723665
          ],
          [
            -76.7075721,
            37.2734095
          ]
        ]
      }
    },
    {
      "type": "Feature",
      "properties": {
        "id": 749937214,
        "highway": "footway",
        "name": null,
        "surface": "paving_stones"
      },
      "geometry": {
        "type": "LineString",
        "coordinates": [
          [
            -76.7061303,
            37.2734846
          ],
          [
            -76.7061146,
            37.2734823
          ],
          [
            -76.7060995,
            37.2734742
          ],
          [
            -76.7060907,
            37.2734598
          ],
          [
            -76.7060525,
            37.2730679
          ],
          [
            -76.7059982,
            37.2724456
          ],
          [
            -76.7059774,
            37.2722876
          ]
        ]
      }
    },
    {
      "type": "Feature",
      "properties": {
        "id": 749937215,
        "highway": "footway",
        "name": null,
        "surface": null
      },
      "geometry": {
        "type": "LineString",
        "coordinates": [
          [
            -76.7074909,
            37.2723665
          ],
          [
            -76.707561,
            37.2723751
          ],
          [
            -76.7076605,
            37.2723873
          ]
        ]
      }
    },
    {
      "type": "Feature",
      "properties": {
        "id": 749937216,
        "highway": "footway",
        "name": null,
        "surface": "paving_stones"
      },
      "geometry": {
        "type": "LineString",
        "coordinates": [
          [
            -76.7087521,
            37.2728699
          ],
          [
            -76.7087779,
            37.2732053
          ],
          [
            -76.7088021,
            37.2735196
          ],
          [
            -76.7084043,
            37.2734882
          ],
          [
            -76.7083313,
            37.273481
          ],
          [
            -76.70809,
            37.273457
          ],
          [
            -76.7077126,
            37.2734195
          ],
          [
            -76.7076993,
            37.2732266
          ],
          [
            -76.7076875,
            37.2730546
          ]
        ]
      }
    },
    {
      "type": "Feature",
      "properties": {
        "id": 749937217,
        "highway": "footway",
        "name": null,
        "surface": "asphalt"
      },
      "geometry": {
        "type": "LineString",
        "coordinates": [
          [
            -76.7077126,
            37.2734195
          ],
          [
            -76.7076369,
            37.2734141
          ],
          [
            -76.7075721,
            37.2734095
          ]
        ]
      }
    },
    {
      "type": "Feature",
      "properties": {
        "id": 749937218,
        "highway": "footway",
        "name": null,
        "surface": "asphalt"
      },
      "geometry": {
        "type": "LineString",
        "coordinates": [
          [
            -76.7077126,
            37.2734195
          ],
          [
            -76.707723,
            37.2734869
          ],
          [
            -76.707732,
            37.2735458
          ]
        ]
      }
    },
    {
      "type": "Feature",
      "properties": {
        "id": 749937219,
        "highway": "footway",
        "name": null,
        "surface": "asphalt"
      },
      "geometry": {
        "type": "LineString",
        "coordinates": [
          [
            -76.707732,
            37.2735458
          ],
          [
            -76.7076469,
            37.2735392
          ],
          [
            -76.7075976,
            37.2735354
          ]
        ]
      }
    },
    {
      "type": "Feature",
      "properties": {
        "id": 749937220,
        "highway": "footway",
        "name": null,
        "surface": "asphalt"
      },
      "geometry": {
        "type": "LineString",
        "coordinates": [
          [
            -76.7075976,
            37.2735354
          ],
          [
            -76.7075867,
            37.2734818
          ],
          [
            -76.7075721,
            37.2734095
          ]
        ]
      }
    },
    {
      "type": "Feature",
      "properties": {
        "id": 749937224,
        "highway": "footway",
        "name": null,
        "surface": null
      },
      "geometry": {
        "type": "LineString",
        "coordinates": [
          [
            -76.7065118,
            37.2722603
          ],
          [
            -76.7065062,
            37.2722087
          ],
          [
            -76.7064994,
            37.2721467
          ]
        ]
      }
    },
    {
      "type": "Feature",
      "properties": {
        "id": 749937225,
        "highway": "footway",
        "name": null,
        "surface": null
      },
      "geometry": {
        "type": "LineString",
        "coordinates": [
          [
            -76.7064994,
            37.2721467
          ],
          [
            -76.7064516,
            37.2721128
          ],
          [
            -76.7064409,
            37.2719037
          ],
          [
            -76.7064945,
            37.2718588
          ],
          [
            -76.70645,
            37.2718188
          ],
          [
            -76.7063957,
            37.2717606
          ],
          [
            -76.7063685,
            37.27175
          ],
          [
            -76.7059417,
            37.2717725
          ]
        ]
      }
    },
    {
      "type": "Feature",
      "properties": {
        "id": 749937226,
        "highway": "footway",
        "name": null,
        "surface": null
      },
      "geometry": {
        "type": "LineString",
        "coordinates": [
          [
            -76.7063957,
            37.2717606
          ],
          [
            -76.7064005,
            37.2717336
          ],
          [
            -76.706402,
            37.2716689
          ],
          [
            -76.7064409,
            37.2715163
          ],
          [
            -76.7064174,
            37.2713085
          ]
        ]
      }
    },
    {
      "type": "Feature",
      "properties": {
        "id": 749937227,
        "highway": "footway",
        "name": null,
        "surface": null
      },
      "geometry": {
        "type": "LineString",
        "coordinates": [
          [
            -76.7063804,
            37.2709488
          ],
          [
            -76.706334,
            37.2708194
          ],
          [
            -76.7062959,
            37.27072
          ],
          [
            -76.7062949,
            37.270706
          ],
          [
            -76.7062778,
            37.2704727
          ],
          [
            -76.7062698,
            37.2703627
          ]
        ]
      }
    },
    {
      "type": "Feature",
      "properties": {
        "id": 749937229,
        "highway": "footway",
        "name": null,
        "surface": null
      },
      "geometry": {
        "type": "LineString",
        "coordinates": [
          [
            -76.7073397,
            37.2704084
          ],
          [
            -76.7073254,
            37.2702117
          ],
          [
            -76.7073138,
            37.2700734
          ],
          [
            -76.7072881,
            37.2697538
          ],
          [
            -76.7072805,
            37.269724
          ],
          [
            -76.7072644,
            37.2697061
          ],
          [
            -76.7072443,
            37.2696901
          ],
          [
            -76.7072217,
            37.2696906
          ],
          [
            -76.7070716,
            37.269694
          ],
          [
            -76.7065382,
            37.2697105
          ],
          [
            -76.7063842,
            37.2697251
          ],
          [
            -76.7058276,
            37.2697504
          ],
          [
            -76.705808,
            37.2697564
          ],
          [
            -76.7057866,
            37.2697657
          ]
        ]
      }
    },
    {
      "type": "Feature",
      "properties": {
        "id": 749937230,
        "highway": "footway",
        "name": null,
        "surface": null
      },
      "geometry": {
        "type": "LineString",
        "coordinates": [
          [
            -76.7063842,
            37.2697251
          ],
          [
            -76.7064395,
            37.2702954
          ],
          [
            -76.706265,
            37.2703023
          ],
          [
            -76.7057904,
            37.270321
          ],
          [
            -76.7057754,
            37.2697954
          ],
          [
            -76.7057805,
            37.269781
          ],
          [
            -76.7057866,
            37.2697657
          ]
        ]
      }
    },
    {
      "type": "Feature",
      "properties": {
        "id": 749937231,
        "highway": "footway",
        "name": null,
        "surface": null
      },
      "geometry": {
        "type": "LineString",
        "coordinates": [
          [
            -76.7062698,
            37.2703627
          ],
          [
            -76.706265,
            37.2703023
          ]
        ]
      }
    },
    {
      "type": "Feature",
      "properties": {
        "id": 749937232,
        "highway": "footway",
        "name": null,
        "surface": "paving_stones"
      },
      "geometry": {
        "type": "LineString",
        "coordinates": [
          [
            -76.707123,
            37.2704401
          ],
          [
            -76.7069546,
            37.2704452
          ],
          [
            -76.7069417,
            37.2703389
          ],
          [
            -76.7068593,
            37.2703424
          ],
          [
            -76.706849,
            37.2703202
          ],
          [
            -76.70663,
            37.2703274
          ],
          [
            -76.7065844,
            37.2703893
          ],
          [
            -76.7064664,
            37.2704085
          ],
          [
            -76.706461,
            37.270464
          ],
          [
            -76.7062778,
            37.2704727
          ]
        ]
      }
    },
    {
      "type": "Feature",
      "properties": {
        "id": 749937233,
        "highway": "footway",
        "name": null,
        "surface": null
      },
      "geometry": {
        "type": "LineString",
        "coordinates": [
          [
            -76.7073626,
            37.2709965
          ],
          [
            -76.7072662,
            37.2710047
          ],
          [
            -76.7068252,
            37.2710503
          ],
          [
            -76.7063959,
            37.2710689
          ],
          [
            -76.7058791,
            37.2710924
          ]
        ]
      }
    },
    {
      "type": "Feature",
      "properties": {
        "id": 749938239,
        "highway": "footway",
        "name": null,
        "surface": "paving_stones"
      },
      "geometry": {
        "type": "LineString",
        "coordinates": [
          [
            -76.7057864,
            37.2696066
          ],
          [
            -76.7058189,
            37.2696213
          ],
          [
            -76.7062638,
            37.2696053
          ],
          [
            -76.7063728,
            37.2696028
          ]
        ]
      }
    },
    {
      "type": "Feature",
      "properties": {
        "id": 749940306,
        "highway": "footway",
        "name": null,
        "surface": null
      },
      "geometry": {
        "type": "LineString",
        "coordinates": [
          [
            -76.7074491,
            37.2716256
          ],
          [
            -76.7074775,
            37.2720905
          ]
        ]
      }
    },
    {
      "type": "Feature",
      "properties": {
        "id": 767390193,
        "highway": "pedestrian",
        "name": "Merchants Square",
        "surface": "asphalt"
      },
      "geometry": {
        "type": "LineString",
        "coordinates": [
          [
            -76.7058466,
            37.2710939
          ],
          [
            -76.7058796,
            37.2710976
          ],
          [
            -76.7058861,
            37.2710976
          ],
          [
            -76.706181,
            37.271088
          ],
          [
            -76.7061771,
            37.2711081
          ],
          [
            -76.7061849,
            37.2712264
          ],
          [
            -76.7063872,
            37.2712178
          ],
          [
            -76.7063817,
            37.2711349
          ],
          [
            -76.706402,
            37.271134
          ],
          [
            -76.7068686,
            37.2711144
          ],
          [
            -76.7069172,
            37.2711114
          ],
          [
            -76.7069125,
            37.2710564
          ],
          [
            -76.7073894,
            37.2710308
          ],
          [
            -76.7073787,
            37.2710137
          ],
          [
            -76.7073626,
            37.2709965
          ],
          [
            -76.7073417,
            37.2709802
          ],
          [
            -76.7073232,
            37.2709574
          ],
          [
            -76.7073114,
            37.270936
          ],
          [
            -76.7073089,
            37.2709165
          ],
          [
            -76.7073055,
            37.2708964
          ],
          [
            -76.7073021,
            37.2708677
          ],
          [
            -76.707303,
            37.2708389
          ],
          [
            -76.7073106,
            37.2708234
          ],
          [
            -76.7073257,
            37.2708027
          ],
          [
            -76.7073476,
            37.2707799
          ],
          [
            -76.7073623,
            37.2707676
          ],
          [
            -76.7073754,
            37.2707591
          ],
          [
            -76.7073804,
            37.2707538
          ],
          [
            -76.7073804,
            37.2707391
          ],
          [
            -76.7073668,
            37.2707403
          ],
          [
            -76.7073551,
            37.2707414
          ],
          [
            -76.7073197,
            37.2707444
          ],
          [
            -76.7071497,
            37.2707524
          ],
          [
            -76.7071414,
            37.270752
          ],
          [
            -76.7070892,
            37.2707571
          ],
          [
            -76.707085,
            37.2707464
          ],
          [
            -76.7069946,
            37.2707506
          ],
          [
            -76.7069893,
            37.270679
          ],
          [
            -76.7068307,
            37.2706864
          ],
          [
            -76.7068337,
            37.2707275
          ],
          [
            -76.7066997,
            37.2707337
          ],
          [
            -76.7066974,
            37.2707018
          ],
          [
            -76.7066669,
            37.2707032
          ],
          [
            -76.7066686,
            37.2707271
          ],
          [
            -76.7064997,
            37.270735
          ],
          [
            -76.7064952,
            37.2706728
          ],
          [
            -76.7064395,
            37.2706754
          ],
          [
            -76.7064413,
            37.2706997
          ],
          [
            -76.7063243,
            37.2707051
          ],
          [
            -76.7062949,
            37.270706
          ],
          [
            -76.7062413,
            37.2707077
          ],
          [
            -76.7062426,
            37.2707289
          ],
          [
            -76.7061633,
            37.270732
          ],
          [
            -76.7061623,
            37.2707169
          ],
          [
            -76.7060159,
            37.2707226
          ],
          [
            -76.706017,
            37.2707406
          ],
          [
            -76.7060058,
            37.2707439
          ],
          [
            -76.7060075,
            37.2707721
          ],
          [
            -76.7059011,
            37.2707763
          ],
          [
            -76.7058997,
            37.270753
          ],
          [
            -76.7058867,
            37.2707535
          ],
          [
            -76.7058628,
            37.270754
          ],
          [
            -76.7058116,
            37.2707551
          ],
          [
            -76.7058243,
            37.2708455
          ],
          [
            -76.7058258,
            37.2708557
          ],
          [
            -76.7058383,
            37.2709614
          ],
          [
            -76.7058466,
            37.2710939
          ]
        ]
      }
    },
    {
      "type": "Feature",
      "properties": {
        "id": 961074109,
        "highway": "footway",
        "name": null,
        "surface": "asphalt"
      },
      "geometry": {
        "type": "LineString",
        "coordinates": [
          [
            -76.7118069,
            37.2686628
          ],
          [
            -76.7118416,
            37.2687201
          ],
          [
            -76.7118683,
            37.2687641
          ]
        ]
      }
    },
    {
      "type": "Feature",
      "properties": {
        "id": 961074110,
        "highway": "footway",
        "name": null,
        "surface": "asphalt"
      },
      "geometry": {
        "type": "LineString",
        "coordinates": [
          [
            -76.7124535,
            37.2683937
          ],
          [
            -76.7125377,
            37.2683588
          ],
          [
            -76.712599,
            37.2683334
          ]
        ]
      }
    },
    {
      "type": "Feature",
      "properties": {
        "id": 961074111,
        "highway": "footway",
        "name": null,
        "surface": "asphalt"
      },
      "geometry": {
        "type": "LineString",
        "coordinates": [
          [
            -76.712599,
            37.2683334
          ],
          [
            -76.7126314,
            37.268392
          ],
          [
            -76.7126604,
            37.2684442
          ]
        ]
      }
    },
    {
      "type": "Feature",
      "properties": {
        "id": 961074112,
        "highway": "footway",
        "name": null,
        "surface": "asphalt"
      },
      "geometry": {
        "type": "LineString",
        "coordinates": [
          [
            -76.7118069,
            37.2686628
          ],
          [
            -76.7117512,
            37.2686857
          ],
          [
            -76.711693,
            37.2687097
          ]
        ]
      }
    },
    {
      "type": "Feature",
      "properties": {
        "id": 1042422349,
        "highway": "footway",
        "name": null,
        "surface": "pebblestone"
      },
      "geometry": {
        "type": "LineString",
        "coordinates": [
          [
            -76.7141708,
            37.2707726
          ],
          [
            -76.7139812,
            37.2708134
          ]
        ]
      }
    },
    {
      "type": "Feature",
      "properties": {
        "id": 1042422350,
        "highway": "footway",
        "name": null,
        "surface": "dirt"
      },
      "geometry": {
        "type": "LineString",
        "coordinates": [
          [
            -76.7139812,
            37.2708134
          ],
          [
            -76.7137734,
            37.2708598
          ],
          [
            -76.7136772,
            37.2709083
          ],
          [
            -76.7136205,
            37.2709806
          ],
          [
            -76.7135922,
            37.2710604
          ],
          [
            -76.7135766,
            37.2711026
          ],
          [
            -76.7135108,
            37.2712001
          ]
        ]
      }
    },
    {
      "type": "Feature",
      "properties": {
        "id": 1042775445,
        "highway": "footway",
        "name": null,
        "surface": "dirt"
      },
      "geometry": {
        "type": "LineString",
        "coordinates": [
          [
            -76.7135287,
            37.270503
          ],
          [
            -76.7135612,
            37.2703541
          ]
        ]
      }
    },
    {
      "type": "Feature",
      "properties": {
        "id": 1042775446,
        "highway": "steps",
        "name": null,
        "surface": "wood"
      },
      "geometry": {
        "type": "LineString",
        "coordinates": [
          [
            -76.7135412,
            37.2705328
          ],
          [
            -76.7135287,
            37.270503
          ]
        ]
      }
    },
    {
      "type": "Feature",
      "properties": {
        "id": 1042775447,
        "highway": "footway",
        "name": "Crim Dell Bridge",
        "surface": "wood"
      },
      "geometry": {
        "type": "LineString",
        "coordinates": [
          [
            -76.7134296,
            37.2706875
          ],
          [
            -76.7135732,
            37.2705537
          ]
        ]
      }
    },
    {
      "type": "Feature",
      "properties": {
        "id": 1042775448,
        "highway": "footway",
        "name": null,
        "surface": "pebblestone"
      },
      "geometry": {
        "type": "LineString",
        "coordinates": [
          [
            -76.7134007,
            37.2707181
          ],
          [
            -76.7133469,
            37.2706984
          ]
        ]
      }
    },
    {
      "type": "Feature",
      "properties": {
        "id": 1042775449,
        "highway": "footway",
        "name": null,
        "surface": "pebblestone"
      },
      "geometry": {
        "type": "LineString",
        "coordinates": [
          [
            -76.7134088,
            37.2707497
          ],
          [
            -76.7134007,
            37.2707181
          ],
          [
            -76.7134296,
            37.2706875
          ]
        ]
      }
    },
    {
      "type": "Feature",
      "properties": {
        "id": 1042775450,
        "highway": "steps",
        "name": null,
        "surface": "wood"
      },
      "geometry": {
        "type": "LineString",
        "coordinates": [
          [
            -76.7134427,
            37.2708309
          ],
          [
            -76.7134393,
            37.2707949
          ],
          [
            -76.7134088,
            37.2707497
          ]
        ]
      }
    },
    {
      "type": "Feature",
      "properties": {
        "id": 1042775451,
        "highway": "steps",
        "name": null,
        "surface": "wood"
      },
      "geometry": {
        "type": "LineString",
        "coordinates": [
          [
            -76.7133108,
            37.2713145
          ],
          [
            -76.7132651,
            37.2712941
          ],
          [
            -76.7132179,
            37.2712726
          ],
          [
            -76.7132262,
            37.271245
          ]
        ]
      }
    },
    {
      "type": "Feature",
      "properties": {
        "id": 1042775452,
        "highway": "footway",
        "name": null,
        "surface": null
      },
      "geometry": {
        "type": "LineString",
        "coordinates": [
          [
            -76.7133303,
            37.2713223
          ],
          [
            -76.7133108,
            37.2713145
          ]
        ]
      }
    },
    {
      "type": "Feature",
      "properties": {
        "id": 1042775453,
        "highway": "footway",
        "name": null,
        "surface": "stepping_stones"
      },
      "geometry": {
        "type": "LineString",
        "coordinates": [
          [
            -76.7135108,
            37.2712001
          ],
          [
            -76.713447,
            37.2712921
          ],
          [
            -76.7134038,
            37.2713234
          ],
          [
            -76.713365,
            37.27133
          ],
          [
            -76.7133303,
            37.2713223
          ]
        ]
      }
    },
    {
      "type": "Feature",
      "properties": {
        "id": 1042775456,
        "highway": "footway",
        "name": null,
        "surface": "dirt"
      },
      "geometry": {
        "type": "LineString",
        "coordinates": [
          [
            -76.7134034,
            37.2708814
          ],
          [
            -76.7133525,
            37.270874
          ],
          [
            -76.713297,
            37.2708795
          ]
        ]
      }
    },
    {
      "type": "Feature",
      "properties": {
        "id": 1042775458,
        "highway": "footway",
        "name": null,
        "surface": "dirt"
      },
      "geometry": {
        "type": "LineString",
        "coordinates": [
          [
            -76.7133372,
            37.2711456
          ],
          [
            -76.7133025,
            37.2711423
          ],
          [
            -76.7132429,
            37.2711412
          ]
        ]
      }
    },
    {
      "type": "Feature",
      "properties": {
        "id": 1042775459,
        "highway": "footway",
        "name": null,
        "surface": null
      },
      "geometry": {
        "type": "LineString",
        "coordinates": [
          [
            -76.712853,
            37.27063
          ],
          [
            -76.7126614,
            37.2706703
          ]
        ]
      }
    },
    {
      "type": "Feature",
      "properties": {
        "id": 1042775460,
        "highway": "footway",
        "name": null,
        "surface": "dirt"
      },
      "geometry": {
        "type": "LineString",
        "coordinates": [
          [
            -76.7132179,
            37.2712726
          ],
          [
            -76.7130856,
            37.271256
          ]
        ]
      }
    },
    {
      "type": "Feature",
      "properties": {
        "id": 1042775461,
        "highway": "steps",
        "name": null,
        "surface": "wood"
      },
      "geometry": {
        "type": "LineString",
        "coordinates": [
          [
            -76.7132096,
            37.2706708
          ],
          [
            -76.7132194,
            37.2706044
          ]
        ]
      }
    },
    {
      "type": "Feature",
      "properties": {
        "id": 1042775462,
        "highway": "footway",
        "name": null,
        "surface": "dirt"
      },
      "geometry": {
        "type": "LineString",
        "coordinates": [
          [
            -76.7133469,
            37.2706984
          ],
          [
            -76.7132956,
            37.2706786
          ],
          [
            -76.7132581,
            37.2706841
          ],
          [
            -76.7132096,
            37.2706708
          ],
          [
            -76.7131263,
            37.2706598
          ],
          [
            -76.7130486,
            37.2706466
          ],
          [
            -76.7129584,
            37.2706311
          ],
          [
            -76.712853,
            37.27063
          ]
        ]
      }
    },
    {
      "type": "Feature",
      "properties": {
        "id": 1044088790,
        "highway": "path",
        "name": null,
        "surface": null
      },
      "geometry": {
        "type": "LineString",
        "coordinates": [
          [
            -76.7071056,
            37.2689038
          ],
          [
            -76.7072962,
            37.2688931
          ]
        ]
      }
    },
    {
      "type": "Feature",
      "properties": {
        "id": 1045880024,
        "highway": "steps",
        "name": null,
        "surface": "wood"
      },
      "geometry": {
        "type": "LineString",
        "coordinates": [
          [
            -76.7150393,
            37.2705461
          ],
          [
            -76.7150198,
            37.270592
          ]
        ]
      }
    },
    {
      "type": "Feature",
      "properties": {
        "id": 1049393898,
        "highway": "footway",
        "name": null,
        "surface": "ground"
      },
      "geometry": {
        "type": "LineString",
        "coordinates": [
          [
            -76.7123994,
            37.2705457
          ],
          [
            -76.7124254,
            37.2705467
          ],
          [
            -76.7124582,
            37.2705502
          ],
          [
            -76.7124907,
            37.270562
          ]
        ]
      }
    },
    {
      "type": "Feature",
      "properties": {
        "id": 1049452047,
        "highway": "footway",
        "name": null,
        "surface": "ground"
      },
      "geometry": {
        "type": "LineString",
        "coordinates": [
          [
            -76.7127054,
            37.2719279
          ],
          [
            -76.7127362,
            37.2719107
          ],
          [
            -76.7127755,
            37.2718877
          ],
          [
            -76.7128085,
            37.2718729
          ],
          [
            -76.7128541,
            37.271855
          ],
          [
            -76.7129003,
            37.2718389
          ],
          [
            -76.7129396,
            37.2718221
          ],
          [
            -76.7129817,
            37.2717959
          ],
          [
            -76.7130217,
            37.2717713
          ],
          [
            -76.7130602,
            37.271749
          ],
          [
            -76.7131023,
            37.2717434
          ],
          [
            -76.7131395,
            37.2717485
          ],
          [
            -76.713171,
            37.2717485
          ],
          [
            -76.7132012,
            37.2717423
          ],
          [
            -76.7132168,
            37.2717324
          ]
        ]
      }
    },
    {
      "type": "Feature",
      "properties": {
        "id": 1049452048,
        "highway": "footway",
        "name": null,
        "surface": null
      },
      "geometry": {
        "type": "LineString",
        "coordinates": [
          [
            -76.7132096,
            37.2706708
          ],
          [
            -76.7131898,
            37.2707079
          ],
          [
            -76.7131491,
            37.2707362
          ],
          [
            -76.7131065,
            37.2707372
          ],
          [
            -76.713043,
            37.2707258
          ],
          [
            -76.7129325,
            37.2707188
          ],
          [
            -76.7128493,
            37.2707196
          ],
          [
            -76.712824,
            37.2707233
          ]
        ]
      }
    },
    {
      "type": "Feature",
      "properties": {
        "id": 1049452049,
        "highway": "footway",
        "name": null,
        "surface": null
      },
      "geometry": {
        "type": "LineString",
        "coordinates": [
          [
            -76.712824,
            37.2707233
          ],
          [
            -76.7127049,
            37.2707515
          ]
        ]
      }
    },
    {
      "type": "Feature",
      "properties": {
        "id": 1049798788,
        "highway": "footway",
        "name": null,
        "surface": "paving_stones"
      },
      "geometry": {
        "type": "LineString",
        "coordinates": [
          [
            -76.7115423,
            37.2689577
          ],
          [
            -76.7115768,
            37.2689436
          ],
          [
            -76.7118612,
            37.2688269
          ],
          [
            -76.711898,
            37.2688122
          ],
          [
            -76.7119569,
            37.268788
          ],
          [
            -76.7120529,
            37.2687486
          ],
          [
            -76.7122407,
            37.2686726
          ],
          [
            -76.7125206,
            37.2685589
          ],
          [
            -76.7125535,
            37.2685456
          ],
          [
            -76.7126167,
            37.2685201
          ],
          [
            -76.7126871,
            37.2684884
          ],
          [
            -76.7128116,
            37.2684324
          ],
          [
            -76.71294,
            37.2683734
          ],
          [
            -76.713084,
            37.2683053
          ],
          [
            -76.7132941,
            37.2682047
          ],
          [
            -76.7134107,
            37.2681485
          ],
          [
            -76.7134118,
            37.2681611
          ],
          [
            -76.7134107,
            37.2682485
          ],
          [
            -76.7134032,
            37.2685424
          ],
          [
            -76.7133951,
            37.2689164
          ],
          [
            -76.7133929,
            37.2689924
          ],
          [
            -76.7133914,
            37.2691572
          ],
          [
            -76.7133929,
            37.2693917
          ],
          [
            -76.7133858,
            37.2694285
          ],
          [
            -76.7133702,
            37.2694583
          ],
          [
            -76.7132932,
            37.2694492
          ],
          [
            -76.7132287,
            37.2694612
          ],
          [
            -76.7132153,
            37.2694711
          ],
          [
            -76.7131893,
            37.2694903
          ],
          [
            -76.7131653,
            37.269542
          ],
          [
            -76.7131543,
            37.2695743
          ],
          [
            -76.713136,
            37.2696093
          ]
        ]
      }
    },
    {
      "type": "Feature",
      "properties": {
        "id": 1049798789,
        "highway": "footway",
        "name": null,
        "surface": "paving_stones"
      },
      "geometry": {
        "type": "LineString",
        "coordinates": [
          [
            -76.7133914,
            37.2691572
          ],
          [
            -76.7136599,
            37.2691571
          ],
          [
            -76.7137634,
            37.2691569
          ],
          [
            -76.7139781,
            37.2691564
          ],
          [
            -76.7143453,
            37.2691593
          ],
          [
            -76.714379,
            37.2691596
          ],
          [
            -76.7147181,
            37.2691623
          ],
          [
            -76.7147939,
            37.269163
          ],
          [
            -76.7148448,
            37.2691601
          ],
          [
            -76.7149054,
            37.2691369
          ]
        ]
      }
    },
    {
      "type": "Feature",
      "properties": {
        "id": 1049798790,
        "highway": "footway",
        "name": null,
        "surface": "paving_stones"
      },
      "geometry": {
        "type": "LineString",
        "coordinates": [
          [
            -76.7149589,
            37.2703259
          ],
          [
            -76.7150321,
            37.270207
          ],
          [
            -76.7151105,
            37.2700737
          ],
          [
            -76.7151579,
            37.27001
          ],
          [
            -76.7152192,
            37.2699546
          ],
          [
            -76.7153447,
            37.2698624
          ],
          [
            -76.7153967,
            37.2698099
          ],
          [
            -76.7155205,
            37.2696635
          ],
          [
            -76.7155846,
            37.2696258
          ],
          [
            -76.7156349,
            37.2696862
          ],
          [
            -76.7158737,
            37.2695638
          ],
          [
            -76.7159953,
            37.2695041
          ],
          [
            -76.7160849,
            37.2694601
          ],
          [
            -76.7160828,
            37.2694307
          ],
          [
            -76.7160934,
            37.2694161
          ],
          [
            -76.7161136,
            37.2694042
          ],
          [
            -76.7161565,
            37.2693986
          ],
          [
            -76.7161927,
            37.269407
          ],
          [
            -76.7163444,
            37.269332
          ],
          [
            -76.7166314,
            37.2691882
          ],
          [
            -76.7166456,
            37.269182
          ],
          [
            -76.7166853,
            37.2692316
          ],
          [
            -76.7167427,
            37.2693032
          ],
          [
            -76.7168185,
            37.2694003
          ],
          [
            -76.7168951,
            37.2694973
          ],
          [
            -76.716983,
            37.2696067
          ],
          [
            -76.7170496,
            37.2696936
          ],
          [
            -76.7170992,
            37.2697584
          ],
          [
            -76.717115,
            37.2697715
          ]
        ]
      }
    },
    {
      "type": "Feature",
      "properties": {
        "id": 1049798794,
        "highway": "footway",
        "name": null,
        "surface": "paving_stones"
      },
      "geometry": {
        "type": "LineString",
        "coordinates": [
          [
            -76.7166314,
            37.2691882
          ],
          [
            -76.7165571,
            37.2691794
          ],
          [
            -76.7162581,
            37.2691475
          ],
          [
            -76.7159555,
            37.2691148
          ]
        ]
      }
    },
    {
      "type": "Feature",
      "properties": {
        "id": 1049798795,
        "highway": "footway",
        "name": null,
        "surface": "paving_stones"
      },
      "geometry": {
        "type": "LineString",
        "coordinates": [
          [
            -76.716377,
            37.2688548
          ],
          [
            -76.7159431,
            37.2690723
          ]
        ]
      }
    },
    {
      "type": "Feature",
      "properties": {
        "id": 1049798796,
        "highway": "footway",
        "name": null,
        "surface": "paving_stones"
      },
      "geometry": {
        "type": "LineString",
        "coordinates": [
          [
            -76.7158947,
            37.2690438
          ],
          [
            -76.7159937,
            37.2688165
          ],
          [
            -76.7161108,
            37.2685325
          ],
          [
            -76.7161211,
            37.2685277
          ]
        ]
      }
    },
    {
      "type": "Feature",
      "properties": {
        "id": 1049798797,
        "highway": "footway",
        "name": null,
        "surface": "paving_stones"
      },
      "geometry": {
        "type": "LineString",
        "coordinates": [
          [
            -76.7158281,
            37.2690518
          ],
          [
            -76.7156197,
            37.2687947
          ],
          [
            -76.7156038,
            37.2687745
          ],
          [
            -76.715232,
            37.2689674
          ],
          [
            -76.7151112,
            37.2690301
          ],
          [
            -76.7150034,
            37.2690861
          ],
          [
            -76.7149054,
            37.2691369
          ]
        ]
      }
    },
    {
      "type": "Feature",
      "properties": {
        "id": 1049798799,
        "highway": "footway",
        "name": null,
        "surface": "paving_stones"
      },
      "geometry": {
        "type": "LineString",
        "coordinates": [
          [
            -76.7151112,
            37.2690301
          ],
          [
            -76.7153479,
            37.2693286
          ]
        ]
      }
    },
    {
      "type": "Feature",
      "properties": {
        "id": 1049798800,
        "highway": "footway",
        "name": null,
        "surface": "paving_stones"
      },
      "geometry": {
        "type": "LineString",
        "coordinates": [
          [
            -76.71579,
            37.2691001
          ],
          [
            -76.7154876,
            37.2690689
          ],
          [
            -76.7151112,
            37.2690301
          ]
        ]
      }
    },
    {
      "type": "Feature",
      "properties": {
        "id": 1049798801,
        "highway": "footway",
        "name": null,
        "surface": "paving_stones"
      },
      "geometry": {
        "type": "LineString",
        "coordinates": [
          [
            -76.7158005,
            37.2691408
          ],
          [
            -76.7153831,
            37.2693551
          ]
        ]
      }
    },
    {
      "type": "Feature",
      "properties": {
        "id": 1049798802,
        "highway": "footway",
        "name": null,
        "surface": "paving_stones"
      },
      "geometry": {
        "type": "LineString",
        "coordinates": [
          [
            -76.7156038,
            37.2687745
          ],
          [
            -76.7161108,
            37.2685325
          ]
        ]
      }
    },
    {
      "type": "Feature",
      "properties": {
        "id": 1049798816,
        "highway": "footway",
        "name": null,
        "surface": null
      },
      "geometry": {
        "type": "LineString",
        "coordinates": [
          [
            -76.716377,
            37.2688548
          ],
          [
            -76.7163251,
            37.2688468
          ],
          [
            -76.7159937,
            37.2688165
          ],
          [
            -76.7156712,
            37.2687864
          ],
          [
            -76.7156197,
            37.2687947
          ]
        ]
      }
    },
    {
      "type": "Feature",
      "properties": {
        "id": 1049798817,
        "highway": "footway",
        "name": null,
        "surface": "paving_stones"
      },
      "geometry": {
        "type": "LineString",
        "coordinates": [
          [
            -76.7156197,
            37.2687947
          ],
          [
            -76.7155833,
            37.2688409
          ],
          [
            -76.7154876,
            37.2690689
          ],
          [
            -76.7153835,
            37.2693223
          ],
          [
            -76.7153831,
            37.2693551
          ]
        ]
      }
    },
    {
      "type": "Feature",
      "properties": {
        "id": 1049798818,
        "highway": "footway",
        "name": null,
        "surface": "paving_stones"
      },
      "geometry": {
        "type": "LineString",
        "coordinates": [
          [
            -76.7161136,
            37.2694042
          ],
          [
            -76.7159188,
            37.269163
          ]
        ]
      }
    },
    {
      "type": "Feature",
      "properties": {
        "id": 1049798819,
        "highway": "footway",
        "name": null,
        "surface": "paving_stones"
      },
      "geometry": {
        "type": "LineString",
        "coordinates": [
          [
            -76.7160828,
            37.2694307
          ],
          [
            -76.7157535,
            37.2693996
          ],
          [
            -76.715427,
            37.269365
          ],
          [
            -76.7153831,
            37.2693551
          ]
        ]
      }
    },
    {
      "type": "Feature",
      "properties": {
        "id": 1049798820,
        "highway": "footway",
        "name": null,
        "surface": "paving_stones"
      },
      "geometry": {
        "type": "LineString",
        "coordinates": [
          [
            -76.7155209,
            37.2695458
          ],
          [
            -76.7155713,
            37.2696078
          ],
          [
            -76.7155846,
            37.2696258
          ],
          [
            -76.7156349,
            37.2696862
          ]
        ]
      }
    },
    {
      "type": "Feature",
      "properties": {
        "id": 1049798821,
        "highway": "footway",
        "name": null,
        "surface": "paving_stones"
      },
      "geometry": {
        "type": "LineString",
        "coordinates": [
          [
            -76.7158468,
            37.2691707
          ],
          [
            -76.7157535,
            37.2693996
          ],
          [
            -76.7156349,
            37.2696862
          ]
        ]
      }
    },
    {
      "type": "Feature",
      "properties": {
        "id": 1049798824,
        "highway": "footway",
        "name": null,
        "surface": "paving_stones"
      },
      "geometry": {
        "type": "LineString",
        "coordinates": [
          [
            -76.7169512,
            37.2700809
          ],
          [
            -76.7169169,
            37.2701022
          ],
          [
            -76.716802,
            37.270167
          ],
          [
            -76.7166702,
            37.2702347
          ],
          [
            -76.716515,
            37.2702985
          ],
          [
            -76.7163428,
            37.2703582
          ],
          [
            -76.7162425,
            37.2703884
          ],
          [
            -76.7161066,
            37.2704201
          ],
          [
            -76.7159428,
            37.2704485
          ],
          [
            -76.7157848,
            37.2704633
          ],
          [
            -76.7156357,
            37.2704705
          ],
          [
            -76.7154889,
            37.2704684
          ],
          [
            -76.715312,
            37.2704635
          ],
          [
            -76.715171,
            37.2704508
          ],
          [
            -76.715079,
            37.2704354
          ],
          [
            -76.7149468,
            37.2704036
          ],
          [
            -76.7149075,
            37.2703907
          ],
          [
            -76.7148727,
            37.2703797
          ],
          [
            -76.7147452,
            37.2703458
          ],
          [
            -76.7146934,
            37.270334
          ],
          [
            -76.7146112,
            37.2703176
          ],
          [
            -76.7145396,
            37.2703199
          ],
          [
            -76.7144995,
            37.2703381
          ],
          [
            -76.7144765,
            37.270365
          ],
          [
            -76.7144602,
            37.2703943
          ],
          [
            -76.7144536,
            37.2704277
          ],
          [
            -76.7144482,
            37.2704547
          ],
          [
            -76.7144361,
            37.2704976
          ],
          [
            -76.7144234,
            37.2705438
          ],
          [
            -76.714417,
            37.2705715
          ]
        ]
      }
    },
    {
      "type": "Feature",
      "properties": {
        "id": 1049798826,
        "highway": "footway",
        "name": null,
        "surface": null
      },
      "geometry": {
        "type": "LineString",
        "coordinates": [
          [
            -76.7146934,
            37.270334
          ],
          [
            -76.7146863,
            37.2703661
          ],
          [
            -76.7146395,
            37.2704045
          ],
          [
            -76.7145658,
            37.2704271
          ],
          [
            -76.7145042,
            37.2704333
          ],
          [
            -76.7144536,
            37.2704277
          ]
        ]
      }
    },
    {
      "type": "Feature",
      "properties": {
        "id": 1049798827,
        "highway": "footway",
        "name": null,
        "surface": null
      },
      "geometry": {
        "type": "LineString",
        "coordinates": [
          [
            -76.7150719,
            37.2704582
          ],
          [
            -76.715079,
            37.2704354
          ]
        ]
      }
    },
    {
      "type": "Feature",
      "properties": {
        "id": 1049798828,
        "highway": "footway",
        "name": null,
        "surface": "paving_stones"
      },
      "geometry": {
        "type": "LineString",
        "coordinates": [
          [
            -76.7149958,
            37.2703329
          ],
          [
            -76.7150517,
            37.2703428
          ],
          [
            -76.7150698,
            37.2703461
          ],
          [
            -76.7151555,
            37.2703609
          ],
          [
            -76.7152737,
            37.2703755
          ],
          [
            -76.7153993,
            37.2703853
          ],
          [
            -76.7155285,
            37.2703869
          ],
          [
            -76.7156343,
            37.2703826
          ],
          [
            -76.7158111,
            37.2703641
          ],
          [
            -76.7159463,
            37.2703491
          ],
          [
            -76.716108,
            37.2703156
          ],
          [
            -76.7161638,
            37.2703001
          ]
        ]
      }
    },
    {
      "type": "Feature",
      "properties": {
        "id": 1049798829,
        "highway": "footway",
        "name": null,
        "surface": null
      },
      "geometry": {
        "type": "LineString",
        "coordinates": [
          [
            -76.7149958,
            37.2703329
          ],
          [
            -76.7149543,
            37.2703584
          ],
          [
            -76.7149075,
            37.2703907
          ]
        ]
      }
    },
    {
      "type": "Feature",
      "properties": {
        "id": 1049798830,
        "highway": "footway",
        "name": null,
        "surface": "paving_stones"
      },
      "geometry": {
        "type": "LineString",
        "coordinates": [
          [
            -76.7145958,
            37.2701997
          ],
          [
            -76.7145049,
            37.2701615
          ],
          [
            -76.7143189,
            37.2700866
          ],
          [
            -76.7141107,
            37.2700086
          ],
          [
            -76.7136715,
            37.2698273
          ],
          [
            -76.7134662,
            37.2697427
          ],
          [
            -76.7133643,
            37.2697015
          ],
          [
            -76.713136,
            37.2696093
          ],
          [
            -76.7129534,
            37.2695308
          ],
          [
            -76.712777,
            37.2694596
          ],
          [
            -76.7125669,
            37.2693773
          ],
          [
            -76.7125005,
            37.2693508
          ]
        ]
      }
    },
    {
      "type": "Feature",
      "properties": {
        "id": 1049798831,
        "highway": "footway",
        "name": null,
        "surface": "paving_stones"
      },
      "geometry": {
        "type": "LineString",
        "coordinates": [
          [
            -76.7128772,
            37.2699347
          ],
          [
            -76.7128658,
            37.2699218
          ],
          [
            -76.7126459,
            37.2698297
          ],
          [
            -76.7122912,
            37.2696836
          ],
          [
            -76.7119267,
            37.2695393
          ],
          [
            -76.711817,
            37.269496
          ],
          [
            -76.7116008,
            37.2694174
          ],
          [
            -76.7115894,
            37.2694342
          ],
          [
            -76.7115357,
            37.269522
          ],
          [
            -76.711515,
            37.2695583
          ],
          [
            -76.7115052,
            37.2695911
          ],
          [
            -76.7115036,
            37.2696182
          ],
          [
            -76.7115051,
            37.2697494
          ],
          [
            -76.7115057,
            37.2698892
          ]
        ]
      }
    },
    {
      "type": "Feature",
      "properties": {
        "id": 1049798832,
        "highway": "footway",
        "name": null,
        "surface": "asphalt"
      },
      "geometry": {
        "type": "LineString",
        "coordinates": [
          [
            -76.713136,
            37.2696093
          ],
          [
            -76.7130843,
            37.2696578
          ],
          [
            -76.7130373,
            37.2697044
          ]
        ]
      }
    },
    {
      "type": "Feature",
      "properties": {
        "id": 1049798833,
        "highway": "footway",
        "name": null,
        "surface": "paving_stones"
      },
      "geometry": {
        "type": "LineString",
        "coordinates": [
          [
            -76.7128772,
            37.2699347
          ],
          [
            -76.7128466,
            37.2699614
          ],
          [
            -76.7128044,
            37.2699988
          ],
          [
            -76.7127502,
            37.2700278
          ],
          [
            -76.7126887,
            37.2700555
          ],
          [
            -76.7126468,
            37.2700886
          ],
          [
            -76.7126255,
            37.2701283
          ],
          [
            -76.7125875,
            37.2701837
          ],
          [
            -76.712547,
            37.270252
          ],
          [
            -76.7125081,
            37.2703261
          ],
          [
            -76.7125001,
            37.2703628
          ],
          [
            -76.7125041,
            37.2703982
          ],
          [
            -76.7125178,
            37.2704659
          ],
          [
            -76.7125433,
            37.2705281
          ],
          [
            -76.7125587,
            37.2705549
          ],
          [
            -76.712568,
            37.2705711
          ],
          [
            -76.7126053,
            37.2706189
          ],
          [
            -76.7126304,
            37.2706454
          ],
          [
            -76.7126614,
            37.2706703
          ],
          [
            -76.7126895,
            37.2707155
          ],
          [
            -76.7127049,
            37.2707515
          ],
          [
            -76.7127178,
            37.2707797
          ],
          [
            -76.7127348,
            37.2708217
          ],
          [
            -76.7127579,
            37.2708834
          ],
          [
            -76.7127565,
            37.2709269
          ],
          [
            -76.7127405,
            37.2710001
          ],
          [
            -76.7127154,
            37.2710774
          ],
          [
            -76.7127024,
            37.2711631
          ],
          [
            -76.7126951,
            37.2712217
          ],
          [
            -76.712696,
            37.2712958
          ],
          [
            -76.7126909,
            37.2713309
          ],
          [
            -76.7127405,
            37.2714047
          ],
          [
            -76.712802,
            37.2714807
          ],
          [
            -76.7128571,
            37.2715284
          ],
          [
            -76.7129389,
            37.2715838
          ],
          [
            -76.7130109,
            37.2716321
          ]
        ]
      }
    },
    {
      "type": "Feature",
      "properties": {
        "id": 1049798834,
        "highway": "footway",
        "name": null,
        "surface": "paving_stones"
      },
      "geometry": {
        "type": "LineString",
        "coordinates": [
          [
            -76.7135243,
            37.2721515
          ],
          [
            -76.7135206,
            37.2720973
          ],
          [
            -76.7135188,
            37.2718733
          ],
          [
            -76.7135199,
            37.2718304
          ],
          [
            -76.7135199,
            37.2718114
          ],
          [
            -76.7135213,
            37.2717549
          ],
          [
            -76.7135169,
            37.2717272
          ],
          [
            -76.713504,
            37.2716997
          ],
          [
            -76.7134869,
            37.2716754
          ],
          [
            -76.7134688,
            37.2716541
          ],
          [
            -76.7134525,
            37.2716398
          ],
          [
            -76.7134358,
            37.2716273
          ],
          [
            -76.7134136,
            37.2716148
          ],
          [
            -76.713384,
            37.2716026
          ],
          [
            -76.7133486,
            37.2715935
          ],
          [
            -76.7133079,
            37.271586
          ],
          [
            -76.7132567,
            37.2715843
          ],
          [
            -76.7132026,
            37.2715945
          ],
          [
            -76.7131008,
            37.2716172
          ],
          [
            -76.7130109,
            37.2716321
          ],
          [
            -76.7129585,
            37.2716428
          ],
          [
            -76.7128851,
            37.2716492
          ],
          [
            -76.7128214,
            37.271651
          ],
          [
            -76.7126254,
            37.2716505
          ],
          [
            -76.7122227,
            37.271647
          ],
          [
            -76.7121606,
            37.2716331
          ],
          [
            -76.7118154,
            37.271629
          ],
          [
            -76.7114222,
            37.2716261
          ],
          [
            -76.7111714,
            37.271626
          ],
          [
            -76.7107117,
            37.2716287
          ],
          [
            -76.7107016,
            37.2716462
          ],
          [
            -76.7103557,
            37.2716411
          ],
          [
            -76.7102078,
            37.2716416
          ],
          [
            -76.7102091,
            37.2715319
          ],
          [
            -76.7102097,
            37.2714993
          ],
          [
            -76.7102097,
            37.2714169
          ],
          [
            -76.7102095,
            37.2713978
          ],
          [
            -76.7102088,
            37.2713908
          ]
        ]
      }
    },
    {
      "type": "Feature",
      "properties": {
        "id": 1049798835,
        "highway": "footway",
        "name": null,
        "surface": "paving_stones"
      },
      "geometry": {
        "type": "LineString",
        "coordinates": [
          [
            -76.7121605,
            37.2704616
          ],
          [
            -76.7120528,
            37.2704604
          ],
          [
            -76.7118118,
            37.2704576
          ],
          [
            -76.7115902,
            37.2704569
          ],
          [
            -76.711427,
            37.2704575
          ],
          [
            -76.711176,
            37.2704582
          ],
          [
            -76.7109988,
            37.2704559
          ],
          [
            -76.7107918,
            37.2704537
          ],
          [
            -76.7105962,
            37.2704548
          ],
          [
            -76.7105839,
            37.2704546
          ],
          [
            -76.7103609,
            37.2704508
          ],
          [
            -76.7100625,
            37.2704621
          ],
          [
            -76.7099706,
            37.27048
          ],
          [
            -76.7099787,
            37.2705487
          ],
          [
            -76.7099739,
            37.2708079
          ],
          [
            -76.7099746,
            37.2708198
          ],
          [
            -76.7099774,
            37.2709579
          ],
          [
            -76.7101369,
            37.2711869
          ],
          [
            -76.710358,
            37.2711877
          ],
          [
            -76.7105792,
            37.2711884
          ],
          [
            -76.7107854,
            37.2711891
          ],
          [
            -76.7110016,
            37.2711898
          ],
          [
            -76.7111717,
            37.2711904
          ],
          [
            -76.7114234,
            37.2711913
          ],
          [
            -76.7115593,
            37.2711917
          ],
          [
            -76.7118111,
            37.2711926
          ],
          [
            -76.712023,
            37.2711933
          ],
          [
            -76.7121598,
            37.2711937
          ],
          [
            -76.7123877,
            37.2711945
          ],
          [
            -76.7124414,
            37.2712043
          ],
          [
            -76.7124983,
            37.2712288
          ],
          [
            -76.7125523,
            37.271259
          ],
          [
            -76.7125915,
            37.2712881
          ],
          [
            -76.7126492,
            37.2713202
          ],
          [
            -76.7126909,
            37.2713309
          ]
        ]
      }
    },
    {
      "type": "Feature",
      "properties": {
        "id": 1049798836,
        "highway": "footway",
        "name": null,
        "surface": "paving_stones"
      },
      "geometry": {
        "type": "LineString",
        "coordinates": [
          [
            -76.7126909,
            37.2713309
          ],
          [
            -76.7126389,
            37.2712557
          ],
          [
            -76.7126077,
            37.2711931
          ],
          [
            -76.7125931,
            37.2711377
          ],
          [
            -76.712579,
            37.2710688
          ],
          [
            -76.7125712,
            37.2710409
          ],
          [
            -76.7126061,
            37.2710217
          ],
          [
            -76.7126321,
            37.2710017
          ],
          [
            -76.7126531,
            37.2709793
          ],
          [
            -76.7126907,
            37.270915
          ],
          [
            -76.7127207,
            37.2708502
          ],
          [
            -76.7127348,
            37.2708217
          ]
        ]
      }
    },
    {
      "type": "Feature",
      "properties": {
        "id": 1049798837,
        "highway": "footway",
        "name": null,
        "surface": "paving_stones"
      },
      "geometry": {
        "type": "LineString",
        "coordinates": [
          [
            -76.7123862,
            37.2710434
          ],
          [
            -76.7123863,
            37.271039
          ],
          [
            -76.7123886,
            37.2706252
          ],
          [
            -76.7123887,
            37.2706063
          ]
        ]
      }
    },
    {
      "type": "Feature",
      "properties": {
        "id": 1049798838,
        "highway": "footway",
        "name": null,
        "surface": "paving_stones"
      },
      "geometry": {
        "type": "LineString",
        "coordinates": [
          [
            -76.7121592,
            37.2710423
          ],
          [
            -76.7121599,
            37.270608
          ]
        ]
      }
    },
    {
      "type": "Feature",
      "properties": {
        "id": 1049798839,
        "highway": "footway",
        "name": null,
        "surface": "paving_stones"
      },
      "geometry": {
        "type": "LineString",
        "coordinates": [
          [
            -76.7118127,
            37.2710386
          ],
          [
            -76.7118119,
            37.2706063
          ]
        ]
      }
    },
    {
      "type": "Feature",
      "properties": {
        "id": 1049798840,
        "highway": "footway",
        "name": null,
        "surface": "paving_stones"
      },
      "geometry": {
        "type": "LineString",
        "coordinates": [
          [
            -76.7114238,
            37.2710416
          ],
          [
            -76.7114259,
            37.2706043
          ]
        ]
      }
    },
    {
      "type": "Feature",
      "properties": {
        "id": 1049798841,
        "highway": "footway",
        "name": null,
        "surface": "paving_stones"
      },
      "geometry": {
        "type": "LineString",
        "coordinates": [
          [
            -76.7111713,
            37.2710418
          ],
          [
            -76.7111746,
            37.2706038
          ]
        ]
      }
    },
    {
      "type": "Feature",
      "properties": {
        "id": 1049798842,
        "highway": "footway",
        "name": null,
        "surface": "paving_stones"
      },
      "geometry": {
        "type": "LineString",
        "coordinates": [
          [
            -76.7107874,
            37.2710411
          ],
          [
            -76.7107901,
            37.2706041
          ]
        ]
      }
    },
    {
      "type": "Feature",
      "properties": {
        "id": 1049798843,
        "highway": "footway",
        "name": null,
        "surface": "paving_stones"
      },
      "geometry": {
        "type": "LineString",
        "coordinates": [
          [
            -76.710359,
            37.2710427
          ],
          [
            -76.7103608,
            37.2706034
          ]
        ]
      }
    },
    {
      "type": "Feature",
      "properties": {
        "id": 1049798844,
        "highway": "steps",
        "name": null,
        "surface": "paving_stones"
      },
      "geometry": {
        "type": "LineString",
        "coordinates": [
          [
            -76.7123861,
            37.2710693
          ],
          [
            -76.7123862,
            37.2710434
          ]
        ]
      }
    },
    {
      "type": "Feature",
      "properties": {
        "id": 1049798845,
        "highway": "steps",
        "name": null,
        "surface": "paving_stones"
      },
      "geometry": {
        "type": "LineString",
        "coordinates": [
          [
            -76.7121591,
            37.2710697
          ],
          [
            -76.7121592,
            37.2710423
          ]
        ]
      }
    },
    {
      "type": "Feature",
      "properties": {
        "id": 1049798846,
        "highway": "steps",
        "name": null,
        "surface": "paving_stones"
      },
      "geometry": {
        "type": "LineString",
        "coordinates": [
          [
            -76.7118128,
            37.2710693
          ],
          [
            -76.7118127,
            37.2710386
          ]
        ]
      }
    },
    {
      "type": "Feature",
      "properties": {
        "id": 1049798847,
        "highway": "steps",
        "name": null,
        "surface": "paving_stones"
      },
      "geometry": {
        "type": "LineString",
        "coordinates": [
          [
            -76.7114237,
            37.2710695
          ],
          [
            -76.7114238,
            37.2710416
          ]
        ]
      }
    },
    {
      "type": "Feature",
      "properties": {
        "id": 1049798848,
        "highway": "steps",
        "name": null,
        "surface": "paving_stones"
      },
      "geometry": {
        "type": "LineString",
        "coordinates": [
          [
            -76.7111711,
            37.2710692
          ],
          [
            -76.7111713,
            37.2710418
          ]
        ]
      }
    },
    {
      "type": "Feature",
      "properties": {
        "id": 1049798849,
        "highway": "steps",
        "name": null,
        "surface": "paving_stones"
      },
      "geometry": {
        "type": "LineString",
        "coordinates": [
          [
            -76.7107872,
            37.2710695
          ],
          [
            -76.7107874,
            37.2710411
          ]
        ]
      }
    },
    {
      "type": "Feature",
      "properties": {
        "id": 1049798850,
        "highway": "steps",
        "name": null,
        "surface": "paving_stones"
      },
      "geometry": {
        "type": "LineString",
        "coordinates": [
          [
            -76.7103589,
            37.2710708
          ],
          [
            -76.710359,
            37.2710427
          ]
        ]
      }
    },
    {
      "type": "Feature",
      "properties": {
        "id": 1049798851,
        "highway": "steps",
        "name": null,
        "surface": "paving_stones"
      },
      "geometry": {
        "type": "LineString",
        "coordinates": [
          [
            -76.7103609,
            37.2705739
          ],
          [
            -76.7103608,
            37.2706034
          ]
        ]
      }
    },
    {
      "type": "Feature",
      "properties": {
        "id": 1049798852,
        "highway": "steps",
        "name": null,
        "surface": "paving_stones"
      },
      "geometry": {
        "type": "LineString",
        "coordinates": [
          [
            -76.7107903,
            37.2705733
          ],
          [
            -76.7107901,
            37.2706041
          ]
        ]
      }
    },
    {
      "type": "Feature",
      "properties": {
        "id": 1049798853,
        "highway": "steps",
        "name": null,
        "surface": "paving_stones"
      },
      "geometry": {
        "type": "LineString",
        "coordinates": [
          [
            -76.7111748,
            37.2705745
          ],
          [
            -76.7111746,
            37.2706038
          ]
        ]
      }
    },
    {
      "type": "Feature",
      "properties": {
        "id": 1049798854,
        "highway": "steps",
        "name": null,
        "surface": "paving_stones"
      },
      "geometry": {
        "type": "LineString",
        "coordinates": [
          [
            -76.711426,
            37.2705752
          ],
          [
            -76.7114259,
            37.2706043
          ]
        ]
      }
    },
    {
      "type": "Feature",
      "properties": {
        "id": 1049798855,
        "highway": "steps",
        "name": null,
        "surface": "paving_stones"
      },
      "geometry": {
        "type": "LineString",
        "coordinates": [
          [
            -76.7118118,
            37.2705764
          ],
          [
            -76.7118119,
            37.2706063
          ]
        ]
      }
    },
    {
      "type": "Feature",
      "properties": {
        "id": 1049798856,
        "highway": "steps",
        "name": null,
        "surface": "paving_stones"
      },
      "geometry": {
        "type": "LineString",
        "coordinates": [
          [
            -76.71216,
            37.2705799
          ],
          [
            -76.7121599,
            37.270608
          ]
        ]
      }
    },
    {
      "type": "Feature",
      "properties": {
        "id": 1049798857,
        "highway": "steps",
        "name": null,
        "surface": "paving_stones"
      },
      "geometry": {
        "type": "LineString",
        "coordinates": [
          [
            -76.7123888,
            37.2705809
          ],
          [
            -76.7123887,
            37.2706063
          ]
        ]
      }
    },
    {
      "type": "Feature",
      "properties": {
        "id": 1049798858,
        "highway": "footway",
        "name": null,
        "surface": "paving_stones"
      },
      "geometry": {
        "type": "LineString",
        "coordinates": [
          [
            -76.7136893,
            37.2711356
          ],
          [
            -76.7137564,
            37.2710703
          ],
          [
            -76.7138464,
            37.2710042
          ],
          [
            -76.7139472,
            37.270944
          ],
          [
            -76.7140576,
            37.2708781
          ],
          [
            -76.714144,
            37.270818
          ],
          [
            -76.7142041,
            37.2707664
          ],
          [
            -76.7142677,
            37.2706709
          ],
          [
            -76.7143037,
            37.2705973
          ],
          [
            -76.7143169,
            37.2705381
          ],
          [
            -76.7143179,
            37.2705065
          ],
          [
            -76.7143193,
            37.2704598
          ],
          [
            -76.7143013,
            37.2703939
          ],
          [
            -76.7142796,
            37.2703515
          ],
          [
            -76.7142725,
            37.2703375
          ],
          [
            -76.7142305,
            37.2702802
          ],
          [
            -76.7141741,
            37.2702248
          ],
          [
            -76.7140828,
            37.2701589
          ],
          [
            -76.7140563,
            37.2701392
          ]
        ]
      }
    },
    {
      "type": "Feature",
      "properties": {
        "id": 1049798859,
        "highway": "footway",
        "name": null,
        "surface": "paving_stones"
      },
      "geometry": {
        "type": "LineString",
        "coordinates": [
          [
            -76.71402,
            37.2701154
          ],
          [
            -76.7139903,
            37.2700978
          ],
          [
            -76.7139222,
            37.2700648
          ],
          [
            -76.7138899,
            37.2700491
          ],
          [
            -76.7137978,
            37.270012
          ],
          [
            -76.7136639,
            37.2699561
          ],
          [
            -76.7135397,
            37.2699058
          ],
          [
            -76.713457,
            37.2698723
          ],
          [
            -76.7132577,
            37.2697915
          ],
          [
            -76.713121,
            37.2697356
          ],
          [
            -76.7130373,
            37.2697044
          ],
          [
            -76.7128742,
            37.2696363
          ],
          [
            -76.7127937,
            37.2696028
          ],
          [
            -76.7124361,
            37.2694596
          ],
          [
            -76.7120759,
            37.26931
          ],
          [
            -76.7118247,
            37.2692103
          ],
          [
            -76.7115596,
            37.2690993
          ]
        ]
      }
    },
    {
      "type": "Feature",
      "properties": {
        "id": 1049798860,
        "highway": "footway",
        "name": null,
        "surface": null
      },
      "geometry": {
        "type": "LineString",
        "coordinates": [
          [
            -76.7126459,
            37.2698297
          ],
          [
            -76.7127116,
            37.2697231
          ],
          [
            -76.7127937,
            37.2696028
          ]
        ]
      }
    },
    {
      "type": "Feature",
      "properties": {
        "id": 1049798861,
        "highway": "footway",
        "name": null,
        "surface": "paving_stones"
      },
      "geometry": {
        "type": "LineString",
        "coordinates": [
          [
            -76.7126468,
            37.2700886
          ],
          [
            -76.712558,
            37.2701162
          ],
          [
            -76.7124761,
            37.2701375
          ],
          [
            -76.7123906,
            37.2701682
          ],
          [
            -76.7123226,
            37.2702247
          ],
          [
            -76.7122503,
            37.2703025
          ],
          [
            -76.7121606,
            37.2703761
          ],
          [
            -76.7121605,
            37.2704279
          ],
          [
            -76.7121605,
            37.2704616
          ]
        ]
      }
    },
    {
      "type": "Feature",
      "properties": {
        "id": 1049798862,
        "highway": "steps",
        "name": null,
        "surface": null
      },
      "geometry": {
        "type": "LineString",
        "coordinates": [
          [
            -76.7121377,
            37.2700122
          ],
          [
            -76.7121391,
            37.2700528
          ],
          [
            -76.7122049,
            37.2700529
          ]
        ]
      }
    },
    {
      "type": "Feature",
      "properties": {
        "id": 1049798863,
        "highway": "footway",
        "name": null,
        "surface": "paving_stones"
      },
      "geometry": {
        "type": "LineString",
        "coordinates": [
          [
            -76.7122049,
            37.2700529
          ],
          [
            -76.7122035,
            37.270064
          ],
          [
            -76.7121846,
            37.2700965
          ],
          [
            -76.7121625,
            37.2701221
          ],
          [
            -76.7121616,
            37.2701536
          ],
          [
            -76.7121608,
            37.2703285
          ],
          [
            -76.7121606,
            37.2703761
          ]
        ]
      }
    },
    {
      "type": "Feature",
      "properties": {
        "id": 1049798864,
        "highway": "footway",
        "name": null,
        "surface": "paving_stones"
      },
      "geometry": {
        "type": "LineString",
        "coordinates": [
          [
            -76.7118118,
            37.2705764
          ],
          [
            -76.7118118,
            37.2704576
          ],
          [
            -76.711813,
            37.2703559
          ],
          [
            -76.7118132,
            37.2703442
          ],
          [
            -76.7118133,
            37.270333
          ]
        ]
      }
    },
    {
      "type": "Feature",
      "properties": {
        "id": 1049798865,
        "highway": "footway",
        "name": null,
        "surface": "paving_stones"
      },
      "geometry": {
        "type": "LineString",
        "coordinates": [
          [
            -76.7111748,
            37.2705745
          ],
          [
            -76.711176,
            37.2704582
          ],
          [
            -76.7111796,
            37.2700665
          ],
          [
            -76.7111797,
            37.2700593
          ]
        ]
      }
    },
    {
      "type": "Feature",
      "properties": {
        "id": 1049798866,
        "highway": "steps",
        "name": null,
        "surface": "paving_stones"
      },
      "geometry": {
        "type": "LineString",
        "coordinates": [
          [
            -76.7115051,
            37.2699888
          ],
          [
            -76.7115055,
            37.2700462
          ]
        ]
      }
    },
    {
      "type": "Feature",
      "properties": {
        "id": 1049798867,
        "highway": "footway",
        "name": null,
        "surface": "paving_stones"
      },
      "geometry": {
        "type": "LineString",
        "coordinates": [
          [
            -76.7114305,
            37.270056
          ],
          [
            -76.7114271,
            37.2704449
          ],
          [
            -76.711427,
            37.2704575
          ],
          [
            -76.711426,
            37.2705752
          ]
        ]
      }
    },
    {
      "type": "Feature",
      "properties": {
        "id": 1049798868,
        "highway": "steps",
        "name": null,
        "surface": null
      },
      "geometry": {
        "type": "LineString",
        "coordinates": [
          [
            -76.7111797,
            37.2700593
          ],
          [
            -76.7111118,
            37.2700461
          ]
        ]
      }
    },
    {
      "type": "Feature",
      "properties": {
        "id": 1049798869,
        "highway": "footway",
        "name": null,
        "surface": "paving_stones"
      },
      "geometry": {
        "type": "LineString",
        "coordinates": [
          [
            -76.7107903,
            37.2705733
          ],
          [
            -76.7107918,
            37.2704537
          ],
          [
            -76.7107924,
            37.2703065
          ],
          [
            -76.7107925,
            37.2702795
          ]
        ]
      }
    },
    {
      "type": "Feature",
      "properties": {
        "id": 1049798870,
        "highway": "footway",
        "name": null,
        "surface": "paving_stones"
      },
      "geometry": {
        "type": "LineString",
        "coordinates": [
          [
            -76.7109988,
            37.2704559
          ],
          [
            -76.7109814,
            37.2704321
          ],
          [
            -76.710832,
            37.2703137
          ],
          [
            -76.7107924,
            37.2703065
          ],
          [
            -76.710758,
            37.2703137
          ],
          [
            -76.7105839,
            37.2704546
          ]
        ]
      }
    },
    {
      "type": "Feature",
      "properties": {
        "id": 1049798871,
        "highway": "footway",
        "name": null,
        "surface": "paving_stones"
      },
      "geometry": {
        "type": "LineString",
        "coordinates": [
          [
            -76.7103609,
            37.2704508
          ],
          [
            -76.7103587,
            37.2702296
          ],
          [
            -76.7103574,
            37.2700092
          ]
        ]
      }
    },
    {
      "type": "Feature",
      "properties": {
        "id": 1049798872,
        "highway": "footway",
        "name": null,
        "surface": "paving_stones"
      },
      "geometry": {
        "type": "LineString",
        "coordinates": [
          [
            -76.7111118,
            37.2700461
          ],
          [
            -76.7110366,
            37.2700525
          ],
          [
            -76.7110232,
            37.270039
          ],
          [
            -76.7109203,
            37.2699852
          ],
          [
            -76.710866,
            37.2699521
          ],
          [
            -76.7107349,
            37.2699504
          ],
          [
            -76.7106884,
            37.2699414
          ],
          [
            -76.7105834,
            37.2699453
          ],
          [
            -76.7105099,
            37.2699457
          ],
          [
            -76.7103988,
            37.269962
          ],
          [
            -76.7103475,
            37.2699632
          ],
          [
            -76.7102887,
            37.2699599
          ],
          [
            -76.7101704,
            37.2699624
          ],
          [
            -76.7101027,
            37.2699638
          ],
          [
            -76.7099628,
            37.269966
          ],
          [
            -76.7098325,
            37.269968
          ]
        ]
      }
    },
    {
      "type": "Feature",
      "properties": {
        "id": 1049798873,
        "highway": "footway",
        "name": null,
        "surface": "paving_stones"
      },
      "geometry": {
        "type": "LineString",
        "coordinates": [
          [
            -76.7103573,
            37.2700068
          ],
          [
            -76.7103475,
            37.2699632
          ]
        ]
      }
    },
    {
      "type": "Feature",
      "properties": {
        "id": 1049798874,
        "highway": "steps",
        "name": null,
        "surface": null
      },
      "geometry": {
        "type": "LineString",
        "coordinates": [
          [
            -76.7099815,
            37.2698465
          ],
          [
            -76.7099806,
            37.2698389
          ]
        ]
      }
    },
    {
      "type": "Feature",
      "properties": {
        "id": 1049798875,
        "highway": "footway",
        "name": null,
        "surface": "paving_stones"
      },
      "geometry": {
        "type": "LineString",
        "coordinates": [
          [
            -76.709631,
            37.2699485
          ],
          [
            -76.7097163,
            37.2699386
          ],
          [
            -76.7097591,
            37.2699098
          ],
          [
            -76.7098038,
            37.2698886
          ],
          [
            -76.7099711,
            37.2698238
          ],
          [
            -76.7099872,
            37.2698171
          ],
          [
            -76.7101108,
            37.269766
          ],
          [
            -76.7101716,
            37.2697409
          ],
          [
            -76.7103214,
            37.2696806
          ],
          [
            -76.7106709,
            37.2695403
          ],
          [
            -76.7107908,
            37.2694974
          ],
          [
            -76.7109309,
            37.2694391
          ],
          [
            -76.710997,
            37.2694179
          ],
          [
            -76.7110139,
            37.2694282
          ],
          [
            -76.7112321,
            37.2693442
          ],
          [
            -76.7112667,
            37.2693635
          ],
          [
            -76.7113021,
            37.2693673
          ],
          [
            -76.7113279,
            37.2693622
          ],
          [
            -76.7113496,
            37.2693519
          ],
          [
            -76.7113617,
            37.2693449
          ],
          [
            -76.7115894,
            37.2694342
          ]
        ]
      }
    },
    {
      "type": "Feature",
      "properties": {
        "id": 1049798876,
        "highway": "footway",
        "name": null,
        "surface": "paving_stones"
      },
      "geometry": {
        "type": "LineString",
        "coordinates": [
          [
            -76.7115006,
            37.2690745
          ],
          [
            -76.7114255,
            37.2690445
          ],
          [
            -76.7113866,
            37.2690285
          ],
          [
            -76.7113234,
            37.2690024
          ],
          [
            -76.7113001,
            37.2690002
          ],
          [
            -76.7112699,
            37.2690093
          ],
          [
            -76.7111152,
            37.2690721
          ]
        ]
      }
    },
    {
      "type": "Feature",
      "properties": {
        "id": 1049798877,
        "highway": "footway",
        "name": null,
        "surface": "concrete"
      },
      "geometry": {
        "type": "LineString",
        "coordinates": [
          [
            -76.7115596,
            37.2690993
          ],
          [
            -76.7115282,
            37.2690861
          ],
          [
            -76.7115006,
            37.2690745
          ]
        ]
      }
    },
    {
      "type": "Feature",
      "properties": {
        "id": 1049798878,
        "highway": "footway",
        "name": null,
        "surface": "asphalt"
      },
      "geometry": {
        "type": "LineString",
        "coordinates": [
          [
            -76.7115423,
            37.2689577
          ],
          [
            -76.7114678,
            37.2689907
          ],
          [
            -76.7113866,
            37.2690285
          ]
        ]
      }
    },
    {
      "type": "Feature",
      "properties": {
        "id": 1049798879,
        "highway": "footway",
        "name": null,
        "surface": "paving_stones"
      },
      "geometry": {
        "type": "LineString",
        "coordinates": [
          [
            -76.7123065,
            37.2696598
          ],
          [
            -76.7122912,
            37.2696836
          ],
          [
            -76.7121561,
            37.2699051
          ],
          [
            -76.7121498,
            37.2699188
          ]
        ]
      }
    },
    {
      "type": "Feature",
      "properties": {
        "id": 1049798880,
        "highway": "footway",
        "name": null,
        "surface": "paving_stones"
      },
      "geometry": {
        "type": "LineString",
        "coordinates": [
          [
            -76.7111157,
            37.2697003
          ],
          [
            -76.7111234,
            37.2696261
          ],
          [
            -76.7110868,
            37.269542
          ],
          [
            -76.7110139,
            37.2694282
          ]
        ]
      }
    },
    {
      "type": "Feature",
      "properties": {
        "id": 1049798881,
        "highway": "footway",
        "name": null,
        "surface": "paving_stones"
      },
      "geometry": {
        "type": "LineString",
        "coordinates": [
          [
            -76.7106239,
            37.2698051
          ],
          [
            -76.7106326,
            37.2698136
          ],
          [
            -76.710649,
            37.2698236
          ],
          [
            -76.7106815,
            37.2698449
          ],
          [
            -76.710735,
            37.2698471
          ],
          [
            -76.7107738,
            37.2698494
          ],
          [
            -76.7108217,
            37.269846
          ],
          [
            -76.710864,
            37.2698398
          ],
          [
            -76.7108901,
            37.2698208
          ],
          [
            -76.7109246,
            37.2697955
          ],
          [
            -76.71095,
            37.2697619
          ],
          [
            -76.7109606,
            37.2697282
          ],
          [
            -76.710961,
            37.2697122
          ],
          [
            -76.7109503,
            37.2696934
          ],
          [
            -76.7109331,
            37.2696761
          ],
          [
            -76.7108972,
            37.2696553
          ],
          [
            -76.7108513,
            37.2696446
          ],
          [
            -76.7107992,
            37.2696452
          ],
          [
            -76.710766,
            37.2696536
          ],
          [
            -76.7107364,
            37.2696615
          ],
          [
            -76.7107012,
            37.2696822
          ],
          [
            -76.7106758,
            37.2697047
          ],
          [
            -76.7106603,
            37.2697299
          ],
          [
            -76.7106505,
            37.2697512
          ],
          [
            -76.7106392,
            37.2697742
          ],
          [
            -76.7106239,
            37.2698051
          ]
        ]
      }
    },
    {
      "type": "Feature",
      "properties": {
        "id": 1049798882,
        "highway": "footway",
        "name": null,
        "surface": "paving_stones"
      },
      "geometry": {
        "type": "LineString",
        "coordinates": [
          [
            -76.7101789,
            37.269879
          ],
          [
            -76.7102,
            37.2698797
          ],
          [
            -76.7102346,
            37.2698914
          ],
          [
            -76.7102741,
            37.2699027
          ],
          [
            -76.7103213,
            37.2699094
          ],
          [
            -76.7103459,
            37.2699111
          ],
          [
            -76.7103812,
            37.2699094
          ],
          [
            -76.7104277,
            37.2699043
          ],
          [
            -76.7104752,
            37.2698931
          ],
          [
            -76.7105206,
            37.2698736
          ],
          [
            -76.7105616,
            37.2698505
          ],
          [
            -76.7106052,
            37.2698212
          ],
          [
            -76.7106239,
            37.2698051
          ],
          [
            -76.7105757,
            37.2697922
          ],
          [
            -76.7105334,
            37.2697821
          ],
          [
            -76.7104897,
            37.2697703
          ],
          [
            -76.7104284,
            37.2697658
          ],
          [
            -76.7103805,
            37.2697652
          ],
          [
            -76.7103382,
            37.269777
          ],
          [
            -76.7102994,
            37.2697849
          ],
          [
            -76.7102543,
            37.2698039
          ],
          [
            -76.7102148,
            37.2698269
          ],
          [
            -76.7101866,
            37.2698466
          ],
          [
            -76.710171,
            37.2698617
          ]
        ]
      }
    },
    {
      "type": "Feature",
      "properties": {
        "id": 1049798883,
        "highway": "footway",
        "name": null,
        "surface": "paving_stones"
      },
      "geometry": {
        "type": "LineString",
        "coordinates": [
          [
            -76.7103805,
            37.2697652
          ],
          [
            -76.7103214,
            37.2696806
          ]
        ]
      }
    },
    {
      "type": "Feature",
      "properties": {
        "id": 1049798884,
        "highway": "footway",
        "name": null,
        "surface": "paving_stones"
      },
      "geometry": {
        "type": "LineString",
        "coordinates": [
          [
            -76.7103382,
            37.269777
          ],
          [
            -76.710341,
            37.2698011
          ],
          [
            -76.7103431,
            37.2698146
          ],
          [
            -76.710322,
            37.269823
          ],
          [
            -76.7103108,
            37.2698339
          ],
          [
            -76.7103077,
            37.2698434
          ],
          [
            -76.7103107,
            37.2698539
          ],
          [
            -76.7103234,
            37.269864
          ],
          [
            -76.7103461,
            37.2698746
          ],
          [
            -76.7103474,
            37.2698909
          ],
          [
            -76.7103459,
            37.2699111
          ],
          [
            -76.7103445,
            37.2699386
          ],
          [
            -76.7103475,
            37.2699632
          ]
        ]
      }
    },
    {
      "type": "Feature",
      "properties": {
        "id": 1049798885,
        "highway": "footway",
        "name": null,
        "surface": "paving_stones"
      },
      "geometry": {
        "type": "LineString",
        "coordinates": [
          [
            -76.7103461,
            37.2698746
          ],
          [
            -76.7103651,
            37.2698671
          ],
          [
            -76.7103791,
            37.269855
          ],
          [
            -76.710384,
            37.2698442
          ],
          [
            -76.710381,
            37.2698341
          ],
          [
            -76.7103706,
            37.2698247
          ],
          [
            -76.7103572,
            37.269818
          ],
          [
            -76.7103431,
            37.2698146
          ]
        ]
      }
    },
    {
      "type": "Feature",
      "properties": {
        "id": 1049798886,
        "highway": "footway",
        "name": null,
        "surface": "paving_stones"
      },
      "geometry": {
        "type": "LineString",
        "coordinates": [
          [
            -76.7099806,
            37.2698389
          ],
          [
            -76.7099711,
            37.2698238
          ],
          [
            -76.7099484,
            37.2697882
          ],
          [
            -76.7099237,
            37.269749
          ],
          [
            -76.7099124,
            37.2697405
          ],
          [
            -76.70991,
            37.2697387
          ],
          [
            -76.709899,
            37.2697277
          ],
          [
            -76.7098942,
            37.2697184
          ],
          [
            -76.7098803,
            37.2697083
          ],
          [
            -76.7098476,
            37.2696954
          ],
          [
            -76.7098128,
            37.2696811
          ],
          [
            -76.709778,
            37.2696679
          ],
          [
            -76.70976,
            37.2696623
          ],
          [
            -76.7097435,
            37.2696613
          ],
          [
            -76.7097261,
            37.2696618
          ],
          [
            -76.7097102,
            37.2696644
          ],
          [
            -76.7096995,
            37.2696632
          ],
          [
            -76.7096919,
            37.2696588
          ],
          [
            -76.7096825,
            37.2696495
          ]
        ]
      }
    },
    {
      "type": "Feature",
      "properties": {
        "id": 1049798887,
        "highway": "footway",
        "name": null,
        "surface": "paving_stones"
      },
      "geometry": {
        "type": "LineString",
        "coordinates": [
          [
            -76.7100211,
            37.269903
          ],
          [
            -76.71001,
            37.2698984
          ],
          [
            -76.7100191,
            37.2698829
          ],
          [
            -76.7100344,
            37.2698674
          ],
          [
            -76.7100559,
            37.2698549
          ],
          [
            -76.7100865,
            37.2698483
          ],
          [
            -76.7101167,
            37.269844
          ],
          [
            -76.7101428,
            37.2698443
          ],
          [
            -76.7101614,
            37.2698532
          ],
          [
            -76.710171,
            37.2698617
          ]
        ]
      }
    },
    {
      "type": "Feature",
      "properties": {
        "id": 1049798888,
        "highway": "footway",
        "name": null,
        "surface": "paving_stones"
      },
      "geometry": {
        "type": "LineString",
        "coordinates": [
          [
            -76.7099628,
            37.269966
          ],
          [
            -76.7099595,
            37.2699395
          ],
          [
            -76.7099603,
            37.2699184
          ],
          [
            -76.7099611,
            37.269905
          ],
          [
            -76.7099619,
            37.2698921
          ],
          [
            -76.7099661,
            37.2698736
          ],
          [
            -76.7099735,
            37.2698572
          ],
          [
            -76.7099815,
            37.2698465
          ]
        ]
      }
    },
    {
      "type": "Feature",
      "properties": {
        "id": 1049798889,
        "highway": "footway",
        "name": null,
        "surface": "paving_stones"
      },
      "geometry": {
        "type": "LineString",
        "coordinates": [
          [
            -76.71001,
            37.2698984
          ],
          [
            -76.7099888,
            37.269902
          ],
          [
            -76.7099611,
            37.269905
          ]
        ]
      }
    },
    {
      "type": "Feature",
      "properties": {
        "id": 1049798890,
        "highway": "footway",
        "name": null,
        "surface": "paving_stones"
      },
      "geometry": {
        "type": "LineString",
        "coordinates": [
          [
            -76.710171,
            37.2698617
          ],
          [
            -76.7101789,
            37.269879
          ],
          [
            -76.710163,
            37.2698949
          ],
          [
            -76.7101345,
            37.269904
          ],
          [
            -76.7101121,
            37.2699107
          ],
          [
            -76.710096,
            37.2699149
          ],
          [
            -76.7100742,
            37.2699161
          ],
          [
            -76.7100516,
            37.2699128
          ],
          [
            -76.7100211,
            37.269903
          ]
        ]
      }
    },
    {
      "type": "Feature",
      "properties": {
        "id": 1049798891,
        "highway": "footway",
        "name": null,
        "surface": "paving_stones"
      },
      "geometry": {
        "type": "LineString",
        "coordinates": [
          [
            -76.7101704,
            37.2699624
          ],
          [
            -76.7101694,
            37.2699392
          ],
          [
            -76.7101685,
            37.2699079
          ],
          [
            -76.710163,
            37.2698949
          ]
        ]
      }
    },
    {
      "type": "Feature",
      "properties": {
        "id": 1049798892,
        "highway": "footway",
        "name": null,
        "surface": "paving_stones"
      },
      "geometry": {
        "type": "LineString",
        "coordinates": [
          [
            -76.710866,
            37.2699521
          ],
          [
            -76.7108782,
            37.2699327
          ],
          [
            -76.710883,
            37.2699007
          ],
          [
            -76.7109088,
            37.2698917
          ],
          [
            -76.7109426,
            37.2698795
          ],
          [
            -76.710966,
            37.2698571
          ],
          [
            -76.7109901,
            37.2698296
          ],
          [
            -76.7110054,
            37.2697969
          ],
          [
            -76.7110111,
            37.2697655
          ],
          [
            -76.7110151,
            37.2697367
          ],
          [
            -76.7110135,
            37.2697072
          ],
          [
            -76.7110097,
            37.2697003
          ],
          [
            -76.710995,
            37.2696739
          ],
          [
            -76.71097,
            37.2696405
          ],
          [
            -76.7109386,
            37.2696111
          ],
          [
            -76.7109104,
            37.2695925
          ],
          [
            -76.7108758,
            37.2695867
          ],
          [
            -76.7108524,
            37.269572
          ],
          [
            -76.7108251,
            37.2695444
          ],
          [
            -76.7108033,
            37.2695162
          ],
          [
            -76.7107908,
            37.2694974
          ]
        ]
      }
    },
    {
      "type": "Feature",
      "properties": {
        "id": 1049798893,
        "highway": "footway",
        "name": null,
        "surface": "paving_stones"
      },
      "geometry": {
        "type": "LineString",
        "coordinates": [
          [
            -76.710883,
            37.2699007
          ],
          [
            -76.710875,
            37.2698744
          ],
          [
            -76.710864,
            37.2698398
          ]
        ]
      }
    },
    {
      "type": "Feature",
      "properties": {
        "id": 1049798894,
        "highway": "footway",
        "name": null,
        "surface": "paving_stones"
      },
      "geometry": {
        "type": "LineString",
        "coordinates": [
          [
            -76.710961,
            37.2697122
          ],
          [
            -76.7109829,
            37.2697072
          ],
          [
            -76.7110097,
            37.2697003
          ]
        ]
      }
    },
    {
      "type": "Feature",
      "properties": {
        "id": 1049798895,
        "highway": "footway",
        "name": null,
        "surface": null
      },
      "geometry": {
        "type": "LineString",
        "coordinates": [
          [
            -76.7110288,
            37.2697093
          ],
          [
            -76.7110383,
            37.2697102
          ],
          [
            -76.7110367,
            37.2697656
          ],
          [
            -76.7110275,
            37.2698078
          ],
          [
            -76.7110486,
            37.2698129
          ],
          [
            -76.7110605,
            37.2697639
          ],
          [
            -76.7110643,
            37.2697093
          ],
          [
            -76.7110777,
            37.2697089
          ]
        ]
      }
    },
    {
      "type": "Feature",
      "properties": {
        "id": 1049798896,
        "highway": "footway",
        "name": null,
        "surface": null
      },
      "geometry": {
        "type": "LineString",
        "coordinates": [
          [
            -76.7110135,
            37.2697072
          ],
          [
            -76.7110288,
            37.2697093
          ]
        ]
      }
    },
    {
      "type": "Feature",
      "properties": {
        "id": 1049798897,
        "highway": "footway",
        "name": null,
        "surface": "paving_stones"
      },
      "geometry": {
        "type": "LineString",
        "coordinates": [
          [
            -76.7107364,
            37.2696615
          ],
          [
            -76.7106988,
            37.2695983
          ],
          [
            -76.7106773,
            37.2695596
          ],
          [
            -76.7106709,
            37.2695403
          ]
        ]
      }
    },
    {
      "type": "Feature",
      "properties": {
        "id": 1049798898,
        "highway": "footway",
        "name": null,
        "surface": "paving_stones"
      },
      "geometry": {
        "type": "LineString",
        "coordinates": [
          [
            -76.7106709,
            37.2695403
          ],
          [
            -76.7106608,
            37.2695181
          ],
          [
            -76.7106227,
            37.2694586
          ],
          [
            -76.710604,
            37.2694298
          ],
          [
            -76.7105308,
            37.2693084
          ]
        ]
      }
    },
    {
      "type": "Feature",
      "properties": {
        "id": 1049798899,
        "highway": "footway",
        "name": null,
        "surface": "paving_stones"
      },
      "geometry": {
        "type": "LineString",
        "coordinates": [
          [
            -76.7109309,
            37.2694391
          ],
          [
            -76.710782,
            37.2692071
          ]
        ]
      }
    },
    {
      "type": "Feature",
      "properties": {
        "id": 1049798900,
        "highway": "footway",
        "name": null,
        "surface": "paving_stones"
      },
      "geometry": {
        "type": "LineString",
        "coordinates": [
          [
            -76.7110526,
            37.2690966
          ],
          [
            -76.7109242,
            37.2691496
          ],
          [
            -76.710782,
            37.2692071
          ],
          [
            -76.7106768,
            37.2692498
          ],
          [
            -76.7105308,
            37.2693084
          ],
          [
            -76.7102734,
            37.2694118
          ],
          [
            -76.7101907,
            37.2694458
          ],
          [
            -76.709945,
            37.2695434
          ],
          [
            -76.7097829,
            37.2696091
          ],
          [
            -76.7096825,
            37.2696495
          ],
          [
            -76.709671,
            37.2696541
          ]
        ]
      }
    },
    {
      "type": "Feature",
      "properties": {
        "id": 1049798901,
        "highway": "footway",
        "name": null,
        "surface": "paving_stones"
      },
      "geometry": {
        "type": "LineString",
        "coordinates": [
          [
            -76.7102314,
            37.269511
          ],
          [
            -76.7101919,
            37.2694478
          ],
          [
            -76.7101907,
            37.2694458
          ]
        ]
      }
    },
    {
      "type": "Feature",
      "properties": {
        "id": 1049798902,
        "highway": "footway",
        "name": null,
        "surface": "asphalt"
      },
      "geometry": {
        "type": "LineString",
        "coordinates": [
          [
            -76.7090936,
            37.2698824
          ],
          [
            -76.7090673,
            37.2698391
          ],
          [
            -76.7090355,
            37.2697935
          ]
        ]
      }
    },
    {
      "type": "Feature",
      "properties": {
        "id": 1049798903,
        "highway": "footway",
        "name": null,
        "surface": "paving_stones"
      },
      "geometry": {
        "type": "LineString",
        "coordinates": [
          [
            -76.7090936,
            37.2698824
          ],
          [
            -76.7090973,
            37.2698885
          ],
          [
            -76.7091177,
            37.2699137
          ],
          [
            -76.7091572,
            37.2699406
          ],
          [
            -76.7092101,
            37.2699648
          ],
          [
            -76.7092326,
            37.2699956
          ],
          [
            -76.7093152,
            37.2700595
          ],
          [
            -76.7094153,
            37.2701371
          ],
          [
            -76.7094548,
            37.2701683
          ],
          [
            -76.7096182,
            37.2702951
          ],
          [
            -76.7096969,
            37.2704038
          ],
          [
            -76.7097045,
            37.2704203
          ],
          [
            -76.7097502,
            37.2704314
          ],
          [
            -76.7098,
            37.2704432
          ],
          [
            -76.7099706,
            37.27048
          ]
        ]
      }
    },
    {
      "type": "Feature",
      "properties": {
        "id": 1049798904,
        "highway": "footway",
        "name": null,
        "surface": "paving_stones"
      },
      "geometry": {
        "type": "LineString",
        "coordinates": [
          [
            -76.7096287,
            37.269964
          ],
          [
            -76.7096247,
            37.2700028
          ],
          [
            -76.7096253,
            37.2700438
          ],
          [
            -76.7096254,
            37.2700905
          ],
          [
            -76.7096252,
            37.2701661
          ],
          [
            -76.7096256,
            37.2702129
          ],
          [
            -76.7096182,
            37.2702951
          ]
        ]
      }
    },
    {
      "type": "Feature",
      "properties": {
        "id": 1049798905,
        "highway": "footway",
        "name": null,
        "surface": "concrete"
      },
      "geometry": {
        "type": "LineString",
        "coordinates": [
          [
            -76.709774,
            37.2703939
          ],
          [
            -76.7097733,
            37.270349
          ],
          [
            -76.7099046,
            37.2703495
          ],
          [
            -76.7099709,
            37.2703501
          ]
        ]
      }
    },
    {
      "type": "Feature",
      "properties": {
        "id": 1049798906,
        "highway": "footway",
        "name": null,
        "surface": "paving_stones"
      },
      "geometry": {
        "type": "LineString",
        "coordinates": [
          [
            -76.709774,
            37.2703939
          ],
          [
            -76.7097502,
            37.2704314
          ]
        ]
      }
    },
    {
      "type": "Feature",
      "properties": {
        "id": 1049798907,
        "highway": "footway",
        "name": null,
        "surface": "paving_stones"
      },
      "geometry": {
        "type": "LineString",
        "coordinates": [
          [
            -76.7107843,
            37.2713438
          ],
          [
            -76.7107843,
            37.2713321
          ],
          [
            -76.7107854,
            37.2711891
          ],
          [
            -76.7107872,
            37.2710695
          ]
        ]
      }
    },
    {
      "type": "Feature",
      "properties": {
        "id": 1049798908,
        "highway": "footway",
        "name": null,
        "surface": "paving_stones"
      },
      "geometry": {
        "type": "LineString",
        "coordinates": [
          [
            -76.710358,
            37.2711877
          ],
          [
            -76.7103566,
            37.2715319
          ],
          [
            -76.7103557,
            37.2716411
          ],
          [
            -76.7103558,
            37.2716501
          ]
        ]
      }
    },
    {
      "type": "Feature",
      "properties": {
        "id": 1049798909,
        "highway": "footway",
        "name": null,
        "surface": "paving_stones"
      },
      "geometry": {
        "type": "LineString",
        "coordinates": [
          [
            -76.7111714,
            37.271626
          ],
          [
            -76.7111699,
            37.2714516
          ],
          [
            -76.7111717,
            37.2711904
          ]
        ]
      }
    },
    {
      "type": "Feature",
      "properties": {
        "id": 1049798910,
        "highway": "footway",
        "name": null,
        "surface": "paving_stones"
      },
      "geometry": {
        "type": "LineString",
        "coordinates": [
          [
            -76.7114234,
            37.2711913
          ],
          [
            -76.7114227,
            37.2714516
          ],
          [
            -76.7114222,
            37.2716261
          ]
        ]
      }
    },
    {
      "type": "Feature",
      "properties": {
        "id": 1049798911,
        "highway": "footway",
        "name": null,
        "surface": "paving_stones"
      },
      "geometry": {
        "type": "LineString",
        "coordinates": [
          [
            -76.7115423,
            37.2714516
          ],
          [
            -76.7114227,
            37.2714516
          ],
          [
            -76.7111699,
            37.2714516
          ],
          [
            -76.7110589,
            37.2714486
          ]
        ]
      }
    },
    {
      "type": "Feature",
      "properties": {
        "id": 1049798912,
        "highway": "footway",
        "name": null,
        "surface": "paving_stones"
      },
      "geometry": {
        "type": "LineString",
        "coordinates": [
          [
            -76.7121591,
            37.2710697
          ],
          [
            -76.7121598,
            37.2711937
          ],
          [
            -76.7121617,
            37.2714565
          ],
          [
            -76.7121606,
            37.2716331
          ]
        ]
      }
    },
    {
      "type": "Feature",
      "properties": {
        "id": 1049798913,
        "highway": "footway",
        "name": null,
        "surface": "paving_stones"
      },
      "geometry": {
        "type": "LineString",
        "coordinates": [
          [
            -76.7123861,
            37.2710693
          ],
          [
            -76.7123877,
            37.2711945
          ]
        ]
      }
    },
    {
      "type": "Feature",
      "properties": {
        "id": 1049798914,
        "highway": "footway",
        "name": null,
        "surface": "paving_stones"
      },
      "geometry": {
        "type": "LineString",
        "coordinates": [
          [
            -76.7118128,
            37.2710693
          ],
          [
            -76.7118111,
            37.2711926
          ],
          [
            -76.7118123,
            37.2713567
          ],
          [
            -76.7118123,
            37.2713704
          ]
        ]
      }
    },
    {
      "type": "Feature",
      "properties": {
        "id": 1049798915,
        "highway": "footway",
        "name": null,
        "surface": "paving_stones"
      },
      "geometry": {
        "type": "LineString",
        "coordinates": [
          [
            -76.7115593,
            37.2711917
          ],
          [
            -76.7118009,
            37.2713568
          ],
          [
            -76.7118123,
            37.2713567
          ],
          [
            -76.7118243,
            37.2713565
          ],
          [
            -76.712023,
            37.2711933
          ]
        ]
      }
    },
    {
      "type": "Feature",
      "properties": {
        "id": 1049798916,
        "highway": "footway",
        "name": null,
        "surface": "paving_stones"
      },
      "geometry": {
        "type": "LineString",
        "coordinates": [
          [
            -76.7101934,
            37.2708201
          ],
          [
            -76.7099746,
            37.2708198
          ],
          [
            -76.7096185,
            37.2708192
          ],
          [
            -76.7092919,
            37.2708187
          ],
          [
            -76.7091142,
            37.2708184
          ],
          [
            -76.7090793,
            37.2708184
          ],
          [
            -76.7090364,
            37.2708183
          ]
        ]
      }
    },
    {
      "type": "Feature",
      "properties": {
        "id": 1049798917,
        "highway": "footway",
        "name": null,
        "surface": "paving_stones"
      },
      "geometry": {
        "type": "LineString",
        "coordinates": [
          [
            -76.7101369,
            37.2711869
          ],
          [
            -76.7100084,
            37.2711865
          ],
          [
            -76.7099751,
            37.2711864
          ],
          [
            -76.70976,
            37.2711857
          ],
          [
            -76.7096135,
            37.2711874
          ],
          [
            -76.709452,
            37.2711801
          ],
          [
            -76.7092871,
            37.2711762
          ],
          [
            -76.7089606,
            37.2711615
          ],
          [
            -76.7088015,
            37.2711543
          ],
          [
            -76.7084259,
            37.2711351
          ],
          [
            -76.708392,
            37.2711241
          ],
          [
            -76.7083546,
            37.2711256
          ],
          [
            -76.7082982,
            37.2711279
          ],
          [
            -76.7082771,
            37.2711251
          ],
          [
            -76.7075873,
            37.2708945
          ],
          [
            -76.7075744,
            37.2708745
          ]
        ]
      }
    },
    {
      "type": "Feature",
      "properties": {
        "id": 1049798919,
        "highway": "footway",
        "name": null,
        "surface": "paving_stones"
      },
      "geometry": {
        "type": "LineString",
        "coordinates": [
          [
            -76.709284,
            37.2698107
          ],
          [
            -76.7091419,
            37.2698699
          ],
          [
            -76.7090973,
            37.2698885
          ],
          [
            -76.709057,
            37.2699035
          ],
          [
            -76.7089096,
            37.2699641
          ],
          [
            -76.7088231,
            37.2699994
          ],
          [
            -76.7086948,
            37.2700511
          ],
          [
            -76.7085737,
            37.2701014
          ],
          [
            -76.7085213,
            37.2701209
          ],
          [
            -76.7084712,
            37.2701415
          ],
          [
            -76.7084464,
            37.2701537
          ],
          [
            -76.7084216,
            37.2701688
          ],
          [
            -76.7083914,
            37.2701891
          ],
          [
            -76.708254,
            37.2702803
          ],
          [
            -76.7081962,
            37.2703185
          ],
          [
            -76.7080899,
            37.270389
          ],
          [
            -76.7079992,
            37.2704498
          ],
          [
            -76.7079066,
            37.2705115
          ],
          [
            -76.707823,
            37.2705684
          ],
          [
            -76.7077382,
            37.2706268
          ],
          [
            -76.7076514,
            37.2706858
          ],
          [
            -76.7075818,
            37.2707334
          ],
          [
            -76.7075648,
            37.2707469
          ],
          [
            -76.7075423,
            37.2707641
          ],
          [
            -76.7075265,
            37.2707775
          ],
          [
            -76.707521,
            37.2707943
          ],
          [
            -76.707513,
            37.2708257
          ],
          [
            -76.7075065,
            37.2708597
          ],
          [
            -76.7075071,
            37.2708777
          ],
          [
            -76.7075117,
            37.2709032
          ],
          [
            -76.7075235,
            37.2709348
          ],
          [
            -76.7075465,
            37.2709685
          ],
          [
            -76.7075741,
            37.2709929
          ],
          [
            -76.7075972,
            37.2710091
          ],
          [
            -76.7076458,
            37.2710329
          ],
          [
            -76.7077174,
            37.2710687
          ],
          [
            -76.707831,
            37.2711228
          ],
          [
            -76.707918,
            37.2711646
          ],
          [
            -76.7079962,
            37.2712022
          ],
          [
            -76.7081243,
            37.2712637
          ],
          [
            -76.7082498,
            37.2713237
          ],
          [
            -76.7083621,
            37.2713772
          ],
          [
            -76.7085291,
            37.2714592
          ]
        ]
      }
    },
    {
      "type": "Feature",
      "properties": {
        "id": 1049798920,
        "highway": "footway",
        "name": null,
        "surface": "paving_stones"
      },
      "geometry": {
        "type": "LineString",
        "coordinates": [
          [
            -76.7099697,
            37.2712849
          ],
          [
            -76.7099693,
            37.2712768
          ],
          [
            -76.7100095,
            37.2712437
          ],
          [
            -76.7100084,
            37.2711865
          ],
          [
            -76.709978,
            37.2711658
          ],
          [
            -76.7099774,
            37.2709579
          ]
        ]
      }
    },
    {
      "type": "Feature",
      "properties": {
        "id": 1049798921,
        "highway": "footway",
        "name": null,
        "surface": "paving_stones"
      },
      "geometry": {
        "type": "LineString",
        "coordinates": [
          [
            -76.7096117,
            37.2716461
          ],
          [
            -76.709612,
            37.2714684
          ],
          [
            -76.7096124,
            37.2714462
          ],
          [
            -76.7096138,
            37.2713171
          ],
          [
            -76.7096135,
            37.2711874
          ],
          [
            -76.7096156,
            37.2710566
          ],
          [
            -76.7096185,
            37.2708192
          ],
          [
            -76.7096134,
            37.2704556
          ],
          [
            -76.7097045,
            37.2704203
          ]
        ]
      }
    },
    {
      "type": "Feature",
      "properties": {
        "id": 1049798922,
        "highway": "footway",
        "name": null,
        "surface": "paving_stones"
      },
      "geometry": {
        "type": "LineString",
        "coordinates": [
          [
            -76.7097045,
            37.2704203
          ],
          [
            -76.7097214,
            37.2704632
          ],
          [
            -76.7097467,
            37.270507
          ],
          [
            -76.7097657,
            37.2705432
          ],
          [
            -76.7098274,
            37.2706216
          ],
          [
            -76.709882,
            37.2706921
          ],
          [
            -76.7099746,
            37.2708198
          ]
        ]
      }
    },
    {
      "type": "Feature",
      "properties": {
        "id": 1049798924,
        "highway": "footway",
        "name": null,
        "surface": "paving_stones"
      },
      "geometry": {
        "type": "LineString",
        "coordinates": [
          [
            -76.709294,
            37.2709983
          ],
          [
            -76.7092912,
            37.2709249
          ],
          [
            -76.7092919,
            37.2708187
          ],
          [
            -76.7092951,
            37.2707108
          ],
          [
            -76.7092974,
            37.2706227
          ],
          [
            -76.7092975,
            37.2706176
          ],
          [
            -76.7092968,
            37.2706059
          ],
          [
            -76.7092891,
            37.2704687
          ],
          [
            -76.7092817,
            37.2704562
          ],
          [
            -76.7085998,
            37.2701418
          ],
          [
            -76.7085737,
            37.2701014
          ],
          [
            -76.7085698,
            37.2700948
          ]
        ]
      }
    },
    {
      "type": "Feature",
      "properties": {
        "id": 1049798925,
        "highway": "footway",
        "name": null,
        "surface": "asphalt"
      },
      "geometry": {
        "type": "LineString",
        "coordinates": [
          [
            -76.7085698,
            37.2700948
          ],
          [
            -76.7085454,
            37.2700533
          ],
          [
            -76.7085168,
            37.2700015
          ]
        ]
      }
    },
    {
      "type": "Feature",
      "properties": {
        "id": 1049798926,
        "highway": "footway",
        "name": null,
        "surface": "paving_stones"
      },
      "geometry": {
        "type": "LineString",
        "coordinates": [
          [
            -76.7096134,
            37.2704556
          ],
          [
            -76.7094873,
            37.2704498
          ],
          [
            -76.709452,
            37.2704577
          ],
          [
            -76.7092891,
            37.2704687
          ],
          [
            -76.7089347,
            37.2704891
          ],
          [
            -76.7088087,
            37.2704977
          ],
          [
            -76.7087919,
            37.2704988
          ],
          [
            -76.7084524,
            37.2705221
          ],
          [
            -76.7083564,
            37.2705304
          ],
          [
            -76.7083204,
            37.2705336
          ],
          [
            -76.7082622,
            37.2705379
          ],
          [
            -76.7077963,
            37.2707555
          ],
          [
            -76.7075836,
            37.270857
          ],
          [
            -76.7075744,
            37.2708745
          ]
        ]
      }
    },
    {
      "type": "Feature",
      "properties": {
        "id": 1049798927,
        "highway": "footway",
        "name": null,
        "surface": "paving_stones"
      },
      "geometry": {
        "type": "LineString",
        "coordinates": [
          [
            -76.7083287,
            37.2708363
          ],
          [
            -76.7075744,
            37.2708745
          ],
          [
            -76.7075071,
            37.2708777
          ]
        ]
      }
    },
    {
      "type": "Feature",
      "properties": {
        "id": 1049798928,
        "highway": "footway",
        "name": null,
        "surface": "paving_stones"
      },
      "geometry": {
        "type": "LineString",
        "coordinates": [
          [
            -76.7088089,
            37.2714822
          ],
          [
            -76.7088119,
            37.2714319
          ],
          [
            -76.7088095,
            37.2713538
          ],
          [
            -76.7088015,
            37.2711543
          ],
          [
            -76.7088006,
            37.2710218
          ],
          [
            -76.7087999,
            37.2708193
          ],
          [
            -76.7087919,
            37.2704988
          ]
        ]
      }
    },
    {
      "type": "Feature",
      "properties": {
        "id": 1049798929,
        "highway": "footway",
        "name": null,
        "surface": "paving_stones"
      },
      "geometry": {
        "type": "LineString",
        "coordinates": [
          [
            -76.7085998,
            37.2701418
          ],
          [
            -76.7086185,
            37.270177
          ],
          [
            -76.7087116,
            37.2703156
          ],
          [
            -76.7087849,
            37.2704322
          ],
          [
            -76.7088067,
            37.2704693
          ],
          [
            -76.7088087,
            37.2704977
          ]
        ]
      }
    },
    {
      "type": "Feature",
      "properties": {
        "id": 1049798930,
        "highway": "footway",
        "name": null,
        "surface": "paving_stones"
      },
      "geometry": {
        "type": "LineString",
        "coordinates": [
          [
            -76.7096182,
            37.2702951
          ],
          [
            -76.7095647,
            37.2703535
          ],
          [
            -76.709452,
            37.2704577
          ],
          [
            -76.7092974,
            37.2706227
          ]
        ]
      }
    },
    {
      "type": "Feature",
      "properties": {
        "id": 1049798931,
        "highway": "footway",
        "name": null,
        "surface": "paving_stones"
      },
      "geometry": {
        "type": "LineString",
        "coordinates": [
          [
            -76.7096256,
            37.2702129
          ],
          [
            -76.7096902,
            37.2702116
          ],
          [
            -76.709736,
            37.2702099
          ],
          [
            -76.7097501,
            37.2701863
          ],
          [
            -76.7097551,
            37.2700422
          ],
          [
            -76.7097544,
            37.2699646
          ],
          [
            -76.7097163,
            37.2699386
          ]
        ]
      }
    },
    {
      "type": "Feature",
      "properties": {
        "id": 1049798933,
        "highway": "footway",
        "name": null,
        "surface": "paving_stones"
      },
      "geometry": {
        "type": "LineString",
        "coordinates": [
          [
            -76.709736,
            37.2702099
          ],
          [
            -76.709735,
            37.2703152
          ],
          [
            -76.7097302,
            37.2703743
          ],
          [
            -76.7096969,
            37.2704038
          ]
        ]
      }
    },
    {
      "type": "Feature",
      "properties": {
        "id": 1049798934,
        "highway": "footway",
        "name": null,
        "surface": "paving_stones"
      },
      "geometry": {
        "type": "LineString",
        "coordinates": [
          [
            -76.7083917,
            37.2708409
          ],
          [
            -76.7083925,
            37.2708329
          ],
          [
            -76.7083898,
            37.2708244
          ],
          [
            -76.7083836,
            37.2708171
          ],
          [
            -76.7083747,
            37.2708119
          ],
          [
            -76.708364,
            37.2708094
          ],
          [
            -76.708353,
            37.27081
          ],
          [
            -76.7083429,
            37.2708136
          ],
          [
            -76.7083349,
            37.2708196
          ],
          [
            -76.7083299,
            37.2708275
          ],
          [
            -76.7083287,
            37.2708363
          ],
          [
            -76.7083309,
            37.2708441
          ],
          [
            -76.708336,
            37.270851
          ],
          [
            -76.7083435,
            37.2708562
          ],
          [
            -76.7083527,
            37.2708594
          ],
          [
            -76.7083627,
            37.2708601
          ],
          [
            -76.7083725,
            37.2708583
          ],
          [
            -76.7083811,
            37.2708542
          ],
          [
            -76.7083877,
            37.2708482
          ],
          [
            -76.7083917,
            37.2708409
          ]
        ]
      }
    },
    {
      "type": "Feature",
      "properties": {
        "id": 1049798935,
        "highway": "footway",
        "name": null,
        "surface": "paving_stones"
      },
      "geometry": {
        "type": "LineString",
        "coordinates": [
          [
            -76.7083204,
            37.2705336
          ],
          [
            -76.7083471,
            37.2705626
          ],
          [
            -76.7087192,
            37.2707796
          ],
          [
            -76.7087515,
            37.2708181
          ],
          [
            -76.7087371,
            37.270843
          ],
          [
            -76.7084168,
            37.2711042
          ],
          [
            -76.708392,
            37.2711241
          ]
        ]
      }
    },
    {
      "type": "Feature",
      "properties": {
        "id": 1049798936,
        "highway": "footway",
        "name": null,
        "surface": "paving_stones"
      },
      "geometry": {
        "type": "LineString",
        "coordinates": [
          [
            -76.7098107,
            37.271657
          ],
          [
            -76.7097571,
            37.2715971
          ],
          [
            -76.7096379,
            37.2714727
          ],
          [
            -76.7096124,
            37.2714462
          ]
        ]
      }
    },
    {
      "type": "Feature",
      "properties": {
        "id": 1049798937,
        "highway": "footway",
        "name": null,
        "surface": null
      },
      "geometry": {
        "type": "LineString",
        "coordinates": [
          [
            -76.7096481,
            37.2714628
          ],
          [
            -76.7096602,
            37.2714536
          ],
          [
            -76.7097626,
            37.2713834
          ],
          [
            -76.7097653,
            37.2712779
          ],
          [
            -76.7099084,
            37.2712774
          ]
        ]
      }
    },
    {
      "type": "Feature",
      "properties": {
        "id": 1049798938,
        "highway": "footway",
        "name": null,
        "surface": "paving_stones"
      },
      "geometry": {
        "type": "LineString",
        "coordinates": [
          [
            -76.7096379,
            37.2714727
          ],
          [
            -76.7096481,
            37.2714628
          ]
        ]
      }
    },
    {
      "type": "Feature",
      "properties": {
        "id": 1049798939,
        "highway": "footway",
        "name": null,
        "surface": null
      },
      "geometry": {
        "type": "LineString",
        "coordinates": [
          [
            -76.714787,
            37.2702758
          ],
          [
            -76.7148773,
            37.2703067
          ],
          [
            -76.7149589,
            37.2703259
          ],
          [
            -76.7149647,
            37.2703273
          ],
          [
            -76.7149958,
            37.2703329
          ]
        ]
      }
    },
    {
      "type": "Feature",
      "properties": {
        "id": 1049798940,
        "highway": "footway",
        "name": null,
        "surface": null
      },
      "geometry": {
        "type": "LineString",
        "coordinates": [
          [
            -76.714787,
            37.2702758
          ],
          [
            -76.7147315,
            37.2702537
          ],
          [
            -76.7145958,
            37.2701997
          ]
        ]
      }
    },
    {
      "type": "Feature",
      "properties": {
        "id": 1049798942,
        "highway": "footway",
        "name": null,
        "surface": "paving_stones"
      },
      "geometry": {
        "type": "LineString",
        "coordinates": [
          [
            -76.7142796,
            37.2703515
          ],
          [
            -76.7140929,
            37.2703673
          ],
          [
            -76.7140062,
            37.2703758
          ],
          [
            -76.7139697,
            37.270382
          ]
        ]
      }
    },
    {
      "type": "Feature",
      "properties": {
        "id": 1049798943,
        "highway": "footway",
        "name": null,
        "surface": "paving_stones"
      },
      "geometry": {
        "type": "LineString",
        "coordinates": [
          [
            -76.7137252,
            37.270285
          ],
          [
            -76.7132994,
            37.2701132
          ],
          [
            -76.7130189,
            37.27
          ],
          [
            -76.7128899,
            37.2699484
          ],
          [
            -76.7128772,
            37.2699347
          ]
        ]
      }
    },
    {
      "type": "Feature",
      "properties": {
        "id": 1049798944,
        "highway": "footway",
        "name": null,
        "surface": "paving_stones"
      },
      "geometry": {
        "type": "LineString",
        "coordinates": [
          [
            -76.7133702,
            37.2694583
          ],
          [
            -76.7134084,
            37.2695123
          ],
          [
            -76.7134115,
            37.269568
          ],
          [
            -76.713393,
            37.2696182
          ],
          [
            -76.7133643,
            37.2697015
          ]
        ]
      }
    },
    {
      "type": "Feature",
      "properties": {
        "id": 1049798947,
        "highway": "pedestrian",
        "name": null,
        "surface": "paving_stones"
      },
      "geometry": {
        "type": "LineString",
        "coordinates": [
          [
            -76.7133461,
            37.2696029
          ],
          [
            -76.7133348,
            37.2696136
          ],
          [
            -76.7133191,
            37.2696219
          ],
          [
            -76.7132975,
            37.2696267
          ],
          [
            -76.713276,
            37.2696255
          ],
          [
            -76.7132652,
            37.2696227
          ],
          [
            -76.7132551,
            37.2696183
          ],
          [
            -76.7132412,
            37.2696084
          ],
          [
            -76.7132322,
            37.2695971
          ],
          [
            -76.713227,
            37.2695839
          ],
          [
            -76.7132262,
            37.2695717
          ],
          [
            -76.7132305,
            37.2695563
          ],
          [
            -76.7132413,
            37.2695418
          ],
          [
            -76.7132542,
            37.2695324
          ],
          [
            -76.7132612,
            37.2695291
          ],
          [
            -76.7132698,
            37.2695262
          ],
          [
            -76.7132838,
            37.2695236
          ],
          [
            -76.7133011,
            37.2695239
          ],
          [
            -76.7133187,
            37.2695282
          ],
          [
            -76.71333,
            37.2695335
          ],
          [
            -76.7133418,
            37.2695426
          ],
          [
            -76.7133505,
            37.2695537
          ],
          [
            -76.7133553,
            37.2695663
          ],
          [
            -76.7133561,
            37.2695793
          ],
          [
            -76.7133529,
            37.2695916
          ],
          [
            -76.7133461,
            37.2696029
          ]
        ]
      }
    },
    {
      "type": "Feature",
      "properties": {
        "id": 1049798948,
        "highway": "footway",
        "name": null,
        "surface": "paving_stones"
      },
      "geometry": {
        "type": "LineString",
        "coordinates": [
          [
            -76.7134115,
            37.269568
          ],
          [
            -76.7133561,
            37.2695793
          ]
        ]
      }
    },
    {
      "type": "Feature",
      "properties": {
        "id": 1049798949,
        "highway": "footway",
        "name": null,
        "surface": "paving_stones"
      },
      "geometry": {
        "type": "LineString",
        "coordinates": [
          [
            -76.7125005,
            37.2693508
          ],
          [
            -76.7125518,
            37.269272
          ],
          [
            -76.7126683,
            37.2690929
          ],
          [
            -76.7130427,
            37.2692459
          ],
          [
            -76.713062,
            37.2692466
          ],
          [
            -76.7130675,
            37.2692313
          ],
          [
            -76.7130731,
            37.2689143
          ],
          [
            -76.713074,
            37.268604
          ],
          [
            -76.7130648,
            37.2685878
          ],
          [
            -76.7126941,
            37.2687372
          ],
          [
            -76.7125535,
            37.2685456
          ]
        ]
      }
    },
    {
      "type": "Feature",
      "properties": {
        "id": 1049798950,
        "highway": "footway",
        "name": null,
        "surface": "paving_stones"
      },
      "geometry": {
        "type": "LineString",
        "coordinates": [
          [
            -76.7133951,
            37.2689164
          ],
          [
            -76.7130731,
            37.2689143
          ]
        ]
      }
    },
    {
      "type": "Feature",
      "properties": {
        "id": 1049798952,
        "highway": "footway",
        "name": null,
        "surface": "paving_stones"
      },
      "geometry": {
        "type": "LineString",
        "coordinates": [
          [
            -76.7111118,
            37.2700461
          ],
          [
            -76.7111144,
            37.2698724
          ],
          [
            -76.7111156,
            37.2697094
          ],
          [
            -76.7111157,
            37.2697003
          ]
        ]
      }
    },
    {
      "type": "Feature",
      "properties": {
        "id": 1049798953,
        "highway": "footway",
        "name": null,
        "surface": null
      },
      "geometry": {
        "type": "LineString",
        "coordinates": [
          [
            -76.7105792,
            37.2711884
          ],
          [
            -76.7105956,
            37.271208
          ],
          [
            -76.7107516,
            37.2713302
          ],
          [
            -76.7107843,
            37.2713321
          ],
          [
            -76.7108236,
            37.2713317
          ],
          [
            -76.7110016,
            37.2711898
          ]
        ]
      }
    },
    {
      "type": "Feature",
      "properties": {
        "id": 1049798954,
        "highway": "steps",
        "name": null,
        "surface": "paving_stones"
      },
      "geometry": {
        "type": "LineString",
        "coordinates": [
          [
            -76.7101934,
            37.2708201
          ],
          [
            -76.7102283,
            37.2708203
          ]
        ]
      }
    },
    {
      "type": "Feature",
      "properties": {
        "id": 1049798955,
        "highway": "pedestrian",
        "name": "Gooch Drive",
        "surface": "paving_stones"
      },
      "geometry": {
        "type": "LineString",
        "coordinates": [
          [
            -76.7137078,
            37.2712978
          ],
          [
            -76.7137533,
            37.2713249
          ],
          [
            -76.7138083,
            37.2713363
          ],
          [
            -76.7138871,
            37.2713335
          ]
        ]
      }
    },
    {
      "type": "Feature",
      "properties": {
        "id": 1049798957,
        "highway": "steps",
        "name": null,
        "surface": "paving_stones"
      },
      "geometry": {
        "type": "LineString",
        "coordinates": [
          [
            -76.7135199,
            37.2718304
          ],
          [
            -76.7136669,
            37.2718317
          ]
        ]
      }
    },
    {
      "type": "Feature",
      "properties": {
        "id": 1049798958,
        "highway": "footway",
        "name": null,
        "surface": null
      },
      "geometry": {
        "type": "LineString",
        "coordinates": [
          [
            -76.7137825,
            37.2718328
          ],
          [
            -76.7139147,
            37.271834
          ]
        ]
      }
    },
    {
      "type": "Feature",
      "properties": {
        "id": 1049798959,
        "highway": "footway",
        "name": null,
        "surface": "paving_stones"
      },
      "geometry": {
        "type": "LineString",
        "coordinates": [
          [
            -76.713487,
            37.2715386
          ],
          [
            -76.7136824,
            37.2715716
          ],
          [
            -76.7137135,
            37.2715767
          ]
        ]
      }
    },
    {
      "type": "Feature",
      "properties": {
        "id": 1049798960,
        "highway": "footway",
        "name": null,
        "surface": "paving_stones"
      },
      "geometry": {
        "type": "LineString",
        "coordinates": [
          [
            -76.7136824,
            37.2715716
          ],
          [
            -76.7136828,
            37.27158
          ]
        ]
      }
    },
    {
      "type": "Feature",
      "properties": {
        "id": 1049798961,
        "highway": "steps",
        "name": null,
        "surface": null
      },
      "geometry": {
        "type": "LineString",
        "coordinates": [
          [
            -76.7136828,
            37.27158
          ],
          [
            -76.7136873,
            37.271603
          ],
          [
            -76.713694,
            37.2716277
          ],
          [
            -76.713702,
            37.2716441
          ],
          [
            -76.7137146,
            37.2716608
          ],
          [
            -76.7137282,
            37.271677
          ]
        ]
      }
    },
    {
      "type": "Feature",
      "properties": {
        "id": 1049798962,
        "highway": "footway",
        "name": null,
        "surface": "paving_stones"
      },
      "geometry": {
        "type": "LineString",
        "coordinates": [
          [
            -76.7135199,
            37.2718114
          ],
          [
            -76.7135005,
            37.2717982
          ]
        ]
      }
    },
    {
      "type": "Feature",
      "properties": {
        "id": 1049798963,
        "highway": "footway",
        "name": null,
        "surface": "asphalt"
      },
      "geometry": {
        "type": "LineString",
        "coordinates": [
          [
            -76.7135005,
            37.2717982
          ],
          [
            -76.7134729,
            37.2717905
          ],
          [
            -76.7134479,
            37.2717835
          ]
        ]
      }
    },
    {
      "type": "Feature",
      "properties": {
        "id": 1049798964,
        "highway": "footway",
        "name": null,
        "surface": "asphalt"
      },
      "geometry": {
        "type": "LineString",
        "coordinates": [
          [
            -76.71338,
            37.2717618
          ],
          [
            -76.7133416,
            37.2717548
          ],
          [
            -76.7133063,
            37.2717483
          ]
        ]
      }
    },
    {
      "type": "Feature",
      "properties": {
        "id": 1049798965,
        "highway": "footway",
        "name": null,
        "surface": "paving_stones"
      },
      "geometry": {
        "type": "LineString",
        "coordinates": [
          [
            -76.7134479,
            37.2717835
          ],
          [
            -76.71338,
            37.2717618
          ]
        ]
      }
    },
    {
      "type": "Feature",
      "properties": {
        "id": 1049798966,
        "highway": "footway",
        "name": null,
        "surface": "paving_stones"
      },
      "geometry": {
        "type": "LineString",
        "coordinates": [
          [
            -76.7133063,
            37.2717483
          ],
          [
            -76.7131368,
            37.2716933
          ]
        ]
      }
    },
    {
      "type": "Feature",
      "properties": {
        "id": 1049798967,
        "highway": "footway",
        "name": null,
        "surface": "asphalt"
      },
      "geometry": {
        "type": "LineString",
        "coordinates": [
          [
            -76.7131368,
            37.2716933
          ],
          [
            -76.7130821,
            37.271668
          ],
          [
            -76.7130357,
            37.2716465
          ]
        ]
      }
    },
    {
      "type": "Feature",
      "properties": {
        "id": 1049798968,
        "highway": "footway",
        "name": null,
        "surface": "paving_stones"
      },
      "geometry": {
        "type": "LineString",
        "coordinates": [
          [
            -76.7130357,
            37.2716465
          ],
          [
            -76.7130109,
            37.2716321
          ]
        ]
      }
    },
    {
      "type": "Feature",
      "properties": {
        "id": 1049798969,
        "highway": "footway",
        "name": null,
        "surface": "paving_stones"
      },
      "geometry": {
        "type": "LineString",
        "coordinates": [
          [
            -76.7119267,
            37.2695393
          ],
          [
            -76.7119858,
            37.2694485
          ],
          [
            -76.7119945,
            37.269435
          ],
          [
            -76.7120759,
            37.26931
          ]
        ]
      }
    },
    {
      "type": "Feature",
      "properties": {
        "id": 1049798970,
        "highway": "footway",
        "name": null,
        "surface": null
      },
      "geometry": {
        "type": "LineString",
        "coordinates": [
          [
            -76.7123911,
            37.2695308
          ],
          [
            -76.7124361,
            37.2694596
          ]
        ]
      }
    },
    {
      "type": "Feature",
      "properties": {
        "id": 1049798971,
        "highway": "footway",
        "name": null,
        "surface": "paving_stones"
      },
      "geometry": {
        "type": "LineString",
        "coordinates": [
          [
            -76.7138899,
            37.2700491
          ],
          [
            -76.7137336,
            37.2702726
          ],
          [
            -76.7137252,
            37.270285
          ]
        ]
      }
    },
    {
      "type": "Feature",
      "properties": {
        "id": 1049798972,
        "highway": "footway",
        "name": null,
        "surface": null
      },
      "geometry": {
        "type": "LineString",
        "coordinates": [
          [
            -76.7140563,
            37.2701392
          ],
          [
            -76.714038,
            37.2701264
          ],
          [
            -76.71402,
            37.2701154
          ]
        ]
      }
    },
    {
      "type": "Feature",
      "properties": {
        "id": 1049811002,
        "highway": "footway",
        "name": null,
        "surface": "paving_stones"
      },
      "geometry": {
        "type": "LineString",
        "coordinates": [
          [
            -76.7106815,
            37.2698449
          ],
          [
            -76.7106866,
            37.2698853
          ],
          [
            -76.7106884,
            37.2699414
          ]
        ]
      }
    },
    {
      "type": "Feature",
      "properties": {
        "id": 1049811003,
        "highway": "footway",
        "name": null,
        "surface": "paving_stones"
      },
      "geometry": {
        "type": "LineString",
        "coordinates": [
          [
            -76.7101428,
            37.2698443
          ],
          [
            -76.7101421,
            37.2698332
          ],
          [
            -76.7101377,
            37.2698164
          ],
          [
            -76.7101213,
            37.2697857
          ],
          [
            -76.7101108,
            37.269766
          ]
        ]
      }
    },
    {
      "type": "Feature",
      "properties": {
        "id": 1049811004,
        "highway": "footway",
        "name": null,
        "surface": null
      },
      "geometry": {
        "type": "LineString",
        "coordinates": [
          [
            -76.7110777,
            37.2697089
          ],
          [
            -76.7111156,
            37.2697094
          ]
        ]
      }
    },
    {
      "type": "Feature",
      "properties": {
        "id": 1049814812,
        "highway": "footway",
        "name": null,
        "surface": "paving_stones"
      },
      "geometry": {
        "type": "LineString",
        "coordinates": [
          [
            -76.7103609,
            37.2705739
          ],
          [
            -76.7103609,
            37.2704508
          ]
        ]
      }
    },
    {
      "type": "Feature",
      "properties": {
        "id": 1049814813,
        "highway": "footway",
        "name": null,
        "surface": "paving_stones"
      },
      "geometry": {
        "type": "LineString",
        "coordinates": [
          [
            -76.7103587,
            37.2702296
          ],
          [
            -76.7100769,
            37.2704374
          ],
          [
            -76.7100625,
            37.2704621
          ]
        ]
      }
    },
    {
      "type": "Feature",
      "properties": {
        "id": 1049814814,
        "highway": "footway",
        "name": null,
        "surface": "paving_stones"
      },
      "geometry": {
        "type": "LineString",
        "coordinates": [
          [
            -76.7092912,
            37.2709249
          ],
          [
            -76.7091175,
            37.2708267
          ],
          [
            -76.7091142,
            37.2708184
          ],
          [
            -76.7091168,
            37.270808
          ],
          [
            -76.7092951,
            37.2707108
          ]
        ]
      }
    },
    {
      "type": "Feature",
      "properties": {
        "id": 1049814815,
        "highway": "footway",
        "name": null,
        "surface": "paving_stones"
      },
      "geometry": {
        "type": "LineString",
        "coordinates": [
          [
            -76.7096138,
            37.2713171
          ],
          [
            -76.709452,
            37.2711801
          ],
          [
            -76.709438,
            37.2711662
          ]
        ]
      }
    },
    {
      "type": "Feature",
      "properties": {
        "id": 1049814816,
        "highway": "footway",
        "name": null,
        "surface": "paving_stones"
      },
      "geometry": {
        "type": "LineString",
        "coordinates": [
          [
            -76.70976,
            37.2711857
          ],
          [
            -76.7096138,
            37.2713171
          ]
        ]
      }
    },
    {
      "type": "Feature",
      "properties": {
        "id": 1049814817,
        "highway": "footway",
        "name": null,
        "surface": "paving_stones"
      },
      "geometry": {
        "type": "LineString",
        "coordinates": [
          [
            -76.7096138,
            37.2713171
          ],
          [
            -76.7095822,
            37.2713491
          ],
          [
            -76.7094809,
            37.2714403
          ],
          [
            -76.7093304,
            37.2715772
          ],
          [
            -76.7091379,
            37.2717509
          ]
        ]
      }
    },
    {
      "type": "Feature",
      "properties": {
        "id": 1049814818,
        "highway": "footway",
        "name": null,
        "surface": "paving_stones"
      },
      "geometry": {
        "type": "LineString",
        "coordinates": [
          [
            -76.7094596,
            37.2717752
          ],
          [
            -76.7094615,
            37.2717634
          ],
          [
            -76.7094638,
            37.2717506
          ],
          [
            -76.7094665,
            37.2717418
          ],
          [
            -76.7094712,
            37.2717314
          ],
          [
            -76.7094769,
            37.2717239
          ],
          [
            -76.709485,
            37.2717141
          ],
          [
            -76.7094937,
            37.2717045
          ],
          [
            -76.7095027,
            37.2716943
          ],
          [
            -76.7095135,
            37.2716866
          ],
          [
            -76.7095275,
            37.271677
          ],
          [
            -76.709543,
            37.271669
          ],
          [
            -76.7095597,
            37.2716612
          ],
          [
            -76.7095731,
            37.2716556
          ],
          [
            -76.7095919,
            37.2716503
          ],
          [
            -76.7096117,
            37.2716461
          ],
          [
            -76.7096298,
            37.2716423
          ],
          [
            -76.7096482,
            37.2716402
          ],
          [
            -76.7096647,
            37.2716388
          ],
          [
            -76.7096811,
            37.2716396
          ],
          [
            -76.7096999,
            37.2716412
          ],
          [
            -76.7097176,
            37.2716447
          ],
          [
            -76.7097371,
            37.2716508
          ],
          [
            -76.7097518,
            37.2716556
          ],
          [
            -76.7097602,
            37.2716578
          ],
          [
            -76.7097848,
            37.2716591
          ],
          [
            -76.7098107,
            37.271657
          ]
        ]
      }
    },
    {
      "type": "Feature",
      "properties": {
        "id": 1049814819,
        "highway": "steps",
        "name": null,
        "surface": null
      },
      "geometry": {
        "type": "LineString",
        "coordinates": [
          [
            -76.7098325,
            37.269968
          ],
          [
            -76.7098069,
            37.269966
          ]
        ]
      }
    },
    {
      "type": "Feature",
      "properties": {
        "id": 1049814820,
        "highway": "footway",
        "name": null,
        "surface": "paving_stones"
      },
      "geometry": {
        "type": "LineString",
        "coordinates": [
          [
            -76.7098069,
            37.269966
          ],
          [
            -76.7097544,
            37.2699646
          ]
        ]
      }
    },
    {
      "type": "Feature",
      "properties": {
        "id": 1049814821,
        "highway": "footway",
        "name": null,
        "surface": "paving_stones"
      },
      "geometry": {
        "type": "LineString",
        "coordinates": [
          [
            -76.7096287,
            37.269964
          ],
          [
            -76.709631,
            37.2699485
          ],
          [
            -76.7095949,
            37.26991
          ],
          [
            -76.7095768,
            37.2698825
          ]
        ]
      }
    },
    {
      "type": "Feature",
      "properties": {
        "id": 1049826088,
        "highway": "footway",
        "name": null,
        "surface": "asphalt"
      },
      "geometry": {
        "type": "LineString",
        "coordinates": [
          [
            -76.7168467,
            37.2712794
          ],
          [
            -76.7168276,
            37.27126
          ],
          [
            -76.7167977,
            37.2712474
          ],
          [
            -76.7167113,
            37.2712267
          ],
          [
            -76.7166256,
            37.2712126
          ],
          [
            -76.7165157,
            37.2711996
          ],
          [
            -76.7164484,
            37.2712103
          ],
          [
            -76.7163946,
            37.2711849
          ],
          [
            -76.7163123,
            37.2711624
          ],
          [
            -76.7162428,
            37.27115
          ],
          [
            -76.7161953,
            37.2711421
          ],
          [
            -76.7160366,
            37.2711133
          ],
          [
            -76.7159224,
            37.2710896
          ],
          [
            -76.715797,
            37.2710626
          ],
          [
            -76.7156694,
            37.2710321
          ],
          [
            -76.7155248,
            37.2709988
          ],
          [
            -76.7154478,
            37.2709755
          ],
          [
            -76.7153909,
            37.2709582
          ],
          [
            -76.7152463,
            37.2709165
          ],
          [
            -76.71513,
            37.2708821
          ],
          [
            -76.7150152,
            37.2708488
          ],
          [
            -76.7149514,
            37.2708347
          ],
          [
            -76.7148578,
            37.2708211
          ],
          [
            -76.7147218,
            37.2708093
          ],
          [
            -76.7146027,
            37.2707986
          ],
          [
            -76.7145339,
            37.2707913
          ],
          [
            -76.7144007,
            37.2707721
          ],
          [
            -76.7143465,
            37.2707637
          ]
        ]
      }
    },
    {
      "type": "Feature",
      "properties": {
        "id": 1049826089,
        "highway": "footway",
        "name": null,
        "surface": "asphalt"
      },
      "geometry": {
        "type": "LineString",
        "coordinates": [
          [
            -76.714417,
            37.2705715
          ],
          [
            -76.714362,
            37.2705669
          ]
        ]
      }
    },
    {
      "type": "Feature",
      "properties": {
        "id": 1049826090,
        "highway": "footway",
        "name": null,
        "surface": "asphalt"
      },
      "geometry": {
        "type": "LineString",
        "coordinates": [
          [
            -76.7143179,
            37.2705065
          ],
          [
            -76.7143722,
            37.2705124
          ]
        ]
      }
    },
    {
      "type": "Feature",
      "properties": {
        "id": 1049826091,
        "highway": "footway",
        "name": null,
        "surface": null
      },
      "geometry": {
        "type": "LineString",
        "coordinates": [
          [
            -76.7145958,
            37.2701997
          ],
          [
            -76.7145479,
            37.270259
          ],
          [
            -76.7144995,
            37.2703381
          ]
        ]
      }
    },
    {
      "type": "Feature",
      "properties": {
        "id": 1049826092,
        "highway": "footway",
        "name": null,
        "surface": "asphalt"
      },
      "geometry": {
        "type": "LineString",
        "coordinates": [
          [
            -76.7144536,
            37.2704277
          ],
          [
            -76.714391,
            37.270412
          ]
        ]
      }
    },
    {
      "type": "Feature",
      "properties": {
        "id": 1049826093,
        "highway": "footway",
        "name": null,
        "surface": "asphalt"
      },
      "geometry": {
        "type": "LineString",
        "coordinates": [
          [
            -76.7144995,
            37.2703381
          ],
          [
            -76.7143993,
            37.2703443
          ],
          [
            -76.7142796,
            37.2703515
          ]
        ]
      }
    },
    {
      "type": "Feature",
      "properties": {
        "id": 1049826094,
        "highway": "footway",
        "name": null,
        "surface": "asphalt"
      },
      "geometry": {
        "type": "LineString",
        "coordinates": [
          [
            -76.7161926,
            37.270985
          ],
          [
            -76.7161393,
            37.2709747
          ],
          [
            -76.71606,
            37.2709638
          ],
          [
            -76.7159955,
            37.270953
          ],
          [
            -76.7159513,
            37.2709413
          ],
          [
            -76.7159196,
            37.2709302
          ],
          [
            -76.7158866,
            37.2709158
          ],
          [
            -76.7158319,
            37.2708876
          ],
          [
            -76.7157984,
            37.2708704
          ],
          [
            -76.7157428,
            37.2708416
          ],
          [
            -76.7156968,
            37.270818
          ],
          [
            -76.7156637,
            37.2708005
          ],
          [
            -76.7156299,
            37.2707855
          ],
          [
            -76.7155951,
            37.2707746
          ],
          [
            -76.7155616,
            37.2707667
          ],
          [
            -76.7155282,
            37.2707623
          ],
          [
            -76.7154999,
            37.2707594
          ],
          [
            -76.7154338,
            37.2707518
          ],
          [
            -76.7153927,
            37.2707474
          ],
          [
            -76.7153578,
            37.2707416
          ],
          [
            -76.7153182,
            37.2707318
          ],
          [
            -76.715293,
            37.2707251
          ],
          [
            -76.7152651,
            37.2707158
          ],
          [
            -76.7152347,
            37.270704
          ],
          [
            -76.7151976,
            37.2706867
          ],
          [
            -76.7151526,
            37.2706649
          ],
          [
            -76.7151237,
            37.2706516
          ],
          [
            -76.7150926,
            37.2706418
          ],
          [
            -76.7150449,
            37.2706289
          ],
          [
            -76.7150087,
            37.2706187
          ],
          [
            -76.7149226,
            37.2706057
          ],
          [
            -76.7148463,
            37.2705934
          ],
          [
            -76.7147433,
            37.2705771
          ],
          [
            -76.714696,
            37.2705689
          ],
          [
            -76.7146679,
            37.2705641
          ],
          [
            -76.7146335,
            37.2705633
          ],
          [
            -76.7145739,
            37.2705642
          ],
          [
            -76.7144852,
            37.2705707
          ],
          [
            -76.7144341,
            37.2705726
          ],
          [
            -76.714417,
            37.2705715
          ]
        ]
      }
    },
    {
      "type": "Feature",
      "properties": {
        "id": 1049826100,
        "highway": "footway",
        "name": null,
        "surface": "asphalt"
      },
      "geometry": {
        "type": "LineString",
        "coordinates": [
          [
            -76.7150198,
            37.270592
          ],
          [
            -76.7150087,
            37.2706187
          ]
        ]
      }
    },
    {
      "type": "Feature",
      "properties": {
        "id": 1049826101,
        "highway": "footway",
        "name": null,
        "surface": "asphalt"
      },
      "geometry": {
        "type": "LineString",
        "coordinates": [
          [
            -76.7164484,
            37.2712103
          ],
          [
            -76.7164319,
            37.2712611
          ],
          [
            -76.7164215,
            37.2712841
          ],
          [
            -76.7163947,
            37.2713436
          ],
          [
            -76.7163664,
            37.2713848
          ],
          [
            -76.7163485,
            37.2714041
          ],
          [
            -76.7162886,
            37.2714009
          ],
          [
            -76.7162056,
            37.2714029
          ],
          [
            -76.7160992,
            37.2714127
          ],
          [
            -76.716042,
            37.2714214
          ],
          [
            -76.7159348,
            37.2714484
          ],
          [
            -76.7158827,
            37.2714623
          ],
          [
            -76.7158288,
            37.2714829
          ],
          [
            -76.7157756,
            37.2715035
          ],
          [
            -76.7157472,
            37.2715157
          ],
          [
            -76.7157002,
            37.2715499
          ],
          [
            -76.7156277,
            37.271598
          ],
          [
            -76.715584,
            37.271607
          ],
          [
            -76.715533,
            37.2716276
          ],
          [
            -76.7154619,
            37.2716644
          ],
          [
            -76.7154087,
            37.2716835
          ],
          [
            -76.7153406,
            37.2717053
          ],
          [
            -76.7152841,
            37.2717305
          ],
          [
            -76.7152448,
            37.2717517
          ],
          [
            -76.7152114,
            37.2717852
          ]
        ]
      }
    },
    {
      "type": "Feature",
      "properties": {
        "id": 1049826102,
        "highway": "footway",
        "name": null,
        "surface": "asphalt"
      },
      "geometry": {
        "type": "LineString",
        "coordinates": [
          [
            -76.7156277,
            37.271598
          ],
          [
            -76.7155967,
            37.2716325
          ],
          [
            -76.7155322,
            37.2716951
          ],
          [
            -76.7154976,
            37.2717369
          ],
          [
            -76.7154619,
            37.2717896
          ],
          [
            -76.7154324,
            37.2718372
          ],
          [
            -76.715404,
            37.2718909
          ]
        ]
      }
    },
    {
      "type": "Feature",
      "properties": {
        "id": 1049826103,
        "highway": "footway",
        "name": null,
        "surface": "asphalt"
      },
      "geometry": {
        "type": "LineString",
        "coordinates": [
          [
            -76.7142041,
            37.2707664
          ],
          [
            -76.7142581,
            37.270763
          ]
        ]
      }
    },
    {
      "type": "Feature",
      "properties": {
        "id": 1049826105,
        "highway": "footway",
        "name": null,
        "surface": "asphalt"
      },
      "geometry": {
        "type": "LineString",
        "coordinates": [
          [
            -76.7143465,
            37.2707637
          ],
          [
            -76.7142682,
            37.2707528
          ]
        ]
      }
    },
    {
      "type": "Feature",
      "properties": {
        "id": 1049826126,
        "highway": "footway",
        "name": null,
        "surface": "paving_stones"
      },
      "geometry": {
        "type": "LineString",
        "coordinates": [
          [
            -76.7142041,
            37.2707664
          ],
          [
            -76.7141708,
            37.2707726
          ]
        ]
      }
    },
    {
      "type": "Feature",
      "properties": {
        "id": 1049838536,
        "highway": "footway",
        "name": null,
        "surface": null
      },
      "geometry": {
        "type": "LineString",
        "coordinates": [
          [
            -76.7118683,
            37.2687641
          ],
          [
            -76.711898,
            37.2688122
          ]
        ]
      }
    },
    {
      "type": "Feature",
      "properties": {
        "id": 1049845159,
        "highway": "footway",
        "name": null,
        "surface": "paving_stones"
      },
      "geometry": {
        "type": "LineString",
        "coordinates": [
          [
            -76.7114443,
            37.2700561
          ],
          [
            -76.7114305,
            37.270056
          ]
        ]
      }
    },
    {
      "type": "Feature",
      "properties": {
        "id": 1049857251,
        "highway": "footway",
        "name": null,
        "surface": "concrete"
      },
      "geometry": {
        "type": "LineString",
        "coordinates": [
          [
            -76.709671,
            37.2696541
          ],
          [
            -76.7096294,
            37.2696703
          ],
          [
            -76.7095893,
            37.269686
          ]
        ]
      }
    },
    {
      "type": "Feature",
      "properties": {
        "id": 1049857252,
        "highway": "footway",
        "name": null,
        "surface": "paving_stones"
      },
      "geometry": {
        "type": "LineString",
        "coordinates": [
          [
            -76.7095893,
            37.269686
          ],
          [
            -76.7094874,
            37.2697278
          ],
          [
            -76.709364,
            37.2697779
          ]
        ]
      }
    },
    {
      "type": "Feature",
      "properties": {
        "id": 1049857253,
        "highway": "footway",
        "name": null,
        "surface": "concrete"
      },
      "geometry": {
        "type": "LineString",
        "coordinates": [
          [
            -76.709364,
            37.2697779
          ],
          [
            -76.7093224,
            37.2697942
          ],
          [
            -76.709284,
            37.2698107
          ]
        ]
      }
    },
    {
      "type": "Feature",
      "properties": {
        "id": 1049857254,
        "highway": "footway",
        "name": null,
        "surface": "paving_stones"
      },
      "geometry": {
        "type": "LineString",
        "coordinates": [
          [
            -76.7099146,
            37.2697232
          ],
          [
            -76.709899,
            37.2697277
          ]
        ]
      }
    },
    {
      "type": "Feature",
      "properties": {
        "id": 1049857255,
        "highway": "footway",
        "name": null,
        "surface": "paving_stones"
      },
      "geometry": {
        "type": "LineString",
        "coordinates": [
          [
            -76.7099124,
            37.2697405
          ],
          [
            -76.7098914,
            37.2697742
          ],
          [
            -76.7098257,
            37.2698633
          ],
          [
            -76.7098038,
            37.2698886
          ]
        ]
      }
    },
    {
      "type": "Feature",
      "properties": {
        "id": 1049857256,
        "highway": "footway",
        "name": null,
        "surface": "asphalt"
      },
      "geometry": {
        "type": "LineString",
        "coordinates": [
          [
            -76.7095768,
            37.2698825
          ],
          [
            -76.7095541,
            37.2698435
          ]
        ]
      }
    },
    {
      "type": "Feature",
      "properties": {
        "id": 1049857257,
        "highway": "footway",
        "name": null,
        "surface": "paving_stones"
      },
      "geometry": {
        "type": "LineString",
        "coordinates": [
          [
            -76.7092101,
            37.2699648
          ],
          [
            -76.7094291,
            37.2699648
          ],
          [
            -76.709516,
            37.2699637
          ],
          [
            -76.709584,
            37.2699631
          ],
          [
            -76.7096287,
            37.269964
          ]
        ]
      }
    },
    {
      "type": "Feature",
      "properties": {
        "id": 1049865948,
        "highway": "footway",
        "name": null,
        "surface": null
      },
      "geometry": {
        "type": "LineString",
        "coordinates": [
          [
            -76.7074833,
            37.2704004
          ],
          [
            -76.7074113,
            37.2704044
          ],
          [
            -76.7073397,
            37.2704084
          ]
        ]
      }
    },
    {
      "type": "Feature",
      "properties": {
        "id": 1049865949,
        "highway": "footway",
        "name": null,
        "surface": "asphalt"
      },
      "geometry": {
        "type": "LineString",
        "coordinates": [
          [
            -76.7074542,
            37.2700719
          ],
          [
            -76.7073815,
            37.2700727
          ],
          [
            -76.7073138,
            37.2700734
          ]
        ]
      }
    },
    {
      "type": "Feature",
      "properties": {
        "id": 1049865950,
        "highway": "footway",
        "name": null,
        "surface": "paving_stones"
      },
      "geometry": {
        "type": "LineString",
        "coordinates": [
          [
            -76.7074833,
            37.2704004
          ],
          [
            -76.7074929,
            37.2703992
          ],
          [
            -76.7075065,
            37.2703975
          ],
          [
            -76.7075296,
            37.2703909
          ],
          [
            -76.7075526,
            37.2703794
          ],
          [
            -76.707568,
            37.2703705
          ],
          [
            -76.7075793,
            37.2703627
          ]
        ]
      }
    },
    {
      "type": "Feature",
      "properties": {
        "id": 1049865951,
        "highway": "footway",
        "name": null,
        "surface": null
      },
      "geometry": {
        "type": "LineString",
        "coordinates": [
          [
            -76.7075793,
            37.2703627
          ],
          [
            -76.7076089,
            37.2703451
          ],
          [
            -76.7076403,
            37.2703208
          ]
        ]
      }
    },
    {
      "type": "Feature",
      "properties": {
        "id": 1049865952,
        "highway": "footway",
        "name": null,
        "surface": "paving_stones"
      },
      "geometry": {
        "type": "LineString",
        "coordinates": [
          [
            -76.7077626,
            37.2704138
          ],
          [
            -76.7077433,
            37.2704251
          ],
          [
            -76.7076688,
            37.2704706
          ],
          [
            -76.7075794,
            37.2705218
          ],
          [
            -76.7075401,
            37.2705423
          ],
          [
            -76.7075323,
            37.270545
          ],
          [
            -76.7075225,
            37.2705483
          ],
          [
            -76.707507,
            37.2705482
          ],
          [
            -76.707505,
            37.270539
          ],
          [
            -76.7075021,
            37.2705196
          ],
          [
            -76.7074986,
            37.2704791
          ],
          [
            -76.7074938,
            37.2704157
          ],
          [
            -76.7074929,
            37.2703992
          ]
        ]
      }
    },
    {
      "type": "Feature",
      "properties": {
        "id": 1049865953,
        "highway": "footway",
        "name": null,
        "surface": "asphalt"
      },
      "geometry": {
        "type": "LineString",
        "coordinates": [
          [
            -76.7077626,
            37.2704138
          ],
          [
            -76.7078079,
            37.2703887
          ],
          [
            -76.7078535,
            37.2703634
          ]
        ]
      }
    },
    {
      "type": "Feature",
      "properties": {
        "id": 1049865954,
        "highway": "footway",
        "name": null,
        "surface": "paving_stones"
      },
      "geometry": {
        "type": "LineString",
        "coordinates": [
          [
            -76.7078535,
            37.2703634
          ],
          [
            -76.7078584,
            37.2703561
          ]
        ]
      }
    },
    {
      "type": "Feature",
      "properties": {
        "id": 1049865955,
        "highway": "footway",
        "name": null,
        "surface": "paving_stones"
      },
      "geometry": {
        "type": "LineString",
        "coordinates": [
          [
            -76.7115804,
            37.2685386
          ],
          [
            -76.711693,
            37.2687097
          ],
          [
            -76.7111189,
            37.2689516
          ],
          [
            -76.710663,
            37.2691406
          ],
          [
            -76.7102565,
            37.2693085
          ],
          [
            -76.710218,
            37.2693237
          ],
          [
            -76.7099551,
            37.2694277
          ],
          [
            -76.7098677,
            37.2694623
          ],
          [
            -76.7094438,
            37.2696293
          ],
          [
            -76.7093309,
            37.2696753
          ],
          [
            -76.7092825,
            37.269695
          ],
          [
            -76.7091337,
            37.2697546
          ],
          [
            -76.7090355,
            37.2697935
          ],
          [
            -76.7090291,
            37.2697958
          ],
          [
            -76.7089583,
            37.2698253
          ],
          [
            -76.7089276,
            37.2698379
          ],
          [
            -76.7087772,
            37.2698969
          ],
          [
            -76.7085168,
            37.2700015
          ],
          [
            -76.7084342,
            37.2700355
          ],
          [
            -76.7083832,
            37.2700595
          ],
          [
            -76.7083353,
            37.2700842
          ],
          [
            -76.7082321,
            37.2701403
          ],
          [
            -76.7081925,
            37.2701634
          ],
          [
            -76.7081607,
            37.2701819
          ],
          [
            -76.7081172,
            37.2702093
          ],
          [
            -76.708007,
            37.2702721
          ],
          [
            -76.7079605,
            37.2702996
          ],
          [
            -76.7079364,
            37.2703151
          ],
          [
            -76.7079074,
            37.2703339
          ],
          [
            -76.707886,
            37.270347
          ],
          [
            -76.707871,
            37.2703531
          ],
          [
            -76.7078584,
            37.2703561
          ],
          [
            -76.7078388,
            37.2703565
          ],
          [
            -76.7078121,
            37.2703541
          ],
          [
            -76.707721,
            37.2703386
          ],
          [
            -76.7076721,
            37.2703283
          ],
          [
            -76.7076403,
            37.2703208
          ],
          [
            -76.7076115,
            37.2703108
          ],
          [
            -76.7075802,
            37.2702961
          ],
          [
            -76.7075494,
            37.2702776
          ],
          [
            -76.7075225,
            37.2702555
          ],
          [
            -76.7075017,
            37.2702331
          ],
          [
            -76.7074813,
            37.2702022
          ],
          [
            -76.7074703,
            37.2701784
          ],
          [
            -76.7074648,
            37.2701525
          ],
          [
            -76.7074589,
            37.2701163
          ],
          [
            -76.7074542,
            37.2700719
          ],
          [
            -76.7074507,
            37.2700311
          ],
          [
            -76.7074464,
            37.2699877
          ],
          [
            -76.7074409,
            37.2699257
          ],
          [
            -76.7074307,
            37.2698187
          ],
          [
            -76.7074208,
            37.2697106
          ],
          [
            -76.7074149,
            37.2696467
          ],
          [
            -76.7074098,
            37.2695893
          ],
          [
            -76.7074064,
            37.2695499
          ],
          [
            -76.7074032,
            37.2695134
          ],
          [
            -76.7073978,
            37.2694446
          ],
          [
            -76.707392,
            37.2693517
          ],
          [
            -76.7073846,
            37.2692539
          ],
          [
            -76.7073779,
            37.2691646
          ],
          [
            -76.7073721,
            37.2690984
          ],
          [
            -76.7073659,
            37.2690121
          ],
          [
            -76.7073643,
            37.2689798
          ],
          [
            -76.7073655,
            37.2689653
          ],
          [
            -76.7073669,
            37.2689573
          ],
          [
            -76.7073742,
            37.2689468
          ],
          [
            -76.7073883,
            37.2689337
          ],
          [
            -76.7074003,
            37.2689261
          ],
          [
            -76.7074193,
            37.2689199
          ],
          [
            -76.7074384,
            37.2689172
          ],
          [
            -76.7074992,
            37.2689143
          ],
          [
            -76.7076505,
            37.26891
          ]
        ]
      }
    },
    {
      "type": "Feature",
      "properties": {
        "id": 1050031086,
        "highway": "footway",
        "name": null,
        "surface": "concrete"
      },
      "geometry": {
        "type": "LineString",
        "coordinates": [
          [
            -76.7090291,
            37.2697958
          ],
          [
            -76.7090015,
            37.2697613
          ],
          [
            -76.7089922,
            37.2697492
          ],
          [
            -76.7089732,
            37.2697083
          ],
          [
            -76.7089547,
            37.2696559
          ],
          [
            -76.7089056,
            37.2695611
          ],
          [
            -76.708872,
            37.2694994
          ],
          [
            -76.7088354,
            37.2694356
          ],
          [
            -76.7088178,
            37.2694054
          ]
        ]
      }
    },
    {
      "type": "Feature",
      "properties": {
        "id": 1050031087,
        "highway": "footway",
        "name": null,
        "surface": "paving_stones"
      },
      "geometry": {
        "type": "LineString",
        "coordinates": [
          [
            -76.7087772,
            37.2698969
          ],
          [
            -76.7087419,
            37.2698571
          ],
          [
            -76.7087075,
            37.26981
          ],
          [
            -76.7086863,
            37.2697667
          ],
          [
            -76.7086645,
            37.2697183
          ],
          [
            -76.708653,
            37.2696956
          ],
          [
            -76.7086276,
            37.2696457
          ],
          [
            -76.7086064,
            37.2695826
          ],
          [
            -76.7086021,
            37.2695104
          ],
          [
            -76.7085972,
            37.2694633
          ],
          [
            -76.7085825,
            37.269395
          ],
          [
            -76.7085592,
            37.2693323
          ],
          [
            -76.7085595,
            37.2692792
          ],
          [
            -76.7085699,
            37.2692437
          ],
          [
            -76.7085571,
            37.2692128
          ],
          [
            -76.7085305,
            37.2691681
          ],
          [
            -76.7085189,
            37.2690963
          ],
          [
            -76.708513,
            37.2690156
          ],
          [
            -76.7085073,
            37.2689561
          ],
          [
            -76.7084751,
            37.268927
          ],
          [
            -76.7084487,
            37.2689045
          ]
        ]
      }
    },
    {
      "type": "Feature",
      "properties": {
        "id": 1050031088,
        "highway": "footway",
        "name": null,
        "surface": "paving_stones"
      },
      "geometry": {
        "type": "LineString",
        "coordinates": [
          [
            -76.7088178,
            37.2694054
          ],
          [
            -76.7087762,
            37.2693699
          ],
          [
            -76.7087212,
            37.2693297
          ],
          [
            -76.7086602,
            37.2692843
          ],
          [
            -76.708621,
            37.2692616
          ],
          [
            -76.7085699,
            37.2692437
          ]
        ]
      }
    },
    {
      "type": "Feature",
      "properties": {
        "id": 1050031090,
        "highway": "footway",
        "name": null,
        "surface": null
      },
      "geometry": {
        "type": "LineString",
        "coordinates": [
          [
            -76.7091337,
            37.2697546
          ],
          [
            -76.7091317,
            37.2697345
          ],
          [
            -76.7091379,
            37.2697103
          ],
          [
            -76.7091497,
            37.2696896
          ],
          [
            -76.7091708,
            37.2696738
          ],
          [
            -76.7091911,
            37.2696614
          ],
          [
            -76.7092129,
            37.2696542
          ],
          [
            -76.7092392,
            37.2696497
          ],
          [
            -76.7092645,
            37.269651
          ],
          [
            -76.7092881,
            37.2696565
          ],
          [
            -76.709311,
            37.2696644
          ],
          [
            -76.7093309,
            37.2696753
          ]
        ]
      }
    },
    {
      "type": "Feature",
      "properties": {
        "id": 1050031091,
        "highway": "footway",
        "name": null,
        "surface": null
      },
      "geometry": {
        "type": "LineString",
        "coordinates": [
          [
            -76.7091911,
            37.2696614
          ],
          [
            -76.7091723,
            37.2696317
          ]
        ]
      }
    },
    {
      "type": "Feature",
      "properties": {
        "id": 1050031092,
        "highway": "footway",
        "name": null,
        "surface": null
      },
      "geometry": {
        "type": "LineString",
        "coordinates": [
          [
            -76.7094438,
            37.2696293
          ],
          [
            -76.7093298,
            37.269445
          ],
          [
            -76.7093112,
            37.269449
          ],
          [
            -76.7092932,
            37.2694446
          ],
          [
            -76.7092783,
            37.2694312
          ],
          [
            -76.709279,
            37.269413
          ],
          [
            -76.7092864,
            37.2694006
          ],
          [
            -76.7092982,
            37.2693947
          ],
          [
            -76.7093168,
            37.2693917
          ],
          [
            -76.7093342,
            37.2693917
          ],
          [
            -76.7093339,
            37.2693544
          ],
          [
            -76.7093217,
            37.2693215
          ],
          [
            -76.7092969,
            37.269286
          ],
          [
            -76.7092554,
            37.2692332
          ],
          [
            -76.7092436,
            37.269212
          ],
          [
            -76.7092368,
            37.2691868
          ],
          [
            -76.7092107,
            37.2691562
          ],
          [
            -76.7091573,
            37.2691162
          ]
        ]
      }
    },
    {
      "type": "Feature",
      "properties": {
        "id": 1050031093,
        "highway": "footway",
        "name": null,
        "surface": null
      },
      "geometry": {
        "type": "LineString",
        "coordinates": [
          [
            -76.7093342,
            37.2693917
          ],
          [
            -76.7093484,
            37.269399
          ],
          [
            -76.7093553,
            37.2694115
          ],
          [
            -76.7093545,
            37.2694248
          ],
          [
            -76.7093489,
            37.2694364
          ],
          [
            -76.7093298,
            37.269445
          ]
        ]
      }
    },
    {
      "type": "Feature",
      "properties": {
        "id": 1050031094,
        "highway": "footway",
        "name": null,
        "surface": "asphalt"
      },
      "geometry": {
        "type": "LineString",
        "coordinates": [
          [
            -76.7091573,
            37.2691162
          ],
          [
            -76.7091454,
            37.2691094
          ]
        ]
      }
    },
    {
      "type": "Feature",
      "properties": {
        "id": 1050031095,
        "highway": "footway",
        "name": null,
        "surface": null
      },
      "geometry": {
        "type": "LineString",
        "coordinates": [
          [
            -76.7086602,
            37.2692843
          ],
          [
            -76.7086881,
            37.2692645
          ],
          [
            -76.7087172,
            37.269237
          ],
          [
            -76.7087672,
            37.2692072
          ],
          [
            -76.7088125,
            37.2691877
          ],
          [
            -76.7088679,
            37.2691794
          ],
          [
            -76.7089299,
            37.2691728
          ],
          [
            -76.7089849,
            37.2691696
          ]
        ]
      }
    },
    {
      "type": "Feature",
      "properties": {
        "id": 1050031096,
        "highway": "footway",
        "name": null,
        "surface": "asphalt"
      },
      "geometry": {
        "type": "LineString",
        "coordinates": [
          [
            -76.7084487,
            37.2689045
          ],
          [
            -76.7084098,
            37.2688557
          ],
          [
            -76.7083742,
            37.268811
          ]
        ]
      }
    },
    {
      "type": "Feature",
      "properties": {
        "id": 1050031097,
        "highway": "footway",
        "name": null,
        "surface": null
      },
      "geometry": {
        "type": "LineString",
        "coordinates": [
          [
            -76.7076403,
            37.2703208
          ],
          [
            -76.707663,
            37.2702959
          ],
          [
            -76.7076907,
            37.2702652
          ],
          [
            -76.707721,
            37.2702273
          ],
          [
            -76.7077449,
            37.270188
          ],
          [
            -76.7077628,
            37.2701674
          ],
          [
            -76.7077673,
            37.2701324
          ],
          [
            -76.7077721,
            37.2701073
          ],
          [
            -76.7077733,
            37.2700761
          ],
          [
            -76.7077703,
            37.270037
          ],
          [
            -76.7077628,
            37.2699586
          ],
          [
            -76.7077558,
            37.2698844
          ],
          [
            -76.7077459,
            37.2697443
          ],
          [
            -76.7077357,
            37.2696451
          ],
          [
            -76.7077274,
            37.2695458
          ],
          [
            -76.7077188,
            37.2694354
          ],
          [
            -76.7077102,
            37.2693314
          ],
          [
            -76.7076995,
            37.2692658
          ],
          [
            -76.7076972,
            37.269242
          ],
          [
            -76.707696,
            37.2692187
          ],
          [
            -76.7076555,
            37.2692031
          ],
          [
            -76.7076547,
            37.2691651
          ],
          [
            -76.7076454,
            37.2690819
          ],
          [
            -76.7076397,
            37.2690082
          ]
        ]
      }
    },
    {
      "type": "Feature",
      "properties": {
        "id": 1050031098,
        "highway": "footway",
        "name": null,
        "surface": "paving_stones"
      },
      "geometry": {
        "type": "LineString",
        "coordinates": [
          [
            -76.7074206,
            37.2688322
          ],
          [
            -76.7073969,
            37.2688311
          ],
          [
            -76.7073709,
            37.2688269
          ],
          [
            -76.7073566,
            37.2688208
          ],
          [
            -76.7073451,
            37.2688125
          ],
          [
            -76.7073425,
            37.2687698
          ],
          [
            -76.707339,
            37.2687111
          ],
          [
            -76.7073376,
            37.2686869
          ],
          [
            -76.7073276,
            37.2685783
          ],
          [
            -76.7073212,
            37.2684365
          ],
          [
            -76.7073171,
            37.268366
          ],
          [
            -76.707235,
            37.2669563
          ],
          [
            -76.7072315,
            37.2668962
          ]
        ]
      }
    },
    {
      "type": "Feature",
      "properties": {
        "id": 1050031102,
        "highway": "footway",
        "name": null,
        "surface": null
      },
      "geometry": {
        "type": "LineString",
        "coordinates": [
          [
            -76.7080083,
            37.2693934
          ],
          [
            -76.7079778,
            37.269412
          ],
          [
            -76.7079386,
            37.2694244
          ],
          [
            -76.7079026,
            37.2694333
          ],
          [
            -76.7077188,
            37.2694354
          ],
          [
            -76.7076762,
            37.2694258
          ],
          [
            -76.7076297,
            37.2694189
          ],
          [
            -76.7075882,
            37.2694168
          ],
          [
            -76.7075211,
            37.269421
          ],
          [
            -76.707498,
            37.2694275
          ],
          [
            -76.7074704,
            37.2694421
          ],
          [
            -76.7074477,
            37.2694585
          ]
        ]
      }
    },
    {
      "type": "Feature",
      "properties": {
        "id": 1050031103,
        "highway": "footway",
        "name": null,
        "surface": null
      },
      "geometry": {
        "type": "LineString",
        "coordinates": [
          [
            -76.7076972,
            37.269242
          ],
          [
            -76.7076463,
            37.269294
          ],
          [
            -76.707537,
            37.2694034
          ],
          [
            -76.7075211,
            37.269421
          ]
        ]
      }
    },
    {
      "type": "Feature",
      "properties": {
        "id": 1050031104,
        "highway": "footway",
        "name": null,
        "surface": "paving_stones"
      },
      "geometry": {
        "type": "LineString",
        "coordinates": [
          [
            -76.7081607,
            37.2701819
          ],
          [
            -76.7081204,
            37.270182
          ],
          [
            -76.7080368,
            37.2701853
          ],
          [
            -76.7079483,
            37.270191
          ],
          [
            -76.7078892,
            37.2701929
          ],
          [
            -76.7078188,
            37.2701921
          ],
          [
            -76.7077449,
            37.270188
          ],
          [
            -76.7076968,
            37.2701771
          ],
          [
            -76.7076055,
            37.2701481
          ],
          [
            -76.7075327,
            37.2701169
          ],
          [
            -76.7074542,
            37.2700719
          ]
        ]
      }
    },
    {
      "type": "Feature",
      "properties": {
        "id": 1050031105,
        "highway": "footway",
        "name": null,
        "surface": "paving_stones"
      },
      "geometry": {
        "type": "LineString",
        "coordinates": [
          [
            -76.7077628,
            37.2701674
          ],
          [
            -76.7077871,
            37.2701477
          ],
          [
            -76.7079015,
            37.2700322
          ]
        ]
      }
    },
    {
      "type": "Feature",
      "properties": {
        "id": 1050031106,
        "highway": "footway",
        "name": null,
        "surface": "paving_stones"
      },
      "geometry": {
        "type": "LineString",
        "coordinates": [
          [
            -76.7077703,
            37.270037
          ],
          [
            -76.7078296,
            37.2700356
          ],
          [
            -76.7079015,
            37.2700322
          ],
          [
            -76.7079351,
            37.2700303
          ],
          [
            -76.7079654,
            37.2700288
          ],
          [
            -76.7080303,
            37.2700478
          ],
          [
            -76.7080684,
            37.2700232
          ],
          [
            -76.7080892,
            37.2699566
          ],
          [
            -76.7081228,
            37.269855
          ],
          [
            -76.7081422,
            37.2698256
          ],
          [
            -76.7081819,
            37.269803
          ],
          [
            -76.7082387,
            37.2697876
          ],
          [
            -76.7085034,
            37.2697364
          ],
          [
            -76.7085971,
            37.269715
          ],
          [
            -76.708653,
            37.2696956
          ]
        ]
      }
    },
    {
      "type": "Feature",
      "properties": {
        "id": 1050031107,
        "highway": "footway",
        "name": null,
        "surface": "paving_stones"
      },
      "geometry": {
        "type": "LineString",
        "coordinates": [
          [
            -76.7084342,
            37.2700355
          ],
          [
            -76.7083408,
            37.269966
          ],
          [
            -76.7082335,
            37.2698862
          ],
          [
            -76.7081422,
            37.2698256
          ],
          [
            -76.7080729,
            37.2697809
          ]
        ]
      }
    },
    {
      "type": "Feature",
      "properties": {
        "id": 1050031108,
        "highway": "footway",
        "name": null,
        "surface": "paving_stones"
      },
      "geometry": {
        "type": "LineString",
        "coordinates": [
          [
            -76.7079329,
            37.2699935
          ],
          [
            -76.7079351,
            37.2700303
          ],
          [
            -76.7079483,
            37.270191
          ],
          [
            -76.7079605,
            37.2702996
          ]
        ]
      }
    },
    {
      "type": "Feature",
      "properties": {
        "id": 1050031109,
        "highway": "footway",
        "name": null,
        "surface": "paving_stones"
      },
      "geometry": {
        "type": "LineString",
        "coordinates": [
          [
            -76.7080303,
            37.2700478
          ],
          [
            -76.7080574,
            37.2700822
          ],
          [
            -76.7081336,
            37.2701261
          ],
          [
            -76.7081925,
            37.2701634
          ]
        ]
      }
    },
    {
      "type": "Feature",
      "properties": {
        "id": 1050031110,
        "highway": "footway",
        "name": null,
        "surface": null
      },
      "geometry": {
        "type": "LineString",
        "coordinates": [
          [
            -76.7073669,
            37.2689573
          ],
          [
            -76.707362,
            37.2688917
          ],
          [
            -76.7073566,
            37.2688208
          ]
        ]
      }
    },
    {
      "type": "Feature",
      "properties": {
        "id": 1050113831,
        "highway": "footway",
        "name": null,
        "surface": "paving_stones"
      },
      "geometry": {
        "type": "LineString",
        "coordinates": [
          [
            -76.7123863,
            37.271039
          ],
          [
            -76.7124053,
            37.271039
          ],
          [
            -76.7124066,
            37.2710485
          ],
          [
            -76.7124105,
            37.2710557
          ],
          [
            -76.7124158,
            37.2710593
          ],
          [
            -76.7124272,
            37.2710622
          ],
          [
            -76.7124472,
            37.2710617
          ],
          [
            -76.7124705,
            37.2710597
          ],
          [
            -76.7125046,
            37.2710562
          ],
          [
            -76.7125282,
            37.2710529
          ],
          [
            -76.7125472,
            37.2710482
          ],
          [
            -76.7125712,
            37.2710409
          ]
        ]
      }
    },
    {
      "type": "Feature",
      "properties": {
        "id": 1050113839,
        "highway": "footway",
        "name": null,
        "surface": "paving_stones"
      },
      "geometry": {
        "type": "LineString",
        "coordinates": [
          [
            -76.7123886,
            37.2706252
          ],
          [
            -76.7124131,
            37.2706248
          ],
          [
            -76.7124137,
            37.2706024
          ],
          [
            -76.7124143,
            37.2705862
          ],
          [
            -76.7124202,
            37.2705788
          ],
          [
            -76.7124316,
            37.2705752
          ],
          [
            -76.712456,
            37.2705725
          ],
          [
            -76.7124831,
            37.2705715
          ],
          [
            -76.7125011,
            37.2705675
          ],
          [
            -76.7125282,
            37.2705624
          ],
          [
            -76.7125587,
            37.2705549
          ]
        ]
      }
    },
    {
      "type": "Feature",
      "properties": {
        "id": 1050113882,
        "highway": "pedestrian",
        "name": null,
        "surface": "pebblestone"
      },
      "geometry": {
        "type": "LineString",
        "coordinates": [
          [
            -76.7123692,
            37.2704611
          ],
          [
            -76.7121605,
            37.2704616
          ],
          [
            -76.7121605,
            37.2704279
          ],
          [
            -76.7121968,
            37.2704275
          ],
          [
            -76.7122124,
            37.2704231
          ],
          [
            -76.7122262,
            37.270415
          ],
          [
            -76.7122391,
            37.2704077
          ],
          [
            -76.7122529,
            37.2703931
          ],
          [
            -76.7122694,
            37.2703828
          ],
          [
            -76.7122906,
            37.270377
          ],
          [
            -76.712309,
            37.270377
          ],
          [
            -76.7123274,
            37.2703843
          ],
          [
            -76.7123412,
            37.2703909
          ],
          [
            -76.712355,
            37.2704041
          ],
          [
            -76.7123614,
            37.2704129
          ],
          [
            -76.7123642,
            37.2704253
          ],
          [
            -76.7123692,
            37.2704611
          ]
        ]
      }
    },
    {
      "type": "Feature",
      "properties": {
        "id": 1050113889,
        "highway": "footway",
        "name": null,
        "surface": "paving_stones"
      },
      "geometry": {
        "type": "LineString",
        "coordinates": [
          [
            -76.7114271,
            37.2704449
          ],
          [
            -76.7115906,
            37.270325
          ]
        ]
      }
    },
    {
      "type": "Feature",
      "properties": {
        "id": 1050113896,
        "highway": "footway",
        "name": null,
        "surface": "paving_stones"
      },
      "geometry": {
        "type": "LineString",
        "coordinates": [
          [
            -76.7121608,
            37.2703285
          ],
          [
            -76.7120532,
            37.2703295
          ],
          [
            -76.7120532,
            37.2703462
          ],
          [
            -76.7118132,
            37.2703442
          ]
        ]
      }
    },
    {
      "type": "Feature",
      "properties": {
        "id": 1050315421,
        "highway": "footway",
        "name": null,
        "surface": "paving_stones"
      },
      "geometry": {
        "type": "LineString",
        "coordinates": [
          [
            -76.7126604,
            37.2684442
          ],
          [
            -76.7126871,
            37.2684884
          ]
        ]
      }
    },
    {
      "type": "Feature",
      "properties": {
        "id": 1050321964,
        "highway": "footway",
        "name": null,
        "surface": "paving_stones"
      },
      "geometry": {
        "type": "LineString",
        "coordinates": [
          [
            -76.7124907,
            37.270562
          ],
          [
            -76.7125011,
            37.2705675
          ]
        ]
      }
    },
    {
      "type": "Feature",
      "properties": {
        "id": 1050321965,
        "highway": "footway",
        "name": null,
        "surface": "paving_stones"
      },
      "geometry": {
        "type": "LineString",
        "coordinates": [
          [
            -76.7123895,
            37.2705455
          ],
          [
            -76.7123994,
            37.2705457
          ]
        ]
      }
    },
    {
      "type": "Feature",
      "properties": {
        "id": 1050321966,
        "highway": "steps",
        "name": null,
        "surface": "paving_stones"
      },
      "geometry": {
        "type": "LineString",
        "coordinates": [
          [
            -76.7115906,
            37.270325
          ],
          [
            -76.7115904,
            37.2702921
          ]
        ]
      }
    },
    {
      "type": "Feature",
      "properties": {
        "id": 1050321967,
        "highway": "footway",
        "name": null,
        "surface": "paving_stones"
      },
      "geometry": {
        "type": "LineString",
        "coordinates": [
          [
            -76.7115904,
            37.2702921
          ],
          [
            -76.7115904,
            37.2702386
          ]
        ]
      }
    },
    {
      "type": "Feature",
      "properties": {
        "id": 1050321968,
        "highway": "steps",
        "name": null,
        "surface": null
      },
      "geometry": {
        "type": "LineString",
        "coordinates": [
          [
            -76.7115904,
            37.2702386
          ],
          [
            -76.7115904,
            37.2702055
          ]
        ]
      }
    },
    {
      "type": "Feature",
      "properties": {
        "id": 1050321969,
        "highway": "footway",
        "name": null,
        "surface": "paving_stones"
      },
      "geometry": {
        "type": "LineString",
        "coordinates": [
          [
            -76.7115904,
            37.2702055
          ],
          [
            -76.7115906,
            37.2701831
          ],
          [
            -76.7115909,
            37.2701444
          ],
          [
            -76.7115911,
            37.2701098
          ],
          [
            -76.7115923,
            37.2699183
          ]
        ]
      }
    },
    {
      "type": "Feature",
      "properties": {
        "id": 1050321970,
        "highway": "footway",
        "name": null,
        "surface": "paving_stones"
      },
      "geometry": {
        "type": "LineString",
        "coordinates": [
          [
            -76.7116762,
            37.2701451
          ],
          [
            -76.7115909,
            37.2701444
          ]
        ]
      }
    },
    {
      "type": "Feature",
      "properties": {
        "id": 1050321973,
        "highway": "footway",
        "name": null,
        "surface": null
      },
      "geometry": {
        "type": "LineString",
        "coordinates": [
          [
            -76.7115923,
            37.2699183
          ],
          [
            -76.711593,
            37.2698914
          ]
        ]
      }
    },
    {
      "type": "Feature",
      "properties": {
        "id": 1050321974,
        "highway": "footway",
        "name": null,
        "surface": null
      },
      "geometry": {
        "type": "LineString",
        "coordinates": [
          [
            -76.7121377,
            37.2700122
          ],
          [
            -76.7121374,
            37.2699833
          ],
          [
            -76.7121372,
            37.269958
          ]
        ]
      }
    },
    {
      "type": "Feature",
      "properties": {
        "id": 1050321975,
        "highway": "footway",
        "name": null,
        "surface": "paving_stones"
      },
      "geometry": {
        "type": "LineString",
        "coordinates": [
          [
            -76.7121561,
            37.2699051
          ],
          [
            -76.7121419,
            37.2699041
          ]
        ]
      }
    },
    {
      "type": "Feature",
      "properties": {
        "id": 1050321976,
        "highway": "steps",
        "name": null,
        "surface": "paving_stones"
      },
      "geometry": {
        "type": "LineString",
        "coordinates": [
          [
            -76.7121498,
            37.2699188
          ],
          [
            -76.7121385,
            37.2699413
          ]
        ]
      }
    },
    {
      "type": "Feature",
      "properties": {
        "id": 1050321977,
        "highway": "footway",
        "name": null,
        "surface": "paving_stones"
      },
      "geometry": {
        "type": "LineString",
        "coordinates": [
          [
            -76.7121372,
            37.269958
          ],
          [
            -76.7121369,
            37.2699501
          ],
          [
            -76.7121385,
            37.2699413
          ]
        ]
      }
    },
    {
      "type": "Feature",
      "properties": {
        "id": 1050321978,
        "highway": "steps",
        "name": null,
        "surface": null
      },
      "geometry": {
        "type": "LineString",
        "coordinates": [
          [
            -76.7121419,
            37.2699041
          ],
          [
            -76.7121052,
            37.2699033
          ]
        ]
      }
    },
    {
      "type": "Feature",
      "properties": {
        "id": 1050321979,
        "highway": "footway",
        "name": null,
        "surface": "paving_stones"
      },
      "geometry": {
        "type": "LineString",
        "coordinates": [
          [
            -76.7121052,
            37.2699033
          ],
          [
            -76.7120433,
            37.2699035
          ]
        ]
      }
    },
    {
      "type": "Feature",
      "properties": {
        "id": 1050321980,
        "highway": "footway",
        "name": null,
        "surface": null
      },
      "geometry": {
        "type": "LineString",
        "coordinates": [
          [
            -76.7120433,
            37.2699035
          ],
          [
            -76.7120251,
            37.2699139
          ]
        ]
      }
    },
    {
      "type": "Feature",
      "properties": {
        "id": 1050366594,
        "highway": "footway",
        "name": null,
        "surface": "paving_stones"
      },
      "geometry": {
        "type": "LineString",
        "coordinates": [
          [
            -76.7098294,
            37.2717226
          ],
          [
            -76.7098764,
            37.2717568
          ],
          [
            -76.7100979,
            37.2718605
          ],
          [
            -76.7103611,
            37.2719931
          ],
          [
            -76.7104508,
            37.2720387
          ],
          [
            -76.7107767,
            37.2722042
          ],
          [
            -76.7108043,
            37.2722153
          ],
          [
            -76.7110548,
            37.2719378
          ],
          [
            -76.7110583,
            37.2719197
          ],
          [
            -76.711166,
            37.2719197
          ],
          [
            -76.7112305,
            37.2719197
          ],
          [
            -76.7112596,
            37.2719118
          ],
          [
            -76.7112894,
            37.2719017
          ],
          [
            -76.7113191,
            37.2719051
          ],
          [
            -76.7113539,
            37.2719163
          ],
          [
            -76.7114212,
            37.2719197
          ],
          [
            -76.7115296,
            37.271918
          ],
          [
            -76.7115304,
            37.2720201
          ],
          [
            -76.7115431,
            37.2720372
          ],
          [
            -76.7115431,
            37.2721747
          ],
          [
            -76.7117668,
            37.2722265
          ],
          [
            -76.7117892,
            37.2722157
          ],
          [
            -76.7118339,
            37.2723048
          ],
          [
            -76.7118798,
            37.2723444
          ],
          [
            -76.7119914,
            37.2724941
          ],
          [
            -76.7120931,
            37.2726338
          ],
          [
            -76.7121548,
            37.2727156
          ],
          [
            -76.7121557,
            37.2727212
          ],
          [
            -76.7121576,
            37.2727336
          ],
          [
            -76.7122228,
            37.272803
          ],
          [
            -76.712237,
            37.2728628
          ],
          [
            -76.7122406,
            37.2729051
          ],
          [
            -76.7122398,
            37.2729474
          ],
          [
            -76.7122363,
            37.2729745
          ],
          [
            -76.7122243,
            37.2730139
          ],
          [
            -76.7122163,
            37.2730292
          ],
          [
            -76.7122058,
            37.2730495
          ],
          [
            -76.7121824,
            37.2730907
          ],
          [
            -76.7121505,
            37.2731397
          ],
          [
            -76.7121134,
            37.2731927
          ]
        ]
      }
    },
    {
      "type": "Feature",
      "properties": {
        "id": 1050366595,
        "highway": "footway",
        "name": null,
        "surface": "paving_stones"
      },
      "geometry": {
        "type": "LineString",
        "coordinates": [
          [
            -76.7122228,
            37.272803
          ],
          [
            -76.7123329,
            37.2728054
          ],
          [
            -76.7123994,
            37.2728061
          ]
        ]
      }
    },
    {
      "type": "Feature",
      "properties": {
        "id": 1050366596,
        "highway": "footway",
        "name": null,
        "surface": "asphalt"
      },
      "geometry": {
        "type": "LineString",
        "coordinates": [
          [
            -76.7129061,
            37.2738654
          ],
          [
            -76.7130197,
            37.2738417
          ],
          [
            -76.7131352,
            37.2738187
          ]
        ]
      }
    },
    {
      "type": "Feature",
      "properties": {
        "id": 1050366597,
        "highway": "footway",
        "name": null,
        "surface": "paving_stones"
      },
      "geometry": {
        "type": "LineString",
        "coordinates": [
          [
            -76.7131528,
            37.2738128
          ],
          [
            -76.7131574,
            37.2738256
          ],
          [
            -76.713167,
            37.2738366
          ],
          [
            -76.7131805,
            37.2738445
          ],
          [
            -76.7131965,
            37.2738486
          ],
          [
            -76.7132133,
            37.2738483
          ],
          [
            -76.713229,
            37.2738438
          ],
          [
            -76.7132422,
            37.2738355
          ],
          [
            -76.7132513,
            37.2738243
          ],
          [
            -76.7132554,
            37.2738114
          ],
          [
            -76.7132541,
            37.2737981
          ],
          [
            -76.7132474,
            37.2737858
          ],
          [
            -76.7132362,
            37.2737759
          ],
          [
            -76.7132216,
            37.2737694
          ],
          [
            -76.7132051,
            37.2737669
          ],
          [
            -76.7131885,
            37.2737688
          ],
          [
            -76.7131727,
            37.2737753
          ],
          [
            -76.7131607,
            37.2737857
          ],
          [
            -76.7131537,
            37.2737987
          ],
          [
            -76.7131528,
            37.2738128
          ]
        ]
      }
    },
    {
      "type": "Feature",
      "properties": {
        "id": 1050366598,
        "highway": "footway",
        "name": null,
        "surface": "paving_stones"
      },
      "geometry": {
        "type": "LineString",
        "coordinates": [
          [
            -76.7131352,
            37.2738187
          ],
          [
            -76.7131528,
            37.2738128
          ]
        ]
      }
    },
    {
      "type": "Feature",
      "properties": {
        "id": 1050366599,
        "highway": "footway",
        "name": null,
        "surface": "paving_stones"
      },
      "geometry": {
        "type": "LineString",
        "coordinates": [
          [
            -76.7131528,
            37.2738128
          ],
          [
            -76.7131158,
            37.2737917
          ],
          [
            -76.7130657,
            37.2737532
          ],
          [
            -76.712994,
            37.2736998
          ],
          [
            -76.7129104,
            37.2736379
          ],
          [
            -76.7128197,
            37.2735731
          ],
          [
            -76.7127524,
            37.2735272
          ],
          [
            -76.7126272,
            37.2734514
          ],
          [
            -76.7125961,
            37.2734336
          ],
          [
            -76.7125385,
            37.2734027
          ]
        ]
      }
    },
    {
      "type": "Feature",
      "properties": {
        "id": 1050366602,
        "highway": "footway",
        "name": null,
        "surface": "paving_stones"
      },
      "geometry": {
        "type": "LineString",
        "coordinates": [
          [
            -76.7123334,
            37.2732973
          ],
          [
            -76.712335,
            37.2731608
          ],
          [
            -76.7123326,
            37.2730304
          ],
          [
            -76.7123329,
            37.2728054
          ],
          [
            -76.7123311,
            37.2726421
          ],
          [
            -76.7123274,
            37.2726199
          ],
          [
            -76.7123373,
            37.2725205
          ],
          [
            -76.7123557,
            37.2723356
          ]
        ]
      }
    },
    {
      "type": "Feature",
      "properties": {
        "id": 1050366603,
        "highway": "footway",
        "name": null,
        "surface": "paving_stones"
      },
      "geometry": {
        "type": "LineString",
        "coordinates": [
          [
            -76.7108043,
            37.2722153
          ],
          [
            -76.7107797,
            37.2722492
          ],
          [
            -76.7107629,
            37.2723067
          ],
          [
            -76.7107182,
            37.2723353
          ],
          [
            -76.7106128,
            37.2724633
          ]
        ]
      }
    },
    {
      "type": "Feature",
      "properties": {
        "id": 1050366604,
        "highway": "footway",
        "name": null,
        "surface": "paving_stones"
      },
      "geometry": {
        "type": "LineString",
        "coordinates": [
          [
            -76.7107629,
            37.2723067
          ],
          [
            -76.7107888,
            37.2723438
          ],
          [
            -76.7108286,
            37.272379
          ],
          [
            -76.7109445,
            37.2724759
          ],
          [
            -76.7110753,
            37.2725829
          ],
          [
            -76.7112181,
            37.2725813
          ],
          [
            -76.7115125,
            37.2725766
          ],
          [
            -76.711774,
            37.2723736
          ],
          [
            -76.7118113,
            37.272336
          ],
          [
            -76.7118339,
            37.2723048
          ]
        ]
      }
    },
    {
      "type": "Feature",
      "properties": {
        "id": 1050366605,
        "highway": "footway",
        "name": null,
        "surface": "paving_stones"
      },
      "geometry": {
        "type": "LineString",
        "coordinates": [
          [
            -76.7109487,
            37.2722759
          ],
          [
            -76.7109528,
            37.2722952
          ],
          [
            -76.7109645,
            37.2723124
          ],
          [
            -76.7109826,
            37.2723256
          ],
          [
            -76.7110051,
            37.2723335
          ],
          [
            -76.7110296,
            37.2723352
          ],
          [
            -76.7110534,
            37.2723306
          ],
          [
            -76.7110741,
            37.27232
          ],
          [
            -76.7110894,
            37.2723047
          ],
          [
            -76.7110977,
            37.2722862
          ],
          [
            -76.711098,
            37.2722667
          ],
          [
            -76.7110904,
            37.2722481
          ],
          [
            -76.7110756,
            37.2722325
          ],
          [
            -76.7110553,
            37.2722215
          ],
          [
            -76.7110311,
            37.2722162
          ],
          [
            -76.7110062,
            37.2722176
          ],
          [
            -76.7109832,
            37.2722254
          ],
          [
            -76.7109647,
            37.2722388
          ],
          [
            -76.7109528,
            37.2722563
          ],
          [
            -76.7109487,
            37.2722759
          ]
        ]
      }
    },
    {
      "type": "Feature",
      "properties": {
        "id": 1050366606,
        "highway": "footway",
        "name": null,
        "surface": "paving_stones"
      },
      "geometry": {
        "type": "LineString",
        "coordinates": [
          [
            -76.7110553,
            37.2722215
          ],
          [
            -76.711059,
            37.2721444
          ],
          [
            -76.7110428,
            37.2721084
          ],
          [
            -76.7110374,
            37.2720768
          ],
          [
            -76.7110444,
            37.2720475
          ],
          [
            -76.7110548,
            37.272021
          ],
          [
            -76.7110548,
            37.2719378
          ]
        ]
      }
    },
    {
      "type": "Feature",
      "properties": {
        "id": 1050366608,
        "highway": "footway",
        "name": null,
        "surface": "asphalt"
      },
      "geometry": {
        "type": "LineString",
        "coordinates": [
          [
            -76.7103558,
            37.2716501
          ],
          [
            -76.7103568,
            37.2716901
          ],
          [
            -76.7103575,
            37.2717194
          ]
        ]
      }
    },
    {
      "type": "Feature",
      "properties": {
        "id": 1050366609,
        "highway": "footway",
        "name": null,
        "surface": "paving_stones"
      },
      "geometry": {
        "type": "LineString",
        "coordinates": [
          [
            -76.7103575,
            37.2717194
          ],
          [
            -76.7103611,
            37.2719931
          ]
        ]
      }
    },
    {
      "type": "Feature",
      "properties": {
        "id": 1050366610,
        "highway": "footway",
        "name": null,
        "surface": "paving_stones"
      },
      "geometry": {
        "type": "LineString",
        "coordinates": [
          [
            -76.7131912,
            37.2722053
          ],
          [
            -76.7131906,
            37.2723925
          ],
          [
            -76.7131897,
            37.272605
          ],
          [
            -76.7131896,
            37.2729181
          ],
          [
            -76.7131878,
            37.2734392
          ],
          [
            -76.7131885,
            37.2737688
          ]
        ]
      }
    },
    {
      "type": "Feature",
      "properties": {
        "id": 1050366611,
        "highway": "footway",
        "name": null,
        "surface": null
      },
      "geometry": {
        "type": "LineString",
        "coordinates": [
          [
            -76.7119855,
            37.2717409
          ],
          [
            -76.7121594,
            37.2717412
          ],
          [
            -76.7122993,
            37.2717402
          ],
          [
            -76.7123681,
            37.2718245
          ],
          [
            -76.7123821,
            37.2718361
          ],
          [
            -76.7124856,
            37.2718835
          ],
          [
            -76.7125588,
            37.2719762
          ],
          [
            -76.7126963,
            37.2721612
          ],
          [
            -76.7128674,
            37.2723923
          ]
        ]
      }
    },
    {
      "type": "Feature",
      "properties": {
        "id": 1050366612,
        "highway": "footway",
        "name": null,
        "surface": "paved"
      },
      "geometry": {
        "type": "LineString",
        "coordinates": [
          [
            -76.7120664,
            37.2726407
          ],
          [
            -76.7120776,
            37.272671
          ],
          [
            -76.7121049,
            37.2727063
          ],
          [
            -76.7121368,
            37.2727211
          ],
          [
            -76.7121557,
            37.2727212
          ],
          [
            -76.7123311,
            37.2726421
          ],
          [
            -76.7124569,
            37.2725835
          ],
          [
            -76.7125194,
            37.2725544
          ],
          [
            -76.7128504,
            37.2724002
          ],
          [
            -76.7128674,
            37.2723923
          ],
          [
            -76.712883,
            37.2723917
          ],
          [
            -76.7129019,
            37.2723917
          ],
          [
            -76.7130464,
            37.2723921
          ],
          [
            -76.7131906,
            37.2723925
          ]
        ]
      }
    },
    {
      "type": "Feature",
      "properties": {
        "id": 1050366613,
        "highway": "footway",
        "name": null,
        "surface": "paved"
      },
      "geometry": {
        "type": "LineString",
        "coordinates": [
          [
            -76.712883,
            37.2723917
          ],
          [
            -76.7128848,
            37.2725899
          ],
          [
            -76.7128845,
            37.2729171
          ],
          [
            -76.7128885,
            37.2729446
          ],
          [
            -76.7128772,
            37.2732772
          ],
          [
            -76.7128726,
            37.2734344
          ],
          [
            -76.7131878,
            37.2734392
          ]
        ]
      }
    },
    {
      "type": "Feature",
      "properties": {
        "id": 1050366614,
        "highway": "footway",
        "name": null,
        "surface": null
      },
      "geometry": {
        "type": "LineString",
        "coordinates": [
          [
            -76.7126421,
            37.2729176
          ],
          [
            -76.7128845,
            37.2729171
          ],
          [
            -76.7131896,
            37.2729181
          ],
          [
            -76.7132021,
            37.272918
          ]
        ]
      }
    },
    {
      "type": "Feature",
      "properties": {
        "id": 1050366616,
        "highway": "footway",
        "name": null,
        "surface": "paving_stones"
      },
      "geometry": {
        "type": "LineString",
        "coordinates": [
          [
            -76.7098977,
            37.2721156
          ],
          [
            -76.7100271,
            37.2719507
          ],
          [
            -76.7100979,
            37.2718605
          ]
        ]
      }
    },
    {
      "type": "Feature",
      "properties": {
        "id": 1050366617,
        "highway": "footway",
        "name": null,
        "surface": "paving_stones"
      },
      "geometry": {
        "type": "LineString",
        "coordinates": [
          [
            -76.7100271,
            37.2719507
          ],
          [
            -76.7100001,
            37.2719082
          ],
          [
            -76.7098764,
            37.2717568
          ]
        ]
      }
    },
    {
      "type": "Feature",
      "properties": {
        "id": 1050366618,
        "highway": "footway",
        "name": null,
        "surface": null
      },
      "geometry": {
        "type": "LineString",
        "coordinates": [
          [
            -76.7094929,
            37.2718662
          ],
          [
            -76.709478,
            37.2718768
          ],
          [
            -76.7094664,
            37.2718887
          ],
          [
            -76.7094653,
            37.2719004
          ],
          [
            -76.7094719,
            37.2719085
          ],
          [
            -76.7096634,
            37.2720009
          ],
          [
            -76.7098977,
            37.2721156
          ],
          [
            -76.7100796,
            37.2722039
          ],
          [
            -76.7102258,
            37.2722738
          ],
          [
            -76.7102642,
            37.2722921
          ],
          [
            -76.7102964,
            37.2723079
          ],
          [
            -76.7106128,
            37.2724633
          ],
          [
            -76.7108026,
            37.2725531
          ],
          [
            -76.7110322,
            37.2726623
          ],
          [
            -76.7110804,
            37.2726769
          ],
          [
            -76.7113712,
            37.2726799
          ],
          [
            -76.7116183,
            37.272682
          ],
          [
            -76.711767,
            37.2726848
          ]
        ]
      }
    },
    {
      "type": "Feature",
      "properties": {
        "id": 1050366619,
        "highway": "footway",
        "name": null,
        "surface": null
      },
      "geometry": {
        "type": "LineString",
        "coordinates": [
          [
            -76.7116183,
            37.272682
          ],
          [
            -76.7116359,
            37.272663
          ],
          [
            -76.7117557,
            37.2726046
          ],
          [
            -76.7119914,
            37.2724941
          ],
          [
            -76.7120279,
            37.2724769
          ],
          [
            -76.7123493,
            37.2723256
          ],
          [
            -76.7126963,
            37.2721612
          ]
        ]
      }
    },
    {
      "type": "Feature",
      "properties": {
        "id": 1050366620,
        "highway": "footway",
        "name": null,
        "surface": null
      },
      "geometry": {
        "type": "LineString",
        "coordinates": [
          [
            -76.7117557,
            37.2726046
          ],
          [
            -76.7118591,
            37.2726378
          ],
          [
            -76.7120664,
            37.2726407
          ],
          [
            -76.7120931,
            37.2726338
          ]
        ]
      }
    },
    {
      "type": "Feature",
      "properties": {
        "id": 1050366621,
        "highway": "footway",
        "name": null,
        "surface": null
      },
      "geometry": {
        "type": "LineString",
        "coordinates": [
          [
            -76.7125194,
            37.2725544
          ],
          [
            -76.7125119,
            37.2725443
          ],
          [
            -76.7123557,
            37.2723356
          ],
          [
            -76.7123493,
            37.2723256
          ],
          [
            -76.7122574,
            37.2722017
          ]
        ]
      }
    },
    {
      "type": "Feature",
      "properties": {
        "id": 1050366622,
        "highway": "footway",
        "name": null,
        "surface": null
      },
      "geometry": {
        "type": "LineString",
        "coordinates": [
          [
            -76.7125119,
            37.2725443
          ],
          [
            -76.7123373,
            37.2725205
          ],
          [
            -76.7120279,
            37.2724769
          ]
        ]
      }
    },
    {
      "type": "Feature",
      "properties": {
        "id": 1050366623,
        "highway": "footway",
        "name": null,
        "surface": "paving_stones"
      },
      "geometry": {
        "type": "LineString",
        "coordinates": [
          [
            -76.7126047,
            37.2718282
          ],
          [
            -76.7124856,
            37.2718835
          ],
          [
            -76.712434,
            37.2719092
          ],
          [
            -76.7121607,
            37.2720379
          ],
          [
            -76.7121402,
            37.2720472
          ],
          [
            -76.7121158,
            37.2720583
          ],
          [
            -76.7117892,
            37.2722157
          ]
        ]
      }
    },
    {
      "type": "Feature",
      "properties": {
        "id": 1050366624,
        "highway": "footway",
        "name": null,
        "surface": null
      },
      "geometry": {
        "type": "LineString",
        "coordinates": [
          [
            -76.711166,
            37.2719197
          ],
          [
            -76.71117,
            37.2717272
          ]
        ]
      }
    },
    {
      "type": "Feature",
      "properties": {
        "id": 1050366625,
        "highway": "footway",
        "name": null,
        "surface": null
      },
      "geometry": {
        "type": "LineString",
        "coordinates": [
          [
            -76.7114212,
            37.2719197
          ],
          [
            -76.7114219,
            37.2717272
          ]
        ]
      }
    },
    {
      "type": "Feature",
      "properties": {
        "id": 1050366626,
        "highway": "footway",
        "name": null,
        "surface": null
      },
      "geometry": {
        "type": "LineString",
        "coordinates": [
          [
            -76.7128848,
            37.2725899
          ],
          [
            -76.7127324,
            37.2725858
          ],
          [
            -76.7127103,
            37.2725852
          ],
          [
            -76.7125714,
            37.2725863
          ],
          [
            -76.7124569,
            37.2725835
          ]
        ]
      }
    },
    {
      "type": "Feature",
      "properties": {
        "id": 1050366627,
        "highway": "footway",
        "name": null,
        "surface": null
      },
      "geometry": {
        "type": "LineString",
        "coordinates": [
          [
            -76.7127103,
            37.2725852
          ],
          [
            -76.7128504,
            37.2724002
          ]
        ]
      }
    },
    {
      "type": "Feature",
      "properties": {
        "id": 1050366628,
        "highway": "footway",
        "name": null,
        "surface": null
      },
      "geometry": {
        "type": "LineString",
        "coordinates": [
          [
            -76.7127324,
            37.2725858
          ],
          [
            -76.712734,
            37.272627
          ]
        ]
      }
    },
    {
      "type": "Feature",
      "properties": {
        "id": 1050366629,
        "highway": "footway",
        "name": null,
        "surface": null
      },
      "geometry": {
        "type": "LineString",
        "coordinates": [
          [
            -76.7113714,
            37.2727806
          ],
          [
            -76.7113654,
            37.272798
          ],
          [
            -76.7113661,
            37.2728112
          ],
          [
            -76.7113712,
            37.2728256
          ],
          [
            -76.7113863,
            37.2728411
          ],
          [
            -76.7115648,
            37.2729279
          ],
          [
            -76.711679,
            37.2729812
          ],
          [
            -76.7120039,
            37.2731423
          ]
        ]
      }
    },
    {
      "type": "Feature",
      "properties": {
        "id": 1050366631,
        "highway": "footway",
        "name": null,
        "surface": null
      },
      "geometry": {
        "type": "LineString",
        "coordinates": [
          [
            -76.7113714,
            37.2727806
          ],
          [
            -76.7113717,
            37.272735
          ],
          [
            -76.7113712,
            37.2726799
          ]
        ]
      }
    },
    {
      "type": "Feature",
      "properties": {
        "id": 1050366632,
        "highway": "footway",
        "name": null,
        "surface": null
      },
      "geometry": {
        "type": "LineString",
        "coordinates": [
          [
            -76.712635,
            37.2719359
          ],
          [
            -76.7125588,
            37.2719762
          ],
          [
            -76.7125272,
            37.271992
          ]
        ]
      }
    },
    {
      "type": "Feature",
      "properties": {
        "id": 1050366633,
        "highway": "footway",
        "name": null,
        "surface": null
      },
      "geometry": {
        "type": "LineString",
        "coordinates": [
          [
            -76.712635,
            37.2719359
          ],
          [
            -76.7126698,
            37.2719319
          ],
          [
            -76.7127054,
            37.2719279
          ]
        ]
      }
    },
    {
      "type": "Feature",
      "properties": {
        "id": 1050366634,
        "highway": "footway",
        "name": null,
        "surface": null
      },
      "geometry": {
        "type": "LineString",
        "coordinates": [
          [
            -76.7123821,
            37.2718361
          ],
          [
            -76.7123925,
            37.2718596
          ],
          [
            -76.712434,
            37.2719092
          ],
          [
            -76.7124626,
            37.2719469
          ]
        ]
      }
    },
    {
      "type": "Feature",
      "properties": {
        "id": 1050366635,
        "highway": "footway",
        "name": null,
        "surface": null
      },
      "geometry": {
        "type": "LineString",
        "coordinates": [
          [
            -76.7121607,
            37.2720379
          ],
          [
            -76.7121594,
            37.2717412
          ]
        ]
      }
    },
    {
      "type": "Feature",
      "properties": {
        "id": 1050366636,
        "highway": "footway",
        "name": null,
        "surface": "paving_stones"
      },
      "geometry": {
        "type": "LineString",
        "coordinates": [
          [
            -76.7121158,
            37.2720583
          ],
          [
            -76.7120176,
            37.2720377
          ]
        ]
      }
    },
    {
      "type": "Feature",
      "properties": {
        "id": 1050366637,
        "highway": "footway",
        "name": null,
        "surface": null
      },
      "geometry": {
        "type": "LineString",
        "coordinates": [
          [
            -76.7123974,
            37.2730327
          ],
          [
            -76.7123326,
            37.2730304
          ],
          [
            -76.7122163,
            37.2730292
          ]
        ]
      }
    },
    {
      "type": "Feature",
      "properties": {
        "id": 1051311096,
        "highway": "footway",
        "name": null,
        "surface": "paving_stones"
      },
      "geometry": {
        "type": "LineString",
        "coordinates": [
          [
            -76.7084736,
            37.2685423
          ],
          [
            -76.7084939,
            37.2686699
          ],
          [
            -76.7085059,
            37.2687507
          ],
          [
            -76.7085131,
            37.2688443
          ],
          [
            -76.7085119,
            37.268905
          ],
          [
            -76.7085073,
            37.2689561
          ]
        ]
      }
    },
    {
      "type": "Feature",
      "properties": {
        "id": 1051311097,
        "highway": "footway",
        "name": null,
        "surface": null
      },
      "geometry": {
        "type": "LineString",
        "coordinates": [
          [
            -76.707545,
            37.2687001
          ],
          [
            -76.7075784,
            37.2687182
          ],
          [
            -76.707621,
            37.2687311
          ],
          [
            -76.7076823,
            37.2687382
          ],
          [
            -76.7077489,
            37.2687669
          ]
        ]
      }
    },
    {
      "type": "Feature",
      "properties": {
        "id": 1051373070,
        "highway": "steps",
        "name": null,
        "surface": "paving_stones"
      },
      "geometry": {
        "type": "LineString",
        "coordinates": [
          [
            -76.710784,
            37.2713721
          ],
          [
            -76.7107843,
            37.2713438
          ]
        ]
      }
    },
    {
      "type": "Feature",
      "properties": {
        "id": 1051373078,
        "highway": "footway",
        "name": null,
        "surface": "paving_stones"
      },
      "geometry": {
        "type": "LineString",
        "coordinates": [
          [
            -76.7100417,
            37.2712543
          ],
          [
            -76.7100095,
            37.2712437
          ]
        ]
      }
    },
    {
      "type": "Feature",
      "properties": {
        "id": 1051373079,
        "highway": "footway",
        "name": null,
        "surface": null
      },
      "geometry": {
        "type": "LineString",
        "coordinates": [
          [
            -76.7102088,
            37.2713908
          ],
          [
            -76.710206,
            37.2713573
          ],
          [
            -76.7101974,
            37.2713308
          ],
          [
            -76.7101813,
            37.2713176
          ],
          [
            -76.710148,
            37.2713004
          ],
          [
            -76.7100417,
            37.2712543
          ]
        ]
      }
    },
    {
      "type": "Feature",
      "properties": {
        "id": 1051373080,
        "highway": "footway",
        "name": null,
        "surface": "paving_stones"
      },
      "geometry": {
        "type": "LineString",
        "coordinates": [
          [
            -76.7102095,
            37.2713978
          ],
          [
            -76.7101752,
            37.2713978
          ]
        ]
      }
    },
    {
      "type": "Feature",
      "properties": {
        "id": 1051373081,
        "highway": "steps",
        "name": null,
        "surface": null
      },
      "geometry": {
        "type": "LineString",
        "coordinates": [
          [
            -76.7101752,
            37.2713978
          ],
          [
            -76.7101474,
            37.2713978
          ]
        ]
      }
    },
    {
      "type": "Feature",
      "properties": {
        "id": 1051373086,
        "highway": "footway",
        "name": null,
        "surface": "paving_stones"
      },
      "geometry": {
        "type": "LineString",
        "coordinates": [
          [
            -76.7103566,
            37.2715319
          ],
          [
            -76.7102091,
            37.2715319
          ]
        ]
      }
    },
    {
      "type": "Feature",
      "properties": {
        "id": 1051379096,
        "highway": "steps",
        "name": null,
        "surface": "paving_stones"
      },
      "geometry": {
        "type": "LineString",
        "coordinates": [
          [
            -76.7099898,
            37.2712964
          ],
          [
            -76.7099697,
            37.2712849
          ]
        ]
      }
    },
    {
      "type": "Feature",
      "properties": {
        "id": 1051379097,
        "highway": "steps",
        "name": null,
        "surface": "paving_stones"
      },
      "geometry": {
        "type": "LineString",
        "coordinates": [
          [
            -76.7103574,
            37.2700092
          ],
          [
            -76.7103573,
            37.2700068
          ]
        ]
      }
    },
    {
      "type": "Feature",
      "properties": {
        "id": 1051413505,
        "highway": "footway",
        "name": null,
        "surface": "paving_stones"
      },
      "geometry": {
        "type": "LineString",
        "coordinates": [
          [
            -76.7130373,
            37.2697044
          ],
          [
            -76.7129623,
            37.2698262
          ],
          [
            -76.7129413,
            37.2698569
          ],
          [
            -76.7128962,
            37.2699265
          ],
          [
            -76.7128772,
            37.2699347
          ]
        ]
      }
    },
    {
      "type": "Feature",
      "properties": {
        "id": 1051413506,
        "highway": "footway",
        "name": null,
        "surface": "paving_stones"
      },
      "geometry": {
        "type": "LineString",
        "coordinates": [
          [
            -76.714263,
            37.2705043
          ],
          [
            -76.7142313,
            37.2705043
          ],
          [
            -76.7139697,
            37.270382
          ],
          [
            -76.7138766,
            37.2703388
          ]
        ]
      }
    },
    {
      "type": "Feature",
      "properties": {
        "id": 1051413507,
        "highway": "footway",
        "name": null,
        "surface": null
      },
      "geometry": {
        "type": "LineString",
        "coordinates": [
          [
            -76.7138766,
            37.2703388
          ],
          [
            -76.7138636,
            37.2703327
          ],
          [
            -76.7138575,
            37.2703299
          ],
          [
            -76.7138469,
            37.2703249
          ],
          [
            -76.713837,
            37.2703203
          ]
        ]
      }
    },
    {
      "type": "Feature",
      "properties": {
        "id": 1051413508,
        "highway": "footway",
        "name": null,
        "surface": "paving_stones"
      },
      "geometry": {
        "type": "LineString",
        "coordinates": [
          [
            -76.713837,
            37.2703203
          ],
          [
            -76.7137336,
            37.2702726
          ]
        ]
      }
    },
    {
      "type": "Feature",
      "properties": {
        "id": 1051413509,
        "highway": "footway",
        "name": null,
        "surface": "paving_stones"
      },
      "geometry": {
        "type": "LineString",
        "coordinates": [
          [
            -76.7136939,
            37.2712335
          ],
          [
            -76.7136836,
            37.2711753
          ],
          [
            -76.7136893,
            37.2711356
          ]
        ]
      }
    },
    {
      "type": "Feature",
      "properties": {
        "id": 1051413510,
        "highway": "residential",
        "name": "Campus Drive",
        "surface": "asphalt"
      },
      "geometry": {
        "type": "LineString",
        "coordinates": [
          [
            -76.7144151,
            37.2702147
          ],
          [
            -76.7143993,
            37.2703443
          ]
        ]
      }
    },
    {
      "type": "Feature",
      "properties": {
        "id": 1051413511,
        "highway": "pedestrian",
        "name": "Campus Drive",
        "surface": "paving_stones"
      },
      "geometry": {
        "type": "LineString",
        "coordinates": [
          [
            -76.7137326,
            37.2711553
          ],
          [
            -76.7136939,
            37.2712335
          ]
        ]
      }
    },
    {
      "type": "Feature",
      "properties": {
        "id": 1051415721,
        "highway": "footway",
        "name": null,
        "surface": "paving_stones"
      },
      "geometry": {
        "type": "LineString",
        "coordinates": [
          [
            -76.7143179,
            37.2705065
          ],
          [
            -76.7143019,
            37.270506
          ]
        ]
      }
    },
    {
      "type": "Feature",
      "properties": {
        "id": 1051415722,
        "highway": "steps",
        "name": null,
        "surface": "paving_stones"
      },
      "geometry": {
        "type": "LineString",
        "coordinates": [
          [
            -76.7143019,
            37.270506
          ],
          [
            -76.714263,
            37.2705043
          ]
        ]
      }
    },
    {
      "type": "Feature",
      "properties": {
        "id": 1051715657,
        "highway": "steps",
        "name": null,
        "surface": "paving_stones"
      },
      "geometry": {
        "type": "LineString",
        "coordinates": [
          [
            -76.711484,
            37.2700562
          ],
          [
            -76.7114443,
            37.2700561
          ]
        ]
      }
    },
    {
      "type": "Feature",
      "properties": {
        "id": 1051715659,
        "highway": "footway",
        "name": null,
        "surface": "paving_stones"
      },
      "geometry": {
        "type": "LineString",
        "coordinates": [
          [
            -76.7115055,
            37.2700462
          ],
          [
            -76.7115055,
            37.2700561
          ],
          [
            -76.711484,
            37.2700562
          ]
        ]
      }
    },
    {
      "type": "Feature",
      "properties": {
        "id": 1051715665,
        "highway": "footway",
        "name": null,
        "surface": "paving_stones"
      },
      "geometry": {
        "type": "LineString",
        "coordinates": [
          [
            -76.7099706,
            37.27048
          ],
          [
            -76.7099707,
            37.270383
          ]
        ]
      }
    },
    {
      "type": "Feature",
      "properties": {
        "id": 1051715666,
        "highway": "steps",
        "name": null,
        "surface": null
      },
      "geometry": {
        "type": "LineString",
        "coordinates": [
          [
            -76.7099707,
            37.270383
          ],
          [
            -76.7099709,
            37.2703616
          ]
        ]
      }
    },
    {
      "type": "Feature",
      "properties": {
        "id": 1051718192,
        "highway": "footway",
        "name": null,
        "surface": "asphalt"
      },
      "geometry": {
        "type": "LineString",
        "coordinates": [
          [
            -76.7154478,
            37.2709755
          ],
          [
            -76.7154212,
            37.2709928
          ],
          [
            -76.7153792,
            37.2710103
          ],
          [
            -76.7151713,
            37.2710524
          ],
          [
            -76.7150863,
            37.2710715
          ],
          [
            -76.7150573,
            37.2710699
          ],
          [
            -76.7149784,
            37.271054
          ],
          [
            -76.7149214,
            37.2710445
          ],
          [
            -76.7148844,
            37.2710333
          ],
          [
            -76.7148364,
            37.2710246
          ],
          [
            -76.7147445,
            37.2709928
          ],
          [
            -76.7146835,
            37.2709792
          ],
          [
            -76.7146295,
            37.2709729
          ],
          [
            -76.7145445,
            37.2709506
          ],
          [
            -76.7144866,
            37.2709482
          ],
          [
            -76.7144326,
            37.2709514
          ],
          [
            -76.7143876,
            37.2709649
          ],
          [
            -76.7143566,
            37.2709805
          ],
          [
            -76.7143436,
            37.2709975
          ],
          [
            -76.7143406,
            37.2710471
          ]
        ]
      }
    },
    {
      "type": "Feature",
      "properties": {
        "id": 1051718193,
        "highway": "footway",
        "name": null,
        "surface": "asphalt"
      },
      "geometry": {
        "type": "LineString",
        "coordinates": [
          [
            -76.7151713,
            37.2710524
          ],
          [
            -76.715172,
            37.2710623
          ]
        ]
      }
    },
    {
      "type": "Feature",
      "properties": {
        "id": 1051718194,
        "highway": "footway",
        "name": null,
        "surface": "fine_gravel"
      },
      "geometry": {
        "type": "LineString",
        "coordinates": [
          [
            -76.715172,
            37.2710623
          ],
          [
            -76.7151727,
            37.2710815
          ],
          [
            -76.7151752,
            37.2710999
          ],
          [
            -76.715186,
            37.2711081
          ],
          [
            -76.7152004,
            37.2711097
          ]
        ]
      }
    },
    {
      "type": "Feature",
      "properties": {
        "id": 1051718195,
        "highway": "footway",
        "name": null,
        "surface": null
      },
      "geometry": {
        "type": "LineString",
        "coordinates": [
          [
            -76.7143406,
            37.2710471
          ],
          [
            -76.7143395,
            37.271061
          ]
        ]
      }
    },
    {
      "type": "Feature",
      "properties": {
        "id": 1051718196,
        "highway": "steps",
        "name": null,
        "surface": null
      },
      "geometry": {
        "type": "LineString",
        "coordinates": [
          [
            -76.7143395,
            37.271061
          ],
          [
            -76.7142659,
            37.2710532
          ]
        ]
      }
    },
    {
      "type": "Feature",
      "properties": {
        "id": 1051718197,
        "highway": "footway",
        "name": null,
        "surface": null
      },
      "geometry": {
        "type": "LineString",
        "coordinates": [
          [
            -76.7142659,
            37.2710532
          ],
          [
            -76.7142431,
            37.2711519
          ],
          [
            -76.7142293,
            37.2712052
          ],
          [
            -76.7142135,
            37.2712801
          ]
        ]
      }
    },
    {
      "type": "Feature",
      "properties": {
        "id": 1052173621,
        "highway": "footway",
        "name": null,
        "surface": "paving_stones"
      },
      "geometry": {
        "type": "LineString",
        "coordinates": [
          [
            -76.7132612,
            37.2695291
          ],
          [
            -76.7132153,
            37.2694711
          ]
        ]
      }
    },
    {
      "type": "Feature",
      "properties": {
        "id": 1052189167,
        "highway": "footway",
        "name": null,
        "surface": "paving_stones"
      },
      "geometry": {
        "type": "LineString",
        "coordinates": [
          [
            -76.7099084,
            37.2712774
          ],
          [
            -76.7099693,
            37.2712768
          ]
        ]
      }
    },
    {
      "type": "Feature",
      "properties": {
        "id": 1054883657,
        "highway": "footway",
        "name": null,
        "surface": "asphalt"
      },
      "geometry": {
        "type": "LineString",
        "coordinates": [
          [
            -76.7143566,
            37.2709805
          ],
          [
            -76.7143477,
            37.2709728
          ]
        ]
      }
    },
    {
      "type": "Feature",
      "properties": {
        "id": 1054883658,
        "highway": "footway",
        "name": null,
        "surface": "ground"
      },
      "geometry": {
        "type": "LineString",
        "coordinates": [
          [
            -76.7143477,
            37.2709728
          ],
          [
            -76.7143261,
            37.2709526
          ],
          [
            -76.7143116,
            37.2709413
          ],
          [
            -76.7142916,
            37.2709056
          ],
          [
            -76.714248,
            37.2708736
          ]
        ]
      }
    },
    {
      "type": "Feature",
      "properties": {
        "id": 1054883659,
        "highway": "footway",
        "name": null,
        "surface": "asphalt"
      },
      "geometry": {
        "type": "LineString",
        "coordinates": [
          [
            -76.714248,
            37.2708736
          ],
          [
            -76.7141947,
            37.2708344
          ]
        ]
      }
    },
    {
      "type": "Feature",
      "properties": {
        "id": 1063118541,
        "highway": "footway",
        "name": null,
        "surface": null
      },
      "geometry": {
        "type": "LineString",
        "coordinates": [
          [
            -76.7129019,
            37.2723917
          ],
          [
            -76.7129021,
            37.272357
          ],
          [
            -76.7127638,
            37.2721719
          ]
        ]
      }
    },
    {
      "type": "Feature",
      "properties": {
        "id": 1063129231,
        "highway": "footway",
        "name": null,
        "surface": "fine_gravel"
      },
      "geometry": {
        "type": "LineString",
        "coordinates": [
          [
            -76.7159431,
            37.2690723
          ],
          [
            -76.7158725,
            37.2691062
          ],
          [
            -76.7158005,
            37.2691408
          ]
        ]
      }
    },
    {
      "type": "Feature",
      "properties": {
        "id": 1063129232,
        "highway": "footway",
        "name": null,
        "surface": "fine_gravel"
      },
      "geometry": {
        "type": "LineString",
        "coordinates": [
          [
            -76.7159188,
            37.269163
          ],
          [
            -76.7158725,
            37.2691062
          ],
          [
            -76.7158281,
            37.2690518
          ]
        ]
      }
    },
    {
      "type": "Feature",
      "properties": {
        "id": 1063129233,
        "highway": "footway",
        "name": null,
        "surface": "paving_stones"
      },
      "geometry": {
        "type": "LineString",
        "coordinates": [
          [
            -76.7159555,
            37.2691148
          ],
          [
            -76.7159539,
            37.2690928
          ],
          [
            -76.7159431,
            37.2690723
          ],
          [
            -76.7159301,
            37.2690597
          ],
          [
            -76.7159136,
            37.26905
          ],
          [
            -76.7158947,
            37.2690438
          ],
          [
            -76.7158718,
            37.2690414
          ],
          [
            -76.7158491,
            37.2690442
          ],
          [
            -76.7158281,
            37.2690518
          ],
          [
            -76.7158095,
            37.2690646
          ],
          [
            -76.7157964,
            37.2690812
          ],
          [
            -76.71579,
            37.2691001
          ],
          [
            -76.7157911,
            37.2691211
          ],
          [
            -76.7158005,
            37.2691408
          ],
          [
            -76.7158127,
            37.2691537
          ],
          [
            -76.7158285,
            37.2691639
          ],
          [
            -76.7158468,
            37.2691707
          ],
          [
            -76.7158715,
            37.269174
          ],
          [
            -76.7158962,
            37.2691713
          ],
          [
            -76.7159188,
            37.269163
          ],
          [
            -76.7159368,
            37.26915
          ],
          [
            -76.7159494,
            37.2691335
          ],
          [
            -76.7159555,
            37.2691148
          ]
        ]
      }
    },
    {
      "type": "Feature",
      "properties": {
        "id": 1063129239,
        "highway": "footway",
        "name": null,
        "surface": null
      },
      "geometry": {
        "type": "LineString",
        "coordinates": [
          [
            -76.7083665,
            37.2713664
          ],
          [
            -76.7083665,
            37.2713233
          ],
          [
            -76.7083665,
            37.2713161
          ],
          [
            -76.7083662,
            37.2712856
          ]
        ]
      }
    },
    {
      "type": "Feature",
      "properties": {
        "id": 1063129240,
        "highway": "footway",
        "name": null,
        "surface": null
      },
      "geometry": {
        "type": "LineString",
        "coordinates": [
          [
            -76.708543,
            37.2713863
          ],
          [
            -76.7085358,
            37.2713842
          ],
          [
            -76.7085281,
            37.2713839
          ],
          [
            -76.7085207,
            37.2713857
          ],
          [
            -76.7085144,
            37.2713892
          ],
          [
            -76.7085098,
            37.2713942
          ],
          [
            -76.7085075,
            37.2714003
          ],
          [
            -76.7085077,
            37.2714066
          ],
          [
            -76.7085107,
            37.2714126
          ],
          [
            -76.7085159,
            37.2714174
          ],
          [
            -76.7085228,
            37.2714206
          ],
          [
            -76.7085307,
            37.2714218
          ],
          [
            -76.7085386,
            37.2714208
          ],
          [
            -76.7085457,
            37.2714178
          ],
          [
            -76.7085511,
            37.2714131
          ],
          [
            -76.7085542,
            37.2714075
          ],
          [
            -76.7085549,
            37.2714014
          ],
          [
            -76.7085531,
            37.2713954
          ],
          [
            -76.708549,
            37.2713902
          ],
          [
            -76.708546,
            37.2713883
          ],
          [
            -76.708543,
            37.2713863
          ]
        ]
      }
    },
    {
      "type": "Feature",
      "properties": {
        "id": 1063129241,
        "highway": "footway",
        "name": null,
        "surface": null
      },
      "geometry": {
        "type": "LineString",
        "coordinates": [
          [
            -76.7085098,
            37.2713942
          ],
          [
            -76.7084828,
            37.2713808
          ],
          [
            -76.7083665,
            37.2713233
          ]
        ]
      }
    },
    {
      "type": "Feature",
      "properties": {
        "id": 1063129242,
        "highway": "footway",
        "name": null,
        "surface": null
      },
      "geometry": {
        "type": "LineString",
        "coordinates": [
          [
            -76.7084508,
            37.2712197
          ],
          [
            -76.708479,
            37.2712194
          ],
          [
            -76.7086333,
            37.2712176
          ],
          [
            -76.708663,
            37.2712173
          ]
        ]
      }
    },
    {
      "type": "Feature",
      "properties": {
        "id": 1063129243,
        "highway": "footway",
        "name": null,
        "surface": null
      },
      "geometry": {
        "type": "LineString",
        "coordinates": [
          [
            -76.708479,
            37.2712194
          ],
          [
            -76.7084812,
            37.2713142
          ],
          [
            -76.7084828,
            37.2713808
          ]
        ]
      }
    },
    {
      "type": "Feature",
      "properties": {
        "id": 1063129244,
        "highway": "footway",
        "name": null,
        "surface": null
      },
      "geometry": {
        "type": "LineString",
        "coordinates": [
          [
            -76.7086152,
            37.2712922
          ],
          [
            -76.7086082,
            37.271292
          ],
          [
            -76.7086015,
            37.2712936
          ],
          [
            -76.7085959,
            37.2712969
          ],
          [
            -76.7085919,
            37.2713015
          ],
          [
            -76.70859,
            37.2713068
          ],
          [
            -76.7085904,
            37.2713123
          ],
          [
            -76.7085931,
            37.2713175
          ],
          [
            -76.7085977,
            37.2713216
          ],
          [
            -76.7086006,
            37.2713229
          ],
          [
            -76.7086038,
            37.2713244
          ],
          [
            -76.7086106,
            37.2713253
          ],
          [
            -76.7086175,
            37.2713245
          ],
          [
            -76.7086235,
            37.271322
          ],
          [
            -76.7086282,
            37.2713181
          ],
          [
            -76.7086311,
            37.2713132
          ],
          [
            -76.7086319,
            37.2713078
          ],
          [
            -76.7086305,
            37.2713025
          ],
          [
            -76.708627,
            37.2712979
          ],
          [
            -76.7086217,
            37.2712943
          ],
          [
            -76.7086152,
            37.2712922
          ]
        ]
      }
    },
    {
      "type": "Feature",
      "properties": {
        "id": 1063129245,
        "highway": "footway",
        "name": null,
        "surface": null
      },
      "geometry": {
        "type": "LineString",
        "coordinates": [
          [
            -76.7086333,
            37.2712176
          ],
          [
            -76.7086305,
            37.2713025
          ]
        ]
      }
    },
    {
      "type": "Feature",
      "properties": {
        "id": 1063129246,
        "highway": "footway",
        "name": null,
        "surface": null
      },
      "geometry": {
        "type": "LineString",
        "coordinates": [
          [
            -76.7085904,
            37.2713123
          ],
          [
            -76.7084812,
            37.2713142
          ],
          [
            -76.7083665,
            37.2713161
          ]
        ]
      }
    },
    {
      "type": "Feature",
      "properties": {
        "id": 1063129247,
        "highway": "footway",
        "name": null,
        "surface": null
      },
      "geometry": {
        "type": "LineString",
        "coordinates": [
          [
            -76.708546,
            37.2713883
          ],
          [
            -76.7086006,
            37.2713229
          ]
        ]
      }
    },
    {
      "type": "Feature",
      "properties": {
        "id": 1063129248,
        "highway": "footway",
        "name": null,
        "surface": null
      },
      "geometry": {
        "type": "LineString",
        "coordinates": [
          [
            -76.7085511,
            37.2714131
          ],
          [
            -76.7085841,
            37.2714298
          ],
          [
            -76.7086094,
            37.2714425
          ]
        ]
      }
    },
    {
      "type": "Feature",
      "properties": {
        "id": 1063129249,
        "highway": "footway",
        "name": null,
        "surface": null
      },
      "geometry": {
        "type": "LineString",
        "coordinates": [
          [
            -76.7078529,
            37.2713857
          ],
          [
            -76.7078048,
            37.2713603
          ],
          [
            -76.7077853,
            37.2713499
          ],
          [
            -76.7077666,
            37.2713477
          ],
          [
            -76.7077413,
            37.2713593
          ],
          [
            -76.7077255,
            37.2713665
          ],
          [
            -76.7076696,
            37.2714032
          ],
          [
            -76.7076564,
            37.2714189
          ],
          [
            -76.7076526,
            37.2714368
          ],
          [
            -76.7076542,
            37.2714499
          ],
          [
            -76.7076652,
            37.2714664
          ],
          [
            -76.70768,
            37.271483
          ],
          [
            -76.7077003,
            37.2714904
          ],
          [
            -76.7077239,
            37.2714965
          ],
          [
            -76.7077332,
            37.2714996
          ],
          [
            -76.7077475,
            37.2714843
          ],
          [
            -76.7077496,
            37.2714717
          ],
          [
            -76.7077431,
            37.2714625
          ],
          [
            -76.7077359,
            37.2714529
          ],
          [
            -76.707737,
            37.2714429
          ],
          [
            -76.7077464,
            37.2714328
          ],
          [
            -76.7077623,
            37.2714224
          ],
          [
            -76.7077683,
            37.2714115
          ],
          [
            -76.7077672,
            37.2714001
          ],
          [
            -76.7077645,
            37.2713923
          ],
          [
            -76.7077413,
            37.2713593
          ]
        ]
      }
    },
    {
      "type": "Feature",
      "properties": {
        "id": 1063129250,
        "highway": "footway",
        "name": null,
        "surface": null
      },
      "geometry": {
        "type": "LineString",
        "coordinates": [
          [
            -76.7077332,
            37.2714996
          ],
          [
            -76.7077403,
            37.2715109
          ],
          [
            -76.7077425,
            37.2715271
          ],
          [
            -76.7077376,
            37.271538
          ],
          [
            -76.7077276,
            37.271543
          ],
          [
            -76.7077025,
            37.2715555
          ],
          [
            -76.7076751,
            37.2715603
          ],
          [
            -76.7076509,
            37.2715568
          ],
          [
            -76.7076312,
            37.271548
          ],
          [
            -76.7076153,
            37.2715363
          ],
          [
            -76.7076093,
            37.2715245
          ],
          [
            -76.7076084,
            37.2715188
          ],
          [
            -76.7076071,
            37.2715105
          ],
          [
            -76.7076208,
            37.2715027
          ],
          [
            -76.7076312,
            37.2714869
          ],
          [
            -76.7076339,
            37.2714677
          ],
          [
            -76.7076361,
            37.271456
          ],
          [
            -76.7076542,
            37.2714499
          ]
        ]
      }
    },
    {
      "type": "Feature",
      "properties": {
        "id": 1063129251,
        "highway": "footway",
        "name": null,
        "surface": null
      },
      "geometry": {
        "type": "LineString",
        "coordinates": [
          [
            -76.708568,
            37.2721967
          ],
          [
            -76.7082935,
            37.2720653
          ],
          [
            -76.7082298,
            37.2720383
          ],
          [
            -76.7079425,
            37.271894
          ]
        ]
      }
    },
    {
      "type": "Feature",
      "properties": {
        "id": 1063339536,
        "highway": "footway",
        "name": null,
        "surface": null
      },
      "geometry": {
        "type": "LineString",
        "coordinates": [
          [
            -76.7137282,
            37.271677
          ],
          [
            -76.7137516,
            37.271701
          ],
          [
            -76.7137747,
            37.2717215
          ],
          [
            -76.7137835,
            37.2717284
          ],
          [
            -76.7137825,
            37.2718328
          ]
        ]
      }
    },
    {
      "type": "Feature",
      "properties": {
        "id": 1063339537,
        "highway": "footway",
        "name": null,
        "surface": null
      },
      "geometry": {
        "type": "LineString",
        "coordinates": [
          [
            -76.7137835,
            37.2717284
          ],
          [
            -76.713818,
            37.2716873
          ]
        ]
      }
    },
    {
      "type": "Feature",
      "properties": {
        "id": 1063339538,
        "highway": "footway",
        "name": null,
        "surface": null
      },
      "geometry": {
        "type": "LineString",
        "coordinates": [
          [
            -76.7143324,
            37.2718916
          ],
          [
            -76.7143231,
            37.2718902
          ],
          [
            -76.7143119,
            37.2718914
          ],
          [
            -76.7143017,
            37.2718955
          ],
          [
            -76.714294,
            37.2719022
          ],
          [
            -76.7142895,
            37.2719105
          ],
          [
            -76.7142887,
            37.2719195
          ],
          [
            -76.7142918,
            37.2719282
          ],
          [
            -76.7142984,
            37.2719356
          ],
          [
            -76.7143078,
            37.2719407
          ],
          [
            -76.7143188,
            37.2719431
          ],
          [
            -76.7143238,
            37.2719428
          ],
          [
            -76.7143301,
            37.2719424
          ],
          [
            -76.7143389,
            37.2719395
          ],
          [
            -76.7143462,
            37.2719347
          ],
          [
            -76.7143516,
            37.2719286
          ],
          [
            -76.7143546,
            37.2719214
          ],
          [
            -76.7143549,
            37.2719139
          ],
          [
            -76.7143526,
            37.2719066
          ],
          [
            -76.7143478,
            37.2719001
          ],
          [
            -76.7143409,
            37.271895
          ],
          [
            -76.7143324,
            37.2718916
          ]
        ]
      }
    },
    {
      "type": "Feature",
      "properties": {
        "id": 1063339539,
        "highway": "footway",
        "name": null,
        "surface": null
      },
      "geometry": {
        "type": "LineString",
        "coordinates": [
          [
            -76.7143231,
            37.2718902
          ],
          [
            -76.7143227,
            37.2718531
          ]
        ]
      }
    },
    {
      "type": "Feature",
      "properties": {
        "id": 1063339540,
        "highway": "footway",
        "name": null,
        "surface": null
      },
      "geometry": {
        "type": "LineString",
        "coordinates": [
          [
            -76.7143238,
            37.2719428
          ],
          [
            -76.7143264,
            37.2720348
          ],
          [
            -76.7143266,
            37.2720436
          ]
        ]
      }
    },
    {
      "type": "Feature",
      "properties": {
        "id": 1063357494,
        "highway": "footway",
        "name": null,
        "surface": "paving_stones"
      },
      "geometry": {
        "type": "LineString",
        "coordinates": [
          [
            -76.7083925,
            37.2708329
          ],
          [
            -76.7086431,
            37.2708231
          ],
          [
            -76.7087515,
            37.2708181
          ],
          [
            -76.7087999,
            37.2708193
          ]
        ]
      }
    },
    {
      "type": "Feature",
      "properties": {
        "id": 1063357495,
        "highway": "steps",
        "name": null,
        "surface": null
      },
      "geometry": {
        "type": "LineString",
        "coordinates": [
          [
            -76.7103214,
            37.2696806
          ],
          [
            -76.7103008,
            37.2696485
          ]
        ]
      }
    },
    {
      "type": "Feature",
      "properties": {
        "id": 1063415208,
        "highway": "footway",
        "name": null,
        "surface": "paving_stones"
      },
      "geometry": {
        "type": "LineString",
        "coordinates": [
          [
            -76.7108043,
            37.2722153
          ],
          [
            -76.7108417,
            37.2722295
          ],
          [
            -76.710912,
            37.2722651
          ],
          [
            -76.7109487,
            37.2722759
          ]
        ]
      }
    },
    {
      "type": "Feature",
      "properties": {
        "id": 1066480373,
        "highway": "footway",
        "name": null,
        "surface": null
      },
      "geometry": {
        "type": "LineString",
        "coordinates": [
          [
            -76.7122319,
            37.2734574
          ],
          [
            -76.7122103,
            37.2734852
          ],
          [
            -76.7122175,
            37.2735111
          ],
          [
            -76.7122395,
            37.2735223
          ],
          [
            -76.7122843,
            37.2735132
          ],
          [
            -76.712313,
            37.2734965
          ]
        ]
      }
    },
    {
      "type": "Feature",
      "properties": {
        "id": 1066480374,
        "highway": "footway",
        "name": null,
        "surface": null
      },
      "geometry": {
        "type": "LineString",
        "coordinates": [
          [
            -76.7126527,
            37.2738434
          ],
          [
            -76.7129061,
            37.2738654
          ],
          [
            -76.7127619,
            37.2737549
          ],
          [
            -76.7125934,
            37.273647
          ],
          [
            -76.7124863,
            37.2735885
          ],
          [
            -76.712313,
            37.2734965
          ],
          [
            -76.7122319,
            37.2734574
          ],
          [
            -76.7121922,
            37.2734366
          ],
          [
            -76.7120987,
            37.273392
          ],
          [
            -76.7119922,
            37.2733396
          ],
          [
            -76.7117865,
            37.2732379
          ],
          [
            -76.7117004,
            37.2731957
          ],
          [
            -76.7115936,
            37.2731429
          ]
        ]
      }
    },
    {
      "type": "Feature",
      "properties": {
        "id": 1066480375,
        "highway": "footway",
        "name": null,
        "surface": null
      },
      "geometry": {
        "type": "LineString",
        "coordinates": [
          [
            -76.7124863,
            37.2735885
          ],
          [
            -76.7124356,
            37.2736672
          ],
          [
            -76.7123623,
            37.2737429
          ],
          [
            -76.7123151,
            37.2737926
          ]
        ]
      }
    },
    {
      "type": "Feature",
      "properties": {
        "id": 1066480378,
        "highway": "footway",
        "name": null,
        "surface": "paving_stones"
      },
      "geometry": {
        "type": "LineString",
        "coordinates": [
          [
            -76.7115936,
            37.2731429
          ],
          [
            -76.7115193,
            37.2731085
          ],
          [
            -76.7114545,
            37.2730784
          ]
        ]
      }
    },
    {
      "type": "Feature",
      "properties": {
        "id": 1066480379,
        "highway": "footway",
        "name": null,
        "surface": "concrete"
      },
      "geometry": {
        "type": "LineString",
        "coordinates": [
          [
            -76.7117421,
            37.273301
          ],
          [
            -76.7116532,
            37.2732617
          ]
        ]
      }
    },
    {
      "type": "Feature",
      "properties": {
        "id": 1066480380,
        "highway": "footway",
        "name": null,
        "surface": "asphalt"
      },
      "geometry": {
        "type": "LineString",
        "coordinates": [
          [
            -76.7119922,
            37.2733396
          ],
          [
            -76.7120492,
            37.2732704
          ],
          [
            -76.7121134,
            37.2731927
          ]
        ]
      }
    },
    {
      "type": "Feature",
      "properties": {
        "id": 1066480381,
        "highway": "footway",
        "name": null,
        "surface": null
      },
      "geometry": {
        "type": "LineString",
        "coordinates": [
          [
            -76.7114545,
            37.2730784
          ],
          [
            -76.7113609,
            37.2730309
          ],
          [
            -76.7111449,
            37.2729266
          ],
          [
            -76.7109393,
            37.2728262
          ],
          [
            -76.7108456,
            37.2727774
          ]
        ]
      }
    },
    {
      "type": "Feature",
      "properties": {
        "id": 1066480382,
        "highway": "footway",
        "name": null,
        "surface": null
      },
      "geometry": {
        "type": "LineString",
        "coordinates": [
          [
            -76.7113609,
            37.2730309
          ],
          [
            -76.7113735,
            37.2729382
          ],
          [
            -76.7113863,
            37.2728411
          ]
        ]
      }
    },
    {
      "type": "Feature",
      "properties": {
        "id": 1066480383,
        "highway": "footway",
        "name": null,
        "surface": null
      },
      "geometry": {
        "type": "LineString",
        "coordinates": [
          [
            -76.7111449,
            37.2729266
          ],
          [
            -76.7108594,
            37.2733439
          ]
        ]
      }
    },
    {
      "type": "Feature",
      "properties": {
        "id": 1066480384,
        "highway": "footway",
        "name": null,
        "surface": null
      },
      "geometry": {
        "type": "LineString",
        "coordinates": [
          [
            -76.7108456,
            37.2727774
          ],
          [
            -76.7106638,
            37.2726948
          ],
          [
            -76.7105081,
            37.272624
          ],
          [
            -76.7104741,
            37.2726085
          ],
          [
            -76.710358,
            37.2725554
          ],
          [
            -76.7102239,
            37.2724939
          ],
          [
            -76.7100515,
            37.2724147
          ],
          [
            -76.7097273,
            37.2722526
          ],
          [
            -76.7096135,
            37.2721957
          ],
          [
            -76.709588,
            37.2721829
          ],
          [
            -76.7093429,
            37.2720628
          ]
        ]
      }
    },
    {
      "type": "Feature",
      "properties": {
        "id": 1066480385,
        "highway": "footway",
        "name": null,
        "surface": null
      },
      "geometry": {
        "type": "LineString",
        "coordinates": [
          [
            -76.710358,
            37.2725554
          ],
          [
            -76.7103284,
            37.2725896
          ],
          [
            -76.7102639,
            37.2726641
          ],
          [
            -76.7102239,
            37.2724939
          ]
        ]
      }
    },
    {
      "type": "Feature",
      "properties": {
        "id": 1066480386,
        "highway": "footway",
        "name": null,
        "surface": null
      },
      "geometry": {
        "type": "LineString",
        "coordinates": [
          [
            -76.7105081,
            37.272624
          ],
          [
            -76.7104725,
            37.2726453
          ],
          [
            -76.7103284,
            37.2725896
          ]
        ]
      }
    },
    {
      "type": "Feature",
      "properties": {
        "id": 1066480387,
        "highway": "footway",
        "name": null,
        "surface": null
      },
      "geometry": {
        "type": "LineString",
        "coordinates": [
          [
            -76.7106638,
            37.2726948
          ],
          [
            -76.710581,
            37.2728186
          ],
          [
            -76.7107588,
            37.2728981
          ]
        ]
      }
    },
    {
      "type": "Feature",
      "properties": {
        "id": 1066480388,
        "highway": "footway",
        "name": null,
        "surface": null
      },
      "geometry": {
        "type": "LineString",
        "coordinates": [
          [
            -76.7097273,
            37.2722526
          ],
          [
            -76.7096798,
            37.272291
          ],
          [
            -76.7095796,
            37.2722511
          ],
          [
            -76.7096135,
            37.2721957
          ]
        ]
      }
    },
    {
      "type": "Feature",
      "properties": {
        "id": 1066480389,
        "highway": "footway",
        "name": null,
        "surface": "asphalt"
      },
      "geometry": {
        "type": "LineString",
        "coordinates": [
          [
            -76.7093429,
            37.2720628
          ],
          [
            -76.7094172,
            37.2719739
          ],
          [
            -76.7094719,
            37.2719085
          ]
        ]
      }
    },
    {
      "type": "Feature",
      "properties": {
        "id": 1066480390,
        "highway": "footway",
        "name": null,
        "surface": null
      },
      "geometry": {
        "type": "LineString",
        "coordinates": [
          [
            -76.7093429,
            37.2720628
          ],
          [
            -76.7092132,
            37.2723085
          ],
          [
            -76.7091222,
            37.2724678
          ],
          [
            -76.7089924,
            37.2727407
          ],
          [
            -76.7089426,
            37.2728353
          ],
          [
            -76.7089894,
            37.2728681
          ],
          [
            -76.7090471,
            37.2728935
          ],
          [
            -76.7090693,
            37.2729141
          ],
          [
            -76.709337,
            37.2730542
          ],
          [
            -76.709614,
            37.2731992
          ],
          [
            -76.710179,
            37.2734949
          ],
          [
            -76.7102197,
            37.2735162
          ],
          [
            -76.7104484,
            37.2736357
          ],
          [
            -76.7104815,
            37.2736477
          ],
          [
            -76.7105305,
            37.273663
          ],
          [
            -76.7105659,
            37.2736702
          ],
          [
            -76.7108733,
            37.2736956
          ],
          [
            -76.7109988,
            37.2737063
          ],
          [
            -76.7111777,
            37.2737305
          ]
        ]
      }
    },
    {
      "type": "Feature",
      "properties": {
        "id": 1066480391,
        "highway": "footway",
        "name": null,
        "surface": null
      },
      "geometry": {
        "type": "LineString",
        "coordinates": [
          [
            -76.7089426,
            37.2728353
          ],
          [
            -76.7088634,
            37.2727994
          ],
          [
            -76.7087994,
            37.2727705
          ]
        ]
      }
    },
    {
      "type": "Feature",
      "properties": {
        "id": 1066480392,
        "highway": "footway",
        "name": null,
        "surface": null
      },
      "geometry": {
        "type": "LineString",
        "coordinates": [
          [
            -76.7087994,
            37.2727705
          ],
          [
            -76.7088384,
            37.2727002
          ],
          [
            -76.7089024,
            37.2725733
          ],
          [
            -76.7089397,
            37.2724994
          ],
          [
            -76.7089555,
            37.272478
          ]
        ]
      }
    },
    {
      "type": "Feature",
      "properties": {
        "id": 1066480393,
        "highway": "footway",
        "name": null,
        "surface": null
      },
      "geometry": {
        "type": "LineString",
        "coordinates": [
          [
            -76.7087994,
            37.2727705
          ],
          [
            -76.7085876,
            37.2726735
          ],
          [
            -76.7085031,
            37.2726248
          ],
          [
            -76.7079162,
            37.2723506
          ]
        ]
      }
    },
    {
      "type": "Feature",
      "properties": {
        "id": 1066480394,
        "highway": "footway",
        "name": null,
        "surface": null
      },
      "geometry": {
        "type": "LineString",
        "coordinates": [
          [
            -76.7088384,
            37.2727002
          ],
          [
            -76.7087495,
            37.2726755
          ]
        ]
      }
    },
    {
      "type": "Feature",
      "properties": {
        "id": 1066480395,
        "highway": "footway",
        "name": null,
        "surface": null
      },
      "geometry": {
        "type": "LineString",
        "coordinates": [
          [
            -76.7089024,
            37.2725733
          ],
          [
            -76.7088203,
            37.2725456
          ]
        ]
      }
    },
    {
      "type": "Feature",
      "properties": {
        "id": 1066480396,
        "highway": "footway",
        "name": null,
        "surface": null
      },
      "geometry": {
        "type": "LineString",
        "coordinates": [
          [
            -76.7089555,
            37.272478
          ],
          [
            -76.7089881,
            37.2724141
          ],
          [
            -76.7090658,
            37.2722545
          ],
          [
            -76.7090695,
            37.2722474
          ],
          [
            -76.7091818,
            37.2720285
          ],
          [
            -76.7091972,
            37.2719973
          ],
          [
            -76.7091881,
            37.2719923
          ],
          [
            -76.7091311,
            37.2719712
          ],
          [
            -76.7085865,
            37.2716871
          ],
          [
            -76.7085561,
            37.2716699
          ]
        ]
      }
    },
    {
      "type": "Feature",
      "properties": {
        "id": 1066480397,
        "highway": "footway",
        "name": null,
        "surface": null
      },
      "geometry": {
        "type": "LineString",
        "coordinates": [
          [
            -76.7089881,
            37.2724141
          ],
          [
            -76.708895,
            37.2723848
          ]
        ]
      }
    },
    {
      "type": "Feature",
      "properties": {
        "id": 1066480398,
        "highway": "footway",
        "name": null,
        "surface": null
      },
      "geometry": {
        "type": "LineString",
        "coordinates": [
          [
            -76.708005,
            37.2716297
          ],
          [
            -76.708001,
            37.2716268
          ],
          [
            -76.7079753,
            37.2716581
          ],
          [
            -76.7078273,
            37.2715701
          ],
          [
            -76.7078097,
            37.2715942
          ],
          [
            -76.7077918,
            37.271583
          ],
          [
            -76.7077276,
            37.271543
          ]
        ]
      }
    },
    {
      "type": "Feature",
      "properties": {
        "id": 1066480399,
        "highway": "footway",
        "name": null,
        "surface": "paving_stones"
      },
      "geometry": {
        "type": "LineString",
        "coordinates": [
          [
            -76.7078048,
            37.2713603
          ],
          [
            -76.7078455,
            37.2713049
          ],
          [
            -76.7080426,
            37.271407
          ],
          [
            -76.7081462,
            37.2714581
          ],
          [
            -76.7081753,
            37.2714724
          ],
          [
            -76.7083794,
            37.2715791
          ],
          [
            -76.7085561,
            37.2716699
          ]
        ]
      }
    },
    {
      "type": "Feature",
      "properties": {
        "id": 1066480400,
        "highway": "footway",
        "name": null,
        "surface": null
      },
      "geometry": {
        "type": "LineString",
        "coordinates": [
          [
            -76.7081462,
            37.2714581
          ],
          [
            -76.7081247,
            37.2714879
          ]
        ]
      }
    },
    {
      "type": "Feature",
      "properties": {
        "id": 1066480401,
        "highway": "footway",
        "name": null,
        "surface": null
      },
      "geometry": {
        "type": "LineString",
        "coordinates": [
          [
            -76.7078455,
            37.2713049
          ],
          [
            -76.7077888,
            37.2712753
          ],
          [
            -76.7076677,
            37.2712054
          ],
          [
            -76.7076051,
            37.2711771
          ],
          [
            -76.7075621,
            37.2711775
          ],
          [
            -76.7075337,
            37.271206
          ],
          [
            -76.7075378,
            37.2712793
          ],
          [
            -76.7075435,
            37.2713802
          ],
          [
            -76.7075515,
            37.2715228
          ],
          [
            -76.7076084,
            37.2715188
          ]
        ]
      }
    },
    {
      "type": "Feature",
      "properties": {
        "id": 1066480402,
        "highway": "footway",
        "name": null,
        "surface": null
      },
      "geometry": {
        "type": "LineString",
        "coordinates": [
          [
            -76.7077888,
            37.2712753
          ],
          [
            -76.7075592,
            37.2713781
          ],
          [
            -76.7075435,
            37.2713802
          ]
        ]
      }
    },
    {
      "type": "Feature",
      "properties": {
        "id": 1066480403,
        "highway": "footway",
        "name": null,
        "surface": "asphalt"
      },
      "geometry": {
        "type": "LineString",
        "coordinates": [
          [
            -76.7075621,
            37.2711775
          ],
          [
            -76.7075454,
            37.2710643
          ],
          [
            -76.7075465,
            37.2709685
          ]
        ]
      }
    },
    {
      "type": "Feature",
      "properties": {
        "id": 1066480404,
        "highway": "footway",
        "name": null,
        "surface": "asphalt"
      },
      "geometry": {
        "type": "LineString",
        "coordinates": [
          [
            -76.7075378,
            37.2712793
          ],
          [
            -76.7074685,
            37.2712833
          ],
          [
            -76.7074224,
            37.271286
          ]
        ]
      }
    },
    {
      "type": "Feature",
      "properties": {
        "id": 1066480405,
        "highway": "footway",
        "name": null,
        "surface": null
      },
      "geometry": {
        "type": "LineString",
        "coordinates": [
          [
            -76.7075515,
            37.2715228
          ],
          [
            -76.7075592,
            37.2716024
          ],
          [
            -76.7075726,
            37.2716294
          ]
        ]
      }
    },
    {
      "type": "Feature",
      "properties": {
        "id": 1066480406,
        "highway": "footway",
        "name": null,
        "surface": null
      },
      "geometry": {
        "type": "LineString",
        "coordinates": [
          [
            -76.706402,
            37.271134
          ],
          [
            -76.7063959,
            37.2710689
          ],
          [
            -76.7063804,
            37.2709488
          ]
        ]
      }
    },
    {
      "type": "Feature",
      "properties": {
        "id": 1066480407,
        "highway": "footway",
        "name": null,
        "surface": null
      },
      "geometry": {
        "type": "LineString",
        "coordinates": [
          [
            -76.7064174,
            37.2713085
          ],
          [
            -76.706402,
            37.271134
          ]
        ]
      }
    },
    {
      "type": "Feature",
      "properties": {
        "id": 1066492655,
        "highway": "footway",
        "name": null,
        "surface": null
      },
      "geometry": {
        "type": "LineString",
        "coordinates": [
          [
            -76.709381,
            37.2736875
          ],
          [
            -76.7094256,
            37.2736917
          ],
          [
            -76.7094835,
            37.2736968
          ]
        ]
      }
    },
    {
      "type": "Feature",
      "properties": {
        "id": 1066492656,
        "highway": "footway",
        "name": null,
        "surface": null
      },
      "geometry": {
        "type": "LineString",
        "coordinates": [
          [
            -76.709381,
            37.2736875
          ],
          [
            -76.7089545,
            37.2736476
          ]
        ]
      }
    },
    {
      "type": "Feature",
      "properties": {
        "id": 1066492657,
        "highway": "footway",
        "name": null,
        "surface": null
      },
      "geometry": {
        "type": "LineString",
        "coordinates": [
          [
            -76.7089545,
            37.2736476
          ],
          [
            -76.7089814,
            37.2739925
          ],
          [
            -76.7089858,
            37.274048
          ],
          [
            -76.7089996,
            37.2742213
          ],
          [
            -76.7090329,
            37.2746559
          ],
          [
            -76.7090575,
            37.2749709
          ],
          [
            -76.7090693,
            37.2750955
          ],
          [
            -76.7091562,
            37.2751237
          ],
          [
            -76.7092514,
            37.2751268
          ],
          [
            -76.7093429,
            37.2751299
          ],
          [
            -76.7095631,
            37.2751371
          ],
          [
            -76.7097742,
            37.2751441
          ],
          [
            -76.7098815,
            37.2751476
          ],
          [
            -76.7099191,
            37.2751297
          ],
          [
            -76.7099191,
            37.2750802
          ],
          [
            -76.7099867,
            37.2749743
          ],
          [
            -76.7100925,
            37.274921
          ],
          [
            -76.7101036,
            37.2749154
          ],
          [
            -76.7102431,
            37.2749043
          ],
          [
            -76.710291,
            37.274917
          ],
          [
            -76.7103461,
            37.2749316
          ],
          [
            -76.7104158,
            37.2750033
          ],
          [
            -76.7104437,
            37.2750622
          ],
          [
            -76.7104458,
            37.2751903
          ],
          [
            -76.7105209,
            37.2752552
          ],
          [
            -76.7105523,
            37.2752876
          ],
          [
            -76.7105853,
            37.2753218
          ],
          [
            -76.7106572,
            37.2753952
          ],
          [
            -76.7106647,
            37.2754567
          ],
          [
            -76.7106557,
            37.2755238
          ],
          [
            -76.7106505,
            37.2755631
          ],
          [
            -76.7106454,
            37.2756009
          ],
          [
            -76.7105515,
            37.2757015
          ],
          [
            -76.710595,
            37.2757264
          ],
          [
            -76.7107502,
            37.2758272
          ],
          [
            -76.7108843,
            37.2759254
          ],
          [
            -76.7110388,
            37.2761064
          ],
          [
            -76.7110559,
            37.2761277
          ]
        ]
      }
    },
    {
      "type": "Feature",
      "properties": {
        "id": 1066492659,
        "highway": "footway",
        "name": null,
        "surface": null
      },
      "geometry": {
        "type": "LineString",
        "coordinates": [
          [
            -76.7089412,
            37.2735305
          ],
          [
            -76.7089444,
            37.2735769
          ],
          [
            -76.7089545,
            37.2736476
          ],
          [
            -76.7088734,
            37.2736415
          ],
          [
            -76.7088233,
            37.2736392
          ]
        ]
      }
    },
    {
      "type": "Feature",
      "properties": {
        "id": 1066492672,
        "highway": "footway",
        "name": null,
        "surface": null
      },
      "geometry": {
        "type": "LineString",
        "coordinates": [
          [
            -76.7105515,
            37.2757015
          ],
          [
            -76.7104884,
            37.2756767
          ],
          [
            -76.7103965,
            37.2756522
          ]
        ]
      }
    },
    {
      "type": "Feature",
      "properties": {
        "id": 1066492673,
        "highway": "footway",
        "name": null,
        "surface": null
      },
      "geometry": {
        "type": "LineString",
        "coordinates": [
          [
            -76.7090693,
            37.2750955
          ],
          [
            -76.7090718,
            37.27518
          ],
          [
            -76.7090829,
            37.275274
          ]
        ]
      }
    },
    {
      "type": "Feature",
      "properties": {
        "id": 1066492675,
        "highway": "footway",
        "name": null,
        "surface": null
      },
      "geometry": {
        "type": "LineString",
        "coordinates": [
          [
            -76.7102964,
            37.2723079
          ],
          [
            -76.7103011,
            37.2722717
          ],
          [
            -76.7102871,
            37.2722523
          ],
          [
            -76.710256,
            37.2722505
          ],
          [
            -76.7102258,
            37.2722738
          ]
        ]
      }
    },
    {
      "type": "Feature",
      "properties": {
        "id": 1066492676,
        "highway": "footway",
        "name": null,
        "surface": null
      },
      "geometry": {
        "type": "LineString",
        "coordinates": [
          [
            -76.7102871,
            37.2722523
          ],
          [
            -76.7103321,
            37.2721891
          ]
        ]
      }
    },
    {
      "type": "Feature",
      "properties": {
        "id": 1102647583,
        "highway": "footway",
        "name": null,
        "surface": null
      },
      "geometry": {
        "type": "LineString",
        "coordinates": [
          [
            -76.7083621,
            37.2713772
          ],
          [
            -76.7083665,
            37.2713664
          ]
        ]
      }
    },
    {
      "type": "Feature",
      "properties": {
        "id": 1102647591,
        "highway": "footway",
        "name": null,
        "surface": "paving_stones"
      },
      "geometry": {
        "type": "LineString",
        "coordinates": [
          [
            -76.7082737,
            37.270387
          ],
          [
            -76.7082613,
            37.2702896
          ],
          [
            -76.708254,
            37.2702803
          ]
        ]
      }
    },
    {
      "type": "Feature",
      "properties": {
        "id": 1102647592,
        "highway": "footway",
        "name": null,
        "surface": "paving_stones"
      },
      "geometry": {
        "type": "LineString",
        "coordinates": [
          [
            -76.7082613,
            37.2702896
          ],
          [
            -76.7083878,
            37.2703706
          ],
          [
            -76.7084373,
            37.2704145
          ],
          [
            -76.7084403,
            37.2704364
          ],
          [
            -76.7084524,
            37.2705221
          ]
        ]
      }
    },
    {
      "type": "Feature",
      "properties": {
        "id": 1102647593,
        "highway": "footway",
        "name": null,
        "surface": "paving_stones"
      },
      "geometry": {
        "type": "LineString",
        "coordinates": [
          [
            -76.7085642,
            37.2704308
          ],
          [
            -76.7084403,
            37.2704364
          ],
          [
            -76.7083679,
            37.2704391
          ]
        ]
      }
    },
    {
      "type": "Feature",
      "properties": {
        "id": 1111907374,
        "highway": "footway",
        "name": null,
        "surface": "asphalt"
      },
      "geometry": {
        "type": "LineString",
        "coordinates": [
          [
            -76.7098294,
            37.2717226
          ],
          [
            -76.709807,
            37.2716917
          ],
          [
            -76.7097848,
            37.2716591
          ]
        ]
      }
    },
    {
      "type": "Feature",
      "properties": {
        "id": 1111907375,
        "highway": "footway",
        "name": null,
        "surface": "paving_stones"
      },
      "geometry": {
        "type": "LineString",
        "coordinates": [
          [
            -76.708579,
            37.271482
          ],
          [
            -76.7087416,
            37.2715599
          ],
          [
            -76.7091379,
            37.2717509
          ],
          [
            -76.7093283,
            37.2718422
          ],
          [
            -76.709368,
            37.2718582
          ]
        ]
      }
    },
    {
      "type": "Feature",
      "properties": {
        "id": 1111907376,
        "highway": "footway",
        "name": null,
        "surface": null
      },
      "geometry": {
        "type": "LineString",
        "coordinates": [
          [
            -76.7094653,
            37.2719004
          ],
          [
            -76.7094122,
            37.2718774
          ],
          [
            -76.709368,
            37.2718582
          ]
        ]
      }
    },
    {
      "type": "Feature",
      "properties": {
        "id": 1111907377,
        "highway": "footway",
        "name": null,
        "surface": "asphalt"
      },
      "geometry": {
        "type": "LineString",
        "coordinates": [
          [
            -76.7093283,
            37.2718422
          ],
          [
            -76.7092723,
            37.2719021
          ],
          [
            -76.7091881,
            37.2719923
          ]
        ]
      }
    },
    {
      "type": "Feature",
      "properties": {
        "id": 1111907378,
        "highway": "footway",
        "name": null,
        "surface": null
      },
      "geometry": {
        "type": "LineString",
        "coordinates": [
          [
            -76.708579,
            37.271482
          ],
          [
            -76.7085568,
            37.2714719
          ],
          [
            -76.7085291,
            37.2714592
          ]
        ]
      }
    },
    {
      "type": "Feature",
      "properties": {
        "id": 1111907382,
        "highway": "footway",
        "name": null,
        "surface": null
      },
      "geometry": {
        "type": "LineString",
        "coordinates": [
          [
            -76.7089646,
            37.2710096
          ],
          [
            -76.7089606,
            37.2711615
          ]
        ]
      }
    },
    {
      "type": "Feature",
      "properties": {
        "id": 1111907383,
        "highway": "steps",
        "name": null,
        "surface": null
      },
      "geometry": {
        "type": "LineString",
        "coordinates": [
          [
            -76.7083548,
            37.2711547
          ],
          [
            -76.7083553,
            37.2711735
          ]
        ]
      }
    },
    {
      "type": "Feature",
      "properties": {
        "id": 1111907384,
        "highway": "footway",
        "name": null,
        "surface": "paving_stones"
      },
      "geometry": {
        "type": "LineString",
        "coordinates": [
          [
            -76.7083548,
            37.2711547
          ],
          [
            -76.7083546,
            37.2711256
          ]
        ]
      }
    },
    {
      "type": "Feature",
      "properties": {
        "id": 1112370182,
        "highway": "footway",
        "name": null,
        "surface": "asphalt"
      },
      "geometry": {
        "type": "LineString",
        "coordinates": [
          [
            -76.7085865,
            37.2716871
          ],
          [
            -76.7086819,
            37.271608
          ],
          [
            -76.7087416,
            37.2715599
          ]
        ]
      }
    },
    {
      "type": "Feature",
      "properties": {
        "id": 1112370183,
        "highway": "footway",
        "name": null,
        "surface": null
      },
      "geometry": {
        "type": "LineString",
        "coordinates": [
          [
            -76.7085865,
            37.2716871
          ],
          [
            -76.7084087,
            37.2719179
          ],
          [
            -76.7083232,
            37.2720273
          ],
          [
            -76.7082935,
            37.2720653
          ],
          [
            -76.7082606,
            37.2721077
          ],
          [
            -76.7082313,
            37.2721453
          ],
          [
            -76.7081633,
            37.272233
          ]
        ]
      }
    },
    {
      "type": "Feature",
      "properties": {
        "id": 1112370184,
        "highway": "footway",
        "name": null,
        "surface": null
      },
      "geometry": {
        "type": "LineString",
        "coordinates": [
          [
            -76.7090695,
            37.2722474
          ],
          [
            -76.7084087,
            37.2719179
          ],
          [
            -76.7079271,
            37.2716817
          ]
        ]
      }
    },
    {
      "type": "Feature",
      "properties": {
        "id": 1112370185,
        "highway": "footway",
        "name": null,
        "surface": null
      },
      "geometry": {
        "type": "LineString",
        "coordinates": [
          [
            -76.7079162,
            37.2723506
          ],
          [
            -76.7078848,
            37.2723364
          ],
          [
            -76.7078581,
            37.2723244
          ]
        ]
      }
    },
    {
      "type": "Feature",
      "properties": {
        "id": 1112370186,
        "highway": "footway",
        "name": null,
        "surface": null
      },
      "geometry": {
        "type": "LineString",
        "coordinates": [
          [
            -76.7078581,
            37.2723244
          ],
          [
            -76.707622,
            37.2722139
          ],
          [
            -76.7076126,
            37.2720917
          ],
          [
            -76.7076034,
            37.2719654
          ],
          [
            -76.7075726,
            37.2716294
          ]
        ]
      }
    },
    {
      "type": "Feature",
      "properties": {
        "id": 1112370187,
        "highway": "footway",
        "name": null,
        "surface": null
      },
      "geometry": {
        "type": "LineString",
        "coordinates": [
          [
            -76.7076034,
            37.2719654
          ],
          [
            -76.7078385,
            37.2719589
          ],
          [
            -76.7078426,
            37.2720046
          ]
        ]
      }
    },
    {
      "type": "Feature",
      "properties": {
        "id": 1112394715,
        "highway": "footway",
        "name": null,
        "surface": "asphalt"
      },
      "geometry": {
        "type": "LineString",
        "coordinates": [
          [
            -76.7129061,
            37.2738654
          ],
          [
            -76.7129578,
            37.2739204
          ],
          [
            -76.7130225,
            37.2739891
          ]
        ]
      }
    },
    {
      "type": "Feature",
      "properties": {
        "id": 1112394716,
        "highway": "footway",
        "name": null,
        "surface": null
      },
      "geometry": {
        "type": "LineString",
        "coordinates": [
          [
            -76.7119131,
            37.2739029
          ],
          [
            -76.7121573,
            37.2739218
          ],
          [
            -76.7127606,
            37.2739688
          ],
          [
            -76.7130225,
            37.2739891
          ],
          [
            -76.7130513,
            37.273994
          ],
          [
            -76.7130719,
            37.2740047
          ],
          [
            -76.713101,
            37.2740251
          ],
          [
            -76.7131815,
            37.2741135
          ]
        ]
      }
    },
    {
      "type": "Feature",
      "properties": {
        "id": 1112394717,
        "highway": "footway",
        "name": null,
        "surface": null
      },
      "geometry": {
        "type": "LineString",
        "coordinates": [
          [
            -76.7122342,
            37.2743833
          ],
          [
            -76.7121549,
            37.2743255
          ],
          [
            -76.712145,
            37.2743099
          ],
          [
            -76.7121433,
            37.2742926
          ],
          [
            -76.7121481,
            37.2742718
          ],
          [
            -76.7121243,
            37.2742593
          ],
          [
            -76.7121682,
            37.2741878
          ],
          [
            -76.7120573,
            37.2741462
          ],
          [
            -76.7121573,
            37.2739218
          ]
        ]
      }
    },
    {
      "type": "Feature",
      "properties": {
        "id": 1112394718,
        "highway": "footway",
        "name": null,
        "surface": null
      },
      "geometry": {
        "type": "LineString",
        "coordinates": [
          [
            -76.711795,
            37.2738925
          ],
          [
            -76.711606,
            37.2738796
          ],
          [
            -76.7114699,
            37.2738668
          ],
          [
            -76.711324,
            37.273855
          ],
          [
            -76.7111897,
            37.2738434
          ],
          [
            -76.7110651,
            37.2738324
          ],
          [
            -76.7109414,
            37.2738216
          ],
          [
            -76.7106545,
            37.2737984
          ],
          [
            -76.7106147,
            37.2737935
          ],
          [
            -76.7105571,
            37.2737889
          ],
          [
            -76.7105141,
            37.2737856
          ],
          [
            -76.7104453,
            37.2737802
          ],
          [
            -76.710367,
            37.2737734
          ],
          [
            -76.7103216,
            37.2737697
          ],
          [
            -76.710284,
            37.273766
          ],
          [
            -76.7101627,
            37.2737546
          ]
        ]
      }
    },
    {
      "type": "Feature",
      "properties": {
        "id": 1112394719,
        "highway": "footway",
        "name": null,
        "surface": null
      },
      "geometry": {
        "type": "LineString",
        "coordinates": [
          [
            -76.7119131,
            37.2739029
          ],
          [
            -76.71185,
            37.2738973
          ],
          [
            -76.711795,
            37.2738925
          ]
        ]
      }
    },
    {
      "type": "Feature",
      "properties": {
        "id": 1112394720,
        "highway": "footway",
        "name": null,
        "surface": null
      },
      "geometry": {
        "type": "LineString",
        "coordinates": [
          [
            -76.7101627,
            37.2737546
          ],
          [
            -76.7101628,
            37.2736829
          ],
          [
            -76.7101497,
            37.2736289
          ]
        ]
      }
    },
    {
      "type": "Feature",
      "properties": {
        "id": 1112394721,
        "highway": "footway",
        "name": null,
        "surface": null
      },
      "geometry": {
        "type": "LineString",
        "coordinates": [
          [
            -76.7101627,
            37.2737546
          ],
          [
            -76.7101147,
            37.2737498
          ],
          [
            -76.7100446,
            37.273744
          ]
        ]
      }
    },
    {
      "type": "Feature",
      "properties": {
        "id": 1112394722,
        "highway": "footway",
        "name": null,
        "surface": null
      },
      "geometry": {
        "type": "LineString",
        "coordinates": [
          [
            -76.7100446,
            37.273744
          ],
          [
            -76.7094835,
            37.2736968
          ]
        ]
      }
    },
    {
      "type": "Feature",
      "properties": {
        "id": 1112394723,
        "highway": "footway",
        "name": null,
        "surface": null
      },
      "geometry": {
        "type": "LineString",
        "coordinates": [
          [
            -76.7089412,
            37.2735305
          ],
          [
            -76.7089171,
            37.2729857
          ],
          [
            -76.7089219,
            37.2729731
          ],
          [
            -76.7089412,
            37.2729775
          ],
          [
            -76.709337,
            37.2731829
          ],
          [
            -76.7098485,
            37.2734549
          ],
          [
            -76.7100638,
            37.2735695
          ],
          [
            -76.7101271,
            37.2736083
          ],
          [
            -76.7101497,
            37.2736289
          ],
          [
            -76.7101333,
            37.2736351
          ],
          [
            -76.7097022,
            37.2735984
          ],
          [
            -76.7089412,
            37.2735305
          ]
        ]
      }
    },
    {
      "type": "Feature",
      "properties": {
        "id": 1112394724,
        "highway": "footway",
        "name": null,
        "surface": null
      },
      "geometry": {
        "type": "LineString",
        "coordinates": [
          [
            -76.7088021,
            37.2735196
          ],
          [
            -76.7088103,
            37.2735663
          ],
          [
            -76.7088233,
            37.2736392
          ]
        ]
      }
    },
    {
      "type": "Feature",
      "properties": {
        "id": 1112394725,
        "highway": "footway",
        "name": null,
        "surface": null
      },
      "geometry": {
        "type": "LineString",
        "coordinates": [
          [
            -76.7089412,
            37.2735305
          ],
          [
            -76.7088683,
            37.2735248
          ],
          [
            -76.7088021,
            37.2735196
          ]
        ]
      }
    },
    {
      "type": "Feature",
      "properties": {
        "id": 1112394726,
        "highway": "footway",
        "name": null,
        "surface": "paving_stones"
      },
      "geometry": {
        "type": "LineString",
        "coordinates": [
          [
            -76.7075976,
            37.2735354
          ],
          [
            -76.7072791,
            37.2735523
          ],
          [
            -76.7067296,
            37.27358
          ],
          [
            -76.7061338,
            37.2736099
          ],
          [
            -76.7061102,
            37.2736193
          ],
          [
            -76.7061042,
            37.2736417
          ],
          [
            -76.7061397,
            37.274066
          ],
          [
            -76.706252,
            37.2754103
          ],
          [
            -76.7077198,
            37.2753457
          ]
        ]
      }
    },
    {
      "type": "Feature",
      "properties": {
        "id": 1112394727,
        "highway": "footway",
        "name": null,
        "surface": null
      },
      "geometry": {
        "type": "LineString",
        "coordinates": [
          [
            -76.707732,
            37.2735458
          ],
          [
            -76.7077567,
            37.2735561
          ],
          [
            -76.7078071,
            37.2741035
          ]
        ]
      }
    },
    {
      "type": "Feature",
      "properties": {
        "id": 1112394728,
        "highway": "footway",
        "name": null,
        "surface": null
      },
      "geometry": {
        "type": "LineString",
        "coordinates": [
          [
            -76.7078071,
            37.2741035
          ],
          [
            -76.708113,
            37.274087
          ],
          [
            -76.7083274,
            37.274079
          ],
          [
            -76.7084439,
            37.2741419
          ]
        ]
      }
    },
    {
      "type": "Feature",
      "properties": {
        "id": 1112394729,
        "highway": "footway",
        "name": null,
        "surface": null
      },
      "geometry": {
        "type": "LineString",
        "coordinates": [
          [
            -76.7081392,
            37.2743863
          ],
          [
            -76.7081251,
            37.2742253
          ],
          [
            -76.708113,
            37.274087
          ],
          [
            -76.7081093,
            37.2740445
          ]
        ]
      }
    },
    {
      "type": "Feature",
      "properties": {
        "id": 1112394730,
        "highway": "footway",
        "name": null,
        "surface": null
      },
      "geometry": {
        "type": "LineString",
        "coordinates": [
          [
            -76.7088233,
            37.2736392
          ],
          [
            -76.7086163,
            37.2736292
          ],
          [
            -76.7077567,
            37.2735561
          ]
        ]
      }
    },
    {
      "type": "Feature",
      "properties": {
        "id": 1112394731,
        "highway": "footway",
        "name": null,
        "surface": null
      },
      "geometry": {
        "type": "LineString",
        "coordinates": [
          [
            -76.7088233,
            37.2736392
          ],
          [
            -76.7088409,
            37.2739503
          ],
          [
            -76.708872,
            37.2743543
          ],
          [
            -76.70892,
            37.2749778
          ],
          [
            -76.7089577,
            37.2754672
          ],
          [
            -76.7089503,
            37.2754849
          ],
          [
            -76.7088971,
            37.2754849
          ],
          [
            -76.7084582,
            37.2754437
          ],
          [
            -76.7084202,
            37.2754396
          ],
          [
            -76.7083503,
            37.2754319
          ],
          [
            -76.7079247,
            37.275359
          ],
          [
            -76.7078907,
            37.2753508
          ],
          [
            -76.7078818,
            37.2753143
          ],
          [
            -76.7078331,
            37.2746923
          ],
          [
            -76.7078434,
            37.2746721
          ],
          [
            -76.7080891,
            37.2746614
          ]
        ]
      }
    },
    {
      "type": "Feature",
      "properties": {
        "id": 1112394732,
        "highway": "footway",
        "name": null,
        "surface": "paving_stones"
      },
      "geometry": {
        "type": "LineString",
        "coordinates": [
          [
            -76.7078367,
            37.2745824
          ],
          [
            -76.7078135,
            37.274273
          ]
        ]
      }
    },
    {
      "type": "Feature",
      "properties": {
        "id": 1112394733,
        "highway": "footway",
        "name": null,
        "surface": null
      },
      "geometry": {
        "type": "LineString",
        "coordinates": [
          [
            -76.7078434,
            37.2746721
          ],
          [
            -76.7078403,
            37.274631
          ],
          [
            -76.7078367,
            37.2745824
          ]
        ]
      }
    },
    {
      "type": "Feature",
      "properties": {
        "id": 1112736142,
        "highway": "footway",
        "name": null,
        "surface": null
      },
      "geometry": {
        "type": "LineString",
        "coordinates": [
          [
            -76.7124535,
            37.2683937
          ],
          [
            -76.7118069,
            37.2686628
          ]
        ]
      }
    },
    {
      "type": "Feature",
      "properties": {
        "id": 1112736152,
        "highway": "footway",
        "name": null,
        "surface": "paving_stones"
      },
      "geometry": {
        "type": "LineString",
        "coordinates": [
          [
            -76.7125385,
            37.2734027
          ],
          [
            -76.7125438,
            37.2733781
          ],
          [
            -76.7125567,
            37.2733567
          ],
          [
            -76.712582,
            37.2733232
          ],
          [
            -76.7125908,
            37.2732723
          ],
          [
            -76.7125707,
            37.2732271
          ],
          [
            -76.7125695,
            37.2731657
          ],
          [
            -76.7124115,
            37.2731638
          ],
          [
            -76.712335,
            37.2731608
          ]
        ]
      }
    },
    {
      "type": "Feature",
      "properties": {
        "id": 1112736153,
        "highway": "footway",
        "name": null,
        "surface": null
      },
      "geometry": {
        "type": "LineString",
        "coordinates": [
          [
            -76.7125385,
            37.2734027
          ],
          [
            -76.7125102,
            37.2733882
          ],
          [
            -76.7123334,
            37.2732973
          ],
          [
            -76.7121134,
            37.2731927
          ]
        ]
      }
    },
    {
      "type": "Feature",
      "properties": {
        "id": 1112736154,
        "highway": "footway",
        "name": null,
        "surface": null
      },
      "geometry": {
        "type": "LineString",
        "coordinates": [
          [
            -76.7120039,
            37.2731423
          ],
          [
            -76.7120481,
            37.2731622
          ],
          [
            -76.7121134,
            37.2731927
          ]
        ]
      }
    },
    {
      "type": "Feature",
      "properties": {
        "id": 1112736155,
        "highway": "footway",
        "name": null,
        "surface": null
      },
      "geometry": {
        "type": "LineString",
        "coordinates": [
          [
            -76.7100271,
            37.2719507
          ],
          [
            -76.7094929,
            37.2718662
          ]
        ]
      }
    },
    {
      "type": "Feature",
      "properties": {
        "id": 1112736157,
        "highway": "footway",
        "name": null,
        "surface": null
      },
      "geometry": {
        "type": "LineString",
        "coordinates": [
          [
            -76.7074491,
            37.2716256
          ],
          [
            -76.7074463,
            37.2715637
          ],
          [
            -76.7074224,
            37.271286
          ],
          [
            -76.7073983,
            37.2710419
          ],
          [
            -76.707385,
            37.2710151
          ],
          [
            -76.7073626,
            37.2709965
          ]
        ]
      }
    },
    {
      "type": "Feature",
      "properties": {
        "id": 1112736158,
        "highway": "footway",
        "name": null,
        "surface": null
      },
      "geometry": {
        "type": "LineString",
        "coordinates": [
          [
            -76.7076126,
            37.2720917
          ],
          [
            -76.707527,
            37.2720909
          ],
          [
            -76.7074775,
            37.2720905
          ]
        ]
      }
    },
    {
      "type": "Feature",
      "properties": {
        "id": 1112736159,
        "highway": "footway",
        "name": null,
        "surface": null
      },
      "geometry": {
        "type": "LineString",
        "coordinates": [
          [
            -76.7074775,
            37.2720905
          ],
          [
            -76.7074801,
            37.272162
          ],
          [
            -76.7074821,
            37.2722152
          ]
        ]
      }
    },
    {
      "type": "Feature",
      "properties": {
        "id": 1112736160,
        "highway": "footway",
        "name": null,
        "surface": "paving_stones"
      },
      "geometry": {
        "type": "LineString",
        "coordinates": [
          [
            -76.7076514,
            37.2726124
          ],
          [
            -76.707647,
            37.2724309
          ],
          [
            -76.7076562,
            37.2724169
          ],
          [
            -76.7076726,
            37.2724059
          ],
          [
            -76.7076891,
            37.2723996
          ],
          [
            -76.7077076,
            37.2723965
          ],
          [
            -76.7077312,
            37.2723985
          ],
          [
            -76.7087521,
            37.2728699
          ]
        ]
      }
    },
    {
      "type": "Feature",
      "properties": {
        "id": 1112736161,
        "highway": "footway",
        "name": null,
        "surface": "paving_stones"
      },
      "geometry": {
        "type": "LineString",
        "coordinates": [
          [
            -76.7076875,
            37.2730546
          ],
          [
            -76.7076833,
            37.2729941
          ]
        ]
      }
    },
    {
      "type": "Feature",
      "properties": {
        "id": 1112736162,
        "highway": "footway",
        "name": null,
        "surface": "paving_stones"
      },
      "geometry": {
        "type": "LineString",
        "coordinates": [
          [
            -76.7076833,
            37.2729941
          ],
          [
            -76.7076765,
            37.2728948
          ]
        ]
      }
    },
    {
      "type": "Feature",
      "properties": {
        "id": 1112736163,
        "highway": "footway",
        "name": null,
        "surface": "paving_stones"
      },
      "geometry": {
        "type": "LineString",
        "coordinates": [
          [
            -76.7076765,
            37.2728948
          ],
          [
            -76.7076743,
            37.2728676
          ],
          [
            -76.7076714,
            37.2728322
          ]
        ]
      }
    },
    {
      "type": "Feature",
      "properties": {
        "id": 1112736164,
        "highway": "footway",
        "name": null,
        "surface": "paving_stones"
      },
      "geometry": {
        "type": "LineString",
        "coordinates": [
          [
            -76.7076714,
            37.2728322
          ],
          [
            -76.7076588,
            37.2727003
          ]
        ]
      }
    },
    {
      "type": "Feature",
      "properties": {
        "id": 1112736165,
        "highway": "footway",
        "name": null,
        "surface": "paving_stones"
      },
      "geometry": {
        "type": "LineString",
        "coordinates": [
          [
            -76.7076588,
            37.2727003
          ],
          [
            -76.707655,
            37.2726554
          ],
          [
            -76.7076514,
            37.2726124
          ]
        ]
      }
    },
    {
      "type": "Feature",
      "properties": {
        "id": 1112736166,
        "highway": "footway",
        "name": null,
        "surface": null
      },
      "geometry": {
        "type": "LineString",
        "coordinates": [
          [
            -76.7087521,
            37.2728699
          ],
          [
            -76.7087748,
            37.2728222
          ],
          [
            -76.7087994,
            37.2727705
          ]
        ]
      }
    },
    {
      "type": "Feature",
      "properties": {
        "id": 1112736167,
        "highway": "footway",
        "name": null,
        "surface": null
      },
      "geometry": {
        "type": "LineString",
        "coordinates": [
          [
            -76.7089219,
            37.2729731
          ],
          [
            -76.7088424,
            37.2729248
          ],
          [
            -76.7087521,
            37.2728699
          ]
        ]
      }
    },
    {
      "type": "Feature",
      "properties": {
        "id": 1112736168,
        "highway": "footway",
        "name": null,
        "surface": null
      },
      "geometry": {
        "type": "LineString",
        "coordinates": [
          [
            -76.7132133,
            37.2738483
          ],
          [
            -76.7132157,
            37.2738628
          ]
        ]
      }
    },
    {
      "type": "Feature",
      "properties": {
        "id": 1112736169,
        "highway": "footway",
        "name": null,
        "surface": "asphalt"
      },
      "geometry": {
        "type": "LineString",
        "coordinates": [
          [
            -76.7132157,
            37.2738628
          ],
          [
            -76.7132685,
            37.2739196
          ],
          [
            -76.713363,
            37.2740212
          ]
        ]
      }
    },
    {
      "type": "Feature",
      "properties": {
        "id": 1112736170,
        "highway": "footway",
        "name": null,
        "surface": "asphalt"
      },
      "geometry": {
        "type": "LineString",
        "coordinates": [
          [
            -76.713363,
            37.2740212
          ],
          [
            -76.7132634,
            37.2740718
          ],
          [
            -76.7131815,
            37.2741135
          ]
        ]
      }
    },
    {
      "type": "Feature",
      "properties": {
        "id": 1112736171,
        "highway": "footway",
        "name": null,
        "surface": null
      },
      "geometry": {
        "type": "LineString",
        "coordinates": [
          [
            -76.7131815,
            37.2741135
          ],
          [
            -76.7132296,
            37.2741674
          ],
          [
            -76.7132688,
            37.2742113
          ]
        ]
      }
    },
    {
      "type": "Feature",
      "properties": {
        "id": 1112736172,
        "highway": "footway",
        "name": null,
        "surface": null
      },
      "geometry": {
        "type": "LineString",
        "coordinates": [
          [
            -76.7132688,
            37.2742113
          ],
          [
            -76.7134188,
            37.2743905
          ],
          [
            -76.7135583,
            37.2745613
          ]
        ]
      }
    },
    {
      "type": "Feature",
      "properties": {
        "id": 1114792509,
        "highway": "footway",
        "name": null,
        "surface": null
      },
      "geometry": {
        "type": "LineString",
        "coordinates": [
          [
            -76.7141339,
            37.2745055
          ],
          [
            -76.7140349,
            37.2744285
          ],
          [
            -76.7140305,
            37.2744173
          ],
          [
            -76.7140401,
            37.2744038
          ],
          [
            -76.7140677,
            37.2743825
          ],
          [
            -76.7143098,
            37.2741956
          ],
          [
            -76.71436,
            37.2741127
          ],
          [
            -76.7145731,
            37.2739514
          ]
        ]
      }
    },
    {
      "type": "Feature",
      "properties": {
        "id": 1114792514,
        "highway": "footway",
        "name": null,
        "surface": null
      },
      "geometry": {
        "type": "LineString",
        "coordinates": [
          [
            -76.7151655,
            37.2737786
          ],
          [
            -76.7151314,
            37.2738186
          ],
          [
            -76.7151036,
            37.2738565
          ],
          [
            -76.7150677,
            37.2739257
          ],
          [
            -76.7150507,
            37.2739671
          ],
          [
            -76.7150342,
            37.2739778
          ],
          [
            -76.7150184,
            37.2739781
          ],
          [
            -76.7150013,
            37.2739714
          ],
          [
            -76.7149556,
            37.2739386
          ],
          [
            -76.7149143,
            37.2739143
          ],
          [
            -76.714847,
            37.2738829
          ],
          [
            -76.7147851,
            37.2738607
          ],
          [
            -76.7147313,
            37.2738429
          ],
          [
            -76.7146631,
            37.2738279
          ],
          [
            -76.7145738,
            37.2738009
          ],
          [
            -76.7145056,
            37.2738013
          ],
          [
            -76.7138101,
            37.2738052
          ],
          [
            -76.7137527,
            37.2738319
          ],
          [
            -76.713692,
            37.2738293
          ],
          [
            -76.7135251,
            37.273742
          ]
        ]
      }
    },
    {
      "type": "Feature",
      "properties": {
        "id": 1114792515,
        "highway": "footway",
        "name": null,
        "surface": null
      },
      "geometry": {
        "type": "LineString",
        "coordinates": [
          [
            -76.7145056,
            37.2738013
          ],
          [
            -76.7145049,
            37.2738663
          ],
          [
            -76.7145045,
            37.2739043
          ]
        ]
      }
    },
    {
      "type": "Feature",
      "properties": {
        "id": 1114792516,
        "highway": "footway",
        "name": null,
        "surface": null
      },
      "geometry": {
        "type": "LineString",
        "coordinates": [
          [
            -76.7145279,
            37.2739122
          ],
          [
            -76.7145045,
            37.2739043
          ],
          [
            -76.7144707,
            37.2739044
          ],
          [
            -76.7144176,
            37.2739046
          ]
        ]
      }
    },
    {
      "type": "Feature",
      "properties": {
        "id": 1114792517,
        "highway": "footway",
        "name": null,
        "surface": null
      },
      "geometry": {
        "type": "LineString",
        "coordinates": [
          [
            -76.7144176,
            37.2739046
          ],
          [
            -76.7140106,
            37.2739046
          ]
        ]
      }
    },
    {
      "type": "Feature",
      "properties": {
        "id": 1114792518,
        "highway": "footway",
        "name": null,
        "surface": null
      },
      "geometry": {
        "type": "LineString",
        "coordinates": [
          [
            -76.7145279,
            37.2739122
          ],
          [
            -76.7145731,
            37.2739514
          ],
          [
            -76.7146649,
            37.2740278
          ]
        ]
      }
    },
    {
      "type": "Feature",
      "properties": {
        "id": 1114792519,
        "highway": "footway",
        "name": null,
        "surface": null
      },
      "geometry": {
        "type": "LineString",
        "coordinates": [
          [
            -76.713363,
            37.2740212
          ],
          [
            -76.7133777,
            37.2740352
          ],
          [
            -76.7133861,
            37.2740498
          ],
          [
            -76.7136762,
            37.2744032
          ],
          [
            -76.7136808,
            37.2744091
          ],
          [
            -76.7137444,
            37.2744896
          ],
          [
            -76.7141199,
            37.2749519
          ]
        ]
      }
    },
    {
      "type": "Feature",
      "properties": {
        "id": 1114792520,
        "highway": "footway",
        "name": null,
        "surface": null
      },
      "geometry": {
        "type": "LineString",
        "coordinates": [
          [
            -76.7137367,
            37.2744926
          ],
          [
            -76.7136661,
            37.2745198
          ],
          [
            -76.713566,
            37.2745584
          ]
        ]
      }
    },
    {
      "type": "Feature",
      "properties": {
        "id": 1114792521,
        "highway": "footway",
        "name": null,
        "surface": null
      },
      "geometry": {
        "type": "LineString",
        "coordinates": [
          [
            -76.7140677,
            37.2743825
          ],
          [
            -76.7139754,
            37.2742992
          ],
          [
            -76.7139338,
            37.2743316
          ],
          [
            -76.7138984,
            37.2743512
          ],
          [
            -76.7138651,
            37.2743657
          ],
          [
            -76.7138339,
            37.2743757
          ],
          [
            -76.7138119,
            37.274379
          ],
          [
            -76.7137802,
            37.274383
          ],
          [
            -76.7137382,
            37.2743886
          ],
          [
            -76.7136808,
            37.2744091
          ]
        ]
      }
    },
    {
      "type": "Feature",
      "properties": {
        "id": 1114792522,
        "highway": "footway",
        "name": null,
        "surface": "asphalt"
      },
      "geometry": {
        "type": "LineString",
        "coordinates": [
          [
            -76.7150124,
            37.2742689
          ],
          [
            -76.7151397,
            37.2742393
          ],
          [
            -76.7152016,
            37.2742248
          ]
        ]
      }
    },
    {
      "type": "Feature",
      "properties": {
        "id": 1115118784,
        "highway": "footway",
        "name": null,
        "surface": null
      },
      "geometry": {
        "type": "LineString",
        "coordinates": [
          [
            -76.716747,
            37.2662731
          ],
          [
            -76.7164945,
            37.2663983
          ],
          [
            -76.7161441,
            37.2665721
          ],
          [
            -76.7158064,
            37.2667421
          ],
          [
            -76.715491,
            37.2669007
          ],
          [
            -76.7152777,
            37.2670079
          ],
          [
            -76.7150703,
            37.2671122
          ],
          [
            -76.7142476,
            37.2675259
          ]
        ]
      }
    },
    {
      "type": "Feature",
      "properties": {
        "id": 1115118785,
        "highway": "footway",
        "name": null,
        "surface": null
      },
      "geometry": {
        "type": "LineString",
        "coordinates": [
          [
            -76.7142476,
            37.2675259
          ],
          [
            -76.714175,
            37.2675618
          ],
          [
            -76.7141375,
            37.2675816
          ]
        ]
      }
    },
    {
      "type": "Feature",
      "properties": {
        "id": 1115118786,
        "highway": "footway",
        "name": null,
        "surface": null
      },
      "geometry": {
        "type": "LineString",
        "coordinates": [
          [
            -76.7141375,
            37.2675816
          ],
          [
            -76.7138725,
            37.2677163
          ],
          [
            -76.7134561,
            37.2679261
          ],
          [
            -76.7133706,
            37.2679695
          ],
          [
            -76.7129193,
            37.2681939
          ],
          [
            -76.712599,
            37.2683334
          ]
        ]
      }
    },
    {
      "type": "Feature",
      "properties": {
        "id": 1115118787,
        "highway": "footway",
        "name": null,
        "surface": null
      },
      "geometry": {
        "type": "LineString",
        "coordinates": [
          [
            -76.712599,
            37.2683334
          ],
          [
            -76.7124093,
            37.2680394
          ],
          [
            -76.7121406,
            37.2676281
          ]
        ]
      }
    },
    {
      "type": "Feature",
      "properties": {
        "id": 1119748373,
        "highway": "footway",
        "name": null,
        "surface": "concrete"
      },
      "geometry": {
        "type": "LineString",
        "coordinates": [
          [
            -76.7091191,
            37.2706125
          ],
          [
            -76.7089612,
            37.2706186
          ],
          [
            -76.7089612,
            37.270631
          ]
        ]
      }
    },
    {
      "type": "Feature",
      "properties": {
        "id": 1119748374,
        "highway": "footway",
        "name": null,
        "surface": null
      },
      "geometry": {
        "type": "LineString",
        "coordinates": [
          [
            -76.7099709,
            37.2703616
          ],
          [
            -76.7099709,
            37.2703501
          ],
          [
            -76.709971,
            37.2703436
          ]
        ]
      }
    },
    {
      "type": "Feature",
      "properties": {
        "id": 1119748375,
        "highway": "footway",
        "name": null,
        "surface": null
      },
      "geometry": {
        "type": "LineString",
        "coordinates": [
          [
            -76.7098468,
            37.2702085
          ],
          [
            -76.709736,
            37.2702099
          ]
        ]
      }
    },
    {
      "type": "Feature",
      "properties": {
        "id": 1119748376,
        "highway": "steps",
        "name": null,
        "surface": null
      },
      "geometry": {
        "type": "LineString",
        "coordinates": [
          [
            -76.7098637,
            37.2702083
          ],
          [
            -76.7098468,
            37.2702085
          ]
        ]
      }
    },
    {
      "type": "Feature",
      "properties": {
        "id": 1119748377,
        "highway": "footway",
        "name": null,
        "surface": null
      },
      "geometry": {
        "type": "LineString",
        "coordinates": [
          [
            -76.7118159,
            37.271562
          ],
          [
            -76.7118154,
            37.271629
          ]
        ]
      }
    },
    {
      "type": "Feature",
      "properties": {
        "id": 1119748378,
        "highway": "footway",
        "name": null,
        "surface": null
      },
      "geometry": {
        "type": "LineString",
        "coordinates": [
          [
            -76.7120532,
            37.2703295
          ],
          [
            -76.7120525,
            37.2702758
          ],
          [
            -76.7120186,
            37.2702761
          ]
        ]
      }
    },
    {
      "type": "Feature",
      "properties": {
        "id": 1119748379,
        "highway": "footway",
        "name": null,
        "surface": null
      },
      "geometry": {
        "type": "LineString",
        "coordinates": [
          [
            -76.7118008,
            37.2699561
          ],
          [
            -76.7118002,
            37.2698919
          ]
        ]
      }
    },
    {
      "type": "Feature",
      "properties": {
        "id": 1119748380,
        "highway": "footway",
        "name": null,
        "surface": null
      },
      "geometry": {
        "type": "LineString",
        "coordinates": [
          [
            -76.7128906,
            37.2732772
          ],
          [
            -76.7128772,
            37.2732772
          ],
          [
            -76.7127268,
            37.2732746
          ],
          [
            -76.7125908,
            37.2732723
          ]
        ]
      }
    },
    {
      "type": "Feature",
      "properties": {
        "id": 1119748381,
        "highway": "footway",
        "name": null,
        "surface": null
      },
      "geometry": {
        "type": "LineString",
        "coordinates": [
          [
            -76.7127268,
            37.2732746
          ],
          [
            -76.7127252,
            37.2732234
          ]
        ]
      }
    },
    {
      "type": "Feature",
      "properties": {
        "id": 1119748382,
        "highway": "footway",
        "name": null,
        "surface": null
      },
      "geometry": {
        "type": "LineString",
        "coordinates": [
          [
            -76.7104285,
            37.2720672
          ],
          [
            -76.7104508,
            37.2720387
          ]
        ]
      }
    },
    {
      "type": "Feature",
      "properties": {
        "id": 1119748383,
        "highway": "footway",
        "name": null,
        "surface": null
      },
      "geometry": {
        "type": "LineString",
        "coordinates": [
          [
            -76.7100271,
            37.2719507
          ],
          [
            -76.7100366,
            37.2719555
          ]
        ]
      }
    },
    {
      "type": "Feature",
      "properties": {
        "id": 1119748384,
        "highway": "steps",
        "name": null,
        "surface": null
      },
      "geometry": {
        "type": "LineString",
        "coordinates": [
          [
            -76.7082737,
            37.270387
          ],
          [
            -76.7082764,
            37.2704141
          ]
        ]
      }
    },
    {
      "type": "Feature",
      "properties": {
        "id": 1119748385,
        "highway": "steps",
        "name": null,
        "surface": null
      },
      "geometry": {
        "type": "LineString",
        "coordinates": [
          [
            -76.7087999,
            37.2708193
          ],
          [
            -76.7088702,
            37.2708211
          ]
        ]
      }
    },
    {
      "type": "Feature",
      "properties": {
        "id": 1119748386,
        "highway": "footway",
        "name": null,
        "surface": null
      },
      "geometry": {
        "type": "LineString",
        "coordinates": [
          [
            -76.7119955,
            37.2694524
          ],
          [
            -76.7119858,
            37.2694485
          ],
          [
            -76.7117454,
            37.2693524
          ],
          [
            -76.7117183,
            37.2693416
          ]
        ]
      }
    },
    {
      "type": "Feature",
      "properties": {
        "id": 1119748389,
        "highway": "footway",
        "name": null,
        "surface": null
      },
      "geometry": {
        "type": "LineString",
        "coordinates": [
          [
            -76.7121645,
            37.2720768
          ],
          [
            -76.7121402,
            37.2720472
          ]
        ]
      }
    },
    {
      "type": "Feature",
      "properties": {
        "id": 1119748390,
        "highway": "footway",
        "name": null,
        "surface": null
      },
      "geometry": {
        "type": "LineString",
        "coordinates": [
          [
            -76.7082313,
            37.2721453
          ],
          [
            -76.7079892,
            37.2721921
          ]
        ]
      }
    },
    {
      "type": "Feature",
      "properties": {
        "id": 1119748391,
        "highway": "footway",
        "name": null,
        "surface": null
      },
      "geometry": {
        "type": "LineString",
        "coordinates": [
          [
            -76.70817,
            37.2720814
          ],
          [
            -76.7082606,
            37.2721077
          ],
          [
            -76.7083352,
            37.272154
          ]
        ]
      }
    },
    {
      "type": "Feature",
      "properties": {
        "id": 1119748392,
        "highway": "footway",
        "name": null,
        "surface": null
      },
      "geometry": {
        "type": "LineString",
        "coordinates": [
          [
            -76.7082505,
            37.2719711
          ],
          [
            -76.7083232,
            37.2720273
          ],
          [
            -76.7084147,
            37.2720465
          ]
        ]
      }
    },
    {
      "type": "Feature",
      "properties": {
        "id": 1119748393,
        "highway": "footway",
        "name": null,
        "surface": null
      },
      "geometry": {
        "type": "LineString",
        "coordinates": [
          [
            -76.7135772,
            37.2720981
          ],
          [
            -76.7135798,
            37.2718772
          ]
        ]
      }
    },
    {
      "type": "Feature",
      "properties": {
        "id": 1119748394,
        "highway": "footway",
        "name": null,
        "surface": null
      },
      "geometry": {
        "type": "LineString",
        "coordinates": [
          [
            -76.7135798,
            37.2718772
          ],
          [
            -76.7136787,
            37.2718766
          ]
        ]
      }
    },
    {
      "type": "Feature",
      "properties": {
        "id": 1119748395,
        "highway": "footway",
        "name": null,
        "surface": null
      },
      "geometry": {
        "type": "LineString",
        "coordinates": [
          [
            -76.7135206,
            37.2720973
          ],
          [
            -76.7135772,
            37.2720981
          ]
        ]
      }
    },
    {
      "type": "Feature",
      "properties": {
        "id": 1119748396,
        "highway": "footway",
        "name": null,
        "surface": null
      },
      "geometry": {
        "type": "LineString",
        "coordinates": [
          [
            -76.7136669,
            37.2718317
          ],
          [
            -76.7136782,
            37.2718318
          ],
          [
            -76.7137825,
            37.2718328
          ]
        ]
      }
    },
    {
      "type": "Feature",
      "properties": {
        "id": 1119748397,
        "highway": "footway",
        "name": null,
        "surface": null
      },
      "geometry": {
        "type": "LineString",
        "coordinates": [
          [
            -76.7136786,
            37.2718877
          ],
          [
            -76.7136787,
            37.2718766
          ],
          [
            -76.7136782,
            37.2718318
          ]
        ]
      }
    },
    {
      "type": "Feature",
      "properties": {
        "id": 1119748398,
        "highway": "footway",
        "name": null,
        "surface": null
      },
      "geometry": {
        "type": "LineString",
        "coordinates": [
          [
            -76.7146608,
            37.271276
          ],
          [
            -76.7146001,
            37.2713643
          ]
        ]
      }
    },
    {
      "type": "Feature",
      "properties": {
        "id": 1167812099,
        "highway": "footway",
        "name": null,
        "surface": null
      },
      "geometry": {
        "type": "LineString",
        "coordinates": [
          [
            -76.7094153,
            37.2701371
          ],
          [
            -76.7096287,
            37.269964
          ]
        ]
      }
    },
    {
      "type": "Feature",
      "properties": {
        "id": 1167816349,
        "highway": "footway",
        "name": null,
        "surface": null
      },
      "geometry": {
        "type": "LineString",
        "coordinates": [
          [
            -76.7110527,
            37.2739548
          ],
          [
            -76.7110651,
            37.2738324
          ]
        ]
      }
    },
    {
      "type": "Feature",
      "properties": {
        "id": 1167816351,
        "highway": "footway",
        "name": null,
        "surface": null
      },
      "geometry": {
        "type": "LineString",
        "coordinates": [
          [
            -76.7104484,
            37.2736357
          ],
          [
            -76.7104891,
            37.2735992
          ],
          [
            -76.7105193,
            37.2735801
          ],
          [
            -76.7105414,
            37.2735695
          ],
          [
            -76.7105672,
            37.2735568
          ],
          [
            -76.7105981,
            37.2735449
          ]
        ]
      }
    },
    {
      "type": "Feature",
      "properties": {
        "id": 1167980356,
        "highway": "footway",
        "name": null,
        "surface": null
      },
      "geometry": {
        "type": "LineString",
        "coordinates": [
          [
            -76.7073397,
            37.2704084
          ],
          [
            -76.707123,
            37.2704401
          ],
          [
            -76.7071176,
            37.2702818
          ],
          [
            -76.7070964,
            37.2701218
          ],
          [
            -76.7070716,
            37.269694
          ]
        ]
      }
    },
    {
      "type": "Feature",
      "properties": {
        "id": 1167980357,
        "highway": "footway",
        "name": null,
        "surface": null
      },
      "geometry": {
        "type": "LineString",
        "coordinates": [
          [
            -76.7073397,
            37.2704084
          ],
          [
            -76.7073551,
            37.2707414
          ],
          [
            -76.7073623,
            37.2707676
          ]
        ]
      }
    },
    {
      "type": "Feature",
      "properties": {
        "id": 1167980358,
        "highway": "footway",
        "name": null,
        "surface": "asphalt"
      },
      "geometry": {
        "type": "LineString",
        "coordinates": [
          [
            -76.7073623,
            37.2707676
          ],
          [
            -76.7073996,
            37.2707691
          ],
          [
            -76.707432,
            37.2707704
          ],
          [
            -76.7075265,
            37.2707775
          ]
        ]
      }
    },
    {
      "type": "Feature",
      "properties": {
        "id": 1167980364,
        "highway": "footway",
        "name": null,
        "surface": null
      },
      "geometry": {
        "type": "LineString",
        "coordinates": [
          [
            -76.7063728,
            37.2696028
          ],
          [
            -76.7063784,
            37.2696626
          ],
          [
            -76.7063842,
            37.2697251
          ]
        ]
      }
    },
    {
      "type": "Feature",
      "properties": {
        "id": 1191382288,
        "highway": "footway",
        "name": null,
        "surface": null
      },
      "geometry": {
        "type": "LineString",
        "coordinates": [
          [
            -76.7109174,
            37.2762196
          ],
          [
            -76.7109023,
            37.2761924
          ],
          [
            -76.7108629,
            37.2761437
          ],
          [
            -76.7107195,
            37.2759963
          ],
          [
            -76.7106334,
            37.2759252
          ],
          [
            -76.7105158,
            37.2758573
          ],
          [
            -76.7104393,
            37.2758188
          ],
          [
            -76.7103363,
            37.2757759
          ],
          [
            -76.7102308,
            37.2757445
          ]
        ]
      }
    },
    {
      "type": "Feature",
      "properties": {
        "id": 1191382289,
        "highway": "footway",
        "name": null,
        "surface": null
      },
      "geometry": {
        "type": "LineString",
        "coordinates": [
          [
            -76.7103965,
            37.2756522
          ],
          [
            -76.710272,
            37.2756096
          ],
          [
            -76.710146,
            37.275579
          ],
          [
            -76.7100182,
            37.2755623
          ],
          [
            -76.7090977,
            37.2755094
          ]
        ]
      }
    },
    {
      "type": "Feature",
      "properties": {
        "id": 1191382290,
        "highway": "footway",
        "name": null,
        "surface": null
      },
      "geometry": {
        "type": "LineString",
        "coordinates": [
          [
            -76.7102308,
            37.2757445
          ],
          [
            -76.7101677,
            37.2757291
          ],
          [
            -76.7100777,
            37.2757071
          ]
        ]
      }
    },
    {
      "type": "Feature",
      "properties": {
        "id": 1191382291,
        "highway": "footway",
        "name": null,
        "surface": null
      },
      "geometry": {
        "type": "LineString",
        "coordinates": [
          [
            -76.7100777,
            37.2757071
          ],
          [
            -76.7099975,
            37.2756912
          ],
          [
            -76.7091756,
            37.2756433
          ],
          [
            -76.7091543,
            37.2756463
          ],
          [
            -76.7091267,
            37.2756553
          ],
          [
            -76.7091141,
            37.2756693
          ],
          [
            -76.7091066,
            37.2756842
          ],
          [
            -76.7091396,
            37.2760713
          ],
          [
            -76.709143,
            37.2761106
          ],
          [
            -76.7091668,
            37.2761256
          ],
          [
            -76.7091803,
            37.2762909
          ],
          [
            -76.7092047,
            37.2765907
          ],
          [
            -76.7092082,
            37.2766348
          ],
          [
            -76.709217,
            37.2766537
          ],
          [
            -76.7093136,
            37.2767116
          ],
          [
            -76.7100828,
            37.2770182
          ],
          [
            -76.7101092,
            37.2770222
          ],
          [
            -76.7101305,
            37.2770212
          ],
          [
            -76.7102133,
            37.2768894
          ],
          [
            -76.7102097,
            37.2768802
          ],
          [
            -76.7101757,
            37.2768664
          ]
        ]
      }
    },
    {
      "type": "Feature",
      "properties": {
        "id": 1191382292,
        "highway": "footway",
        "name": null,
        "surface": null
      },
      "geometry": {
        "type": "LineString",
        "coordinates": [
          [
            -76.7091267,
            37.2756553
          ],
          [
            -76.7091098,
            37.275573
          ],
          [
            -76.7090977,
            37.2755094
          ]
        ]
      }
    },
    {
      "type": "Feature",
      "properties": {
        "id": 1191382293,
        "highway": "footway",
        "name": null,
        "surface": null
      },
      "geometry": {
        "type": "LineString",
        "coordinates": [
          [
            -76.7091267,
            37.2756553
          ],
          [
            -76.7090395,
            37.2756418
          ],
          [
            -76.7089622,
            37.2756299
          ]
        ]
      }
    },
    {
      "type": "Feature",
      "properties": {
        "id": 1191382294,
        "highway": "footway",
        "name": null,
        "surface": null
      },
      "geometry": {
        "type": "LineString",
        "coordinates": [
          [
            -76.7089503,
            37.2754849
          ],
          [
            -76.7089593,
            37.2755608
          ],
          [
            -76.7089622,
            37.2756299
          ]
        ]
      }
    },
    {
      "type": "Feature",
      "properties": {
        "id": 1191382295,
        "highway": "footway",
        "name": null,
        "surface": null
      },
      "geometry": {
        "type": "LineString",
        "coordinates": [
          [
            -76.7090977,
            37.2755094
          ],
          [
            -76.7090279,
            37.2754978
          ],
          [
            -76.7089503,
            37.2754849
          ]
        ]
      }
    },
    {
      "type": "Feature",
      "properties": {
        "id": 1191382296,
        "highway": "footway",
        "name": null,
        "surface": null
      },
      "geometry": {
        "type": "LineString",
        "coordinates": [
          [
            -76.7089622,
            37.2756299
          ],
          [
            -76.7078933,
            37.2755222
          ]
        ]
      }
    },
    {
      "type": "Feature",
      "properties": {
        "id": 1191382297,
        "highway": "footway",
        "name": null,
        "surface": null
      },
      "geometry": {
        "type": "LineString",
        "coordinates": [
          [
            -76.7090829,
            37.275274
          ],
          [
            -76.7090977,
            37.2755094
          ]
        ]
      }
    },
    {
      "type": "Feature",
      "properties": {
        "id": 1191382298,
        "highway": "footway",
        "name": null,
        "surface": null
      },
      "geometry": {
        "type": "LineString",
        "coordinates": [
          [
            -76.7089622,
            37.2756299
          ],
          [
            -76.7090005,
            37.2760709
          ],
          [
            -76.7090219,
            37.2763172
          ]
        ]
      }
    },
    {
      "type": "Feature",
      "properties": {
        "id": 1191382308,
        "highway": "footway",
        "name": null,
        "surface": "paving_stones"
      },
      "geometry": {
        "type": "LineString",
        "coordinates": [
          [
            -76.7081313,
            37.276221
          ],
          [
            -76.7080426,
            37.2761807
          ],
          [
            -76.7080064,
            37.2761544
          ],
          [
            -76.707968,
            37.2761235
          ],
          [
            -76.7079422,
            37.2760936
          ],
          [
            -76.7079332,
            37.2760756
          ],
          [
            -76.7079295,
            37.2760533
          ],
          [
            -76.7079332,
            37.2760281
          ],
          [
            -76.7079318,
            37.2760109
          ],
          [
            -76.7078933,
            37.2755222
          ]
        ]
      }
    },
    {
      "type": "Feature",
      "properties": {
        "id": 1191382309,
        "highway": "footway",
        "name": null,
        "surface": "asphalt"
      },
      "geometry": {
        "type": "LineString",
        "coordinates": [
          [
            -76.7078933,
            37.2755222
          ],
          [
            -76.7078149,
            37.2755207
          ],
          [
            -76.7077197,
            37.2755188
          ]
        ]
      }
    },
    {
      "type": "Feature",
      "properties": {
        "id": 1191382310,
        "highway": "footway",
        "name": null,
        "surface": "asphalt"
      },
      "geometry": {
        "type": "LineString",
        "coordinates": [
          [
            -76.7078907,
            37.2753508
          ],
          [
            -76.7078919,
            37.2754289
          ],
          [
            -76.7078933,
            37.2755222
          ]
        ]
      }
    },
    {
      "type": "Feature",
      "properties": {
        "id": 1191382311,
        "highway": "footway",
        "name": null,
        "surface": "asphalt"
      },
      "geometry": {
        "type": "LineString",
        "coordinates": [
          [
            -76.7077197,
            37.2755188
          ],
          [
            -76.7077198,
            37.2754238
          ],
          [
            -76.7077198,
            37.2753457
          ]
        ]
      }
    },
    {
      "type": "Feature",
      "properties": {
        "id": 1191382312,
        "highway": "footway",
        "name": null,
        "surface": "asphalt"
      },
      "geometry": {
        "type": "LineString",
        "coordinates": [
          [
            -76.7078907,
            37.2753508
          ],
          [
            -76.7077973,
            37.275348
          ],
          [
            -76.7077198,
            37.2753457
          ]
        ]
      }
    },
    {
      "type": "Feature",
      "properties": {
        "id": 1191382314,
        "highway": "footway",
        "name": null,
        "surface": null
      },
      "geometry": {
        "type": "LineString",
        "coordinates": [
          [
            -76.7077967,
            37.2761705
          ],
          [
            -76.7077691,
            37.2757205
          ]
        ]
      }
    },
    {
      "type": "Feature",
      "properties": {
        "id": 1191382315,
        "highway": "footway",
        "name": null,
        "surface": null
      },
      "geometry": {
        "type": "LineString",
        "coordinates": [
          [
            -76.7077691,
            37.2757205
          ],
          [
            -76.7077636,
            37.2756719
          ],
          [
            -76.7077576,
            37.2756188
          ]
        ]
      }
    },
    {
      "type": "Feature",
      "properties": {
        "id": 1191382316,
        "highway": "footway",
        "name": null,
        "surface": null
      },
      "geometry": {
        "type": "LineString",
        "coordinates": [
          [
            -76.7077576,
            37.2756188
          ],
          [
            -76.7077569,
            37.275569
          ],
          [
            -76.7077463,
            37.2755475
          ],
          [
            -76.7077197,
            37.2755188
          ],
          [
            -76.7076848,
            37.2755077
          ],
          [
            -76.7076434,
            37.2754993
          ],
          [
            -76.7063915,
            37.2755644
          ],
          [
            -76.7063559,
            37.2755766
          ],
          [
            -76.7063265,
            37.2755906
          ],
          [
            -76.706304,
            37.2756141
          ],
          [
            -76.7062954,
            37.2756363
          ],
          [
            -76.7063088,
            37.2758498
          ]
        ]
      }
    },
    {
      "type": "Feature",
      "properties": {
        "id": 1191502183,
        "highway": "footway",
        "name": null,
        "surface": null
      },
      "geometry": {
        "type": "LineString",
        "coordinates": [
          [
            -76.7076605,
            37.2723873
          ],
          [
            -76.7076371,
            37.2722819
          ],
          [
            -76.707622,
            37.2722139
          ]
        ]
      }
    },
    {
      "type": "Feature",
      "properties": {
        "id": 1191502185,
        "highway": "footway",
        "name": null,
        "surface": null
      },
      "geometry": {
        "type": "LineString",
        "coordinates": [
          [
            -76.7073623,
            37.2707676
          ],
          [
            -76.7072492,
            37.2707733
          ],
          [
            -76.707143,
            37.2707786
          ],
          [
            -76.706334,
            37.2708194
          ],
          [
            -76.7058688,
            37.2708428
          ]
        ]
      }
    },
    {
      "type": "Feature",
      "properties": {
        "id": 1191564950,
        "highway": "footway",
        "name": null,
        "surface": "asphalt"
      },
      "geometry": {
        "type": "LineString",
        "coordinates": [
          [
            -76.7075265,
            37.2707775
          ],
          [
            -76.7075176,
            37.2706733
          ],
          [
            -76.707507,
            37.2705482
          ]
        ]
      }
    },
    {
      "type": "Feature",
      "properties": {
        "id": 1192260356,
        "highway": "footway",
        "name": null,
        "surface": null
      },
      "geometry": {
        "type": "LineString",
        "coordinates": [
          [
            -76.7157545,
            37.2696677
          ],
          [
            -76.7157652,
            37.2696623
          ],
          [
            -76.7160197,
            37.2695349
          ]
        ]
      }
    },
    {
      "type": "Feature",
      "properties": {
        "id": 1192260357,
        "highway": "footway",
        "name": null,
        "surface": null
      },
      "geometry": {
        "type": "LineString",
        "coordinates": [
          [
            -76.7160197,
            37.2695349
          ],
          [
            -76.7159953,
            37.2695041
          ]
        ]
      }
    },
    {
      "type": "Feature",
      "properties": {
        "id": 1192260358,
        "highway": "steps",
        "name": null,
        "surface": null
      },
      "geometry": {
        "type": "LineString",
        "coordinates": [
          [
            -76.7156911,
            37.2697078
          ],
          [
            -76.7156349,
            37.2696862
          ]
        ]
      }
    },
    {
      "type": "Feature",
      "properties": {
        "id": 1192332748,
        "highway": "footway",
        "name": null,
        "surface": null
      },
      "geometry": {
        "type": "LineString",
        "coordinates": [
          [
            -76.7076605,
            37.2723873
          ],
          [
            -76.7076726,
            37.2724059
          ]
        ]
      }
    },
    {
      "type": "Feature",
      "properties": {
        "id": 1192337920,
        "highway": "footway",
        "name": null,
        "surface": "concrete"
      },
      "geometry": {
        "type": "LineString",
        "coordinates": [
          [
            -76.7075558,
            37.2734104
          ],
          [
            -76.7061303,
            37.2734846
          ]
        ]
      }
    },
    {
      "type": "Feature",
      "properties": {
        "id": 1192337921,
        "highway": "footway",
        "name": null,
        "surface": null
      },
      "geometry": {
        "type": "LineString",
        "coordinates": [
          [
            -76.7075721,
            37.2734095
          ],
          [
            -76.7075558,
            37.2734104
          ]
        ]
      }
    },
    {
      "type": "Feature",
      "properties": {
        "id": 1192337922,
        "highway": "footway",
        "name": null,
        "surface": "paving_stones"
      },
      "geometry": {
        "type": "LineString",
        "coordinates": [
          [
            -76.7060995,
            37.2734742
          ],
          [
            -76.7060906,
            37.2734939
          ]
        ]
      }
    },
    {
      "type": "Feature",
      "properties": {
        "id": 1192337923,
        "highway": "footway",
        "name": null,
        "surface": "paving_stones"
      },
      "geometry": {
        "type": "LineString",
        "coordinates": [
          [
            -76.7061102,
            37.2736193
          ],
          [
            -76.7061011,
            37.2736107
          ]
        ]
      }
    },
    {
      "type": "Feature",
      "properties": {
        "id": 1192337924,
        "highway": "footway",
        "name": null,
        "surface": null
      },
      "geometry": {
        "type": "LineString",
        "coordinates": [
          [
            -76.7061011,
            37.2736107
          ],
          [
            -76.7060203,
            37.2736149
          ],
          [
            -76.7059558,
            37.273619
          ]
        ]
      }
    },
    {
      "type": "Feature",
      "properties": {
        "id": 1192337926,
        "highway": "footway",
        "name": null,
        "surface": null
      },
      "geometry": {
        "type": "LineString",
        "coordinates": [
          [
            -76.7060906,
            37.2734939
          ],
          [
            -76.7060098,
            37.2734986
          ],
          [
            -76.7059453,
            37.2735016
          ]
        ]
      }
    },
    {
      "type": "Feature",
      "properties": {
        "id": 1192337927,
        "highway": "footway",
        "name": null,
        "surface": null
      },
      "geometry": {
        "type": "LineString",
        "coordinates": [
          [
            -76.7061011,
            37.2736107
          ],
          [
            -76.7060953,
            37.2735473
          ],
          [
            -76.7060906,
            37.2734939
          ]
        ]
      }
    },
    {
      "type": "Feature",
      "properties": {
        "id": 1192337937,
        "highway": "footway",
        "name": null,
        "surface": null
      },
      "geometry": {
        "type": "LineString",
        "coordinates": [
          [
            -76.7059931,
            37.2753585
          ],
          [
            -76.7060082,
            37.2753245
          ],
          [
            -76.7060163,
            37.2753014
          ],
          [
            -76.7060199,
            37.2752757
          ],
          [
            -76.706023,
            37.2752426
          ],
          [
            -76.706023,
            37.2751928
          ],
          [
            -76.706027,
            37.2751212
          ],
          [
            -76.7060373,
            37.2750732
          ],
          [
            -76.7060583,
            37.2749917
          ],
          [
            -76.706044,
            37.2747696
          ],
          [
            -76.7060065,
            37.274273
          ],
          [
            -76.7059604,
            37.273718
          ],
          [
            -76.7059558,
            37.273619
          ]
        ]
      }
    },
    {
      "type": "Feature",
      "properties": {
        "id": 1192337939,
        "highway": "footway",
        "name": null,
        "surface": null
      },
      "geometry": {
        "type": "LineString",
        "coordinates": [
          [
            -76.7059784,
            37.2753782
          ],
          [
            -76.7060082,
            37.2753935
          ],
          [
            -76.7060408,
            37.2754103
          ]
        ]
      }
    },
    {
      "type": "Feature",
      "properties": {
        "id": 1192337940,
        "highway": "footway",
        "name": null,
        "surface": null
      },
      "geometry": {
        "type": "LineString",
        "coordinates": [
          [
            -76.7060912,
            37.2754116
          ],
          [
            -76.7060708,
            37.2754163
          ],
          [
            -76.7060408,
            37.2754103
          ]
        ]
      }
    },
    {
      "type": "Feature",
      "properties": {
        "id": 1192337941,
        "highway": "footway",
        "name": null,
        "surface": null
      },
      "geometry": {
        "type": "LineString",
        "coordinates": [
          [
            -76.7060982,
            37.2755928
          ],
          [
            -76.7060819,
            37.2754877
          ],
          [
            -76.7060708,
            37.2754163
          ]
        ]
      }
    },
    {
      "type": "Feature",
      "properties": {
        "id": 1192337942,
        "highway": "footway",
        "name": null,
        "surface": null
      },
      "geometry": {
        "type": "LineString",
        "coordinates": [
          [
            -76.706252,
            37.2754103
          ],
          [
            -76.7061564,
            37.2754111
          ],
          [
            -76.7060912,
            37.2754116
          ]
        ]
      }
    },
    {
      "type": "Feature",
      "properties": {
        "id": 1192337943,
        "highway": "footway",
        "name": null,
        "surface": null
      },
      "geometry": {
        "type": "LineString",
        "coordinates": [
          [
            -76.7063265,
            37.2755906
          ],
          [
            -76.7062762,
            37.2754775
          ],
          [
            -76.706252,
            37.2754103
          ]
        ]
      }
    },
    {
      "type": "Feature",
      "properties": {
        "id": 1192337944,
        "highway": "footway",
        "name": null,
        "surface": null
      },
      "geometry": {
        "type": "LineString",
        "coordinates": [
          [
            -76.7063265,
            37.2755906
          ],
          [
            -76.7062964,
            37.2755847
          ],
          [
            -76.7061722,
            37.2755895
          ],
          [
            -76.7060982,
            37.2755928
          ]
        ]
      }
    },
    {
      "type": "Feature",
      "properties": {
        "id": 1193861065,
        "highway": "pedestrian",
        "name": "Campus Drive",
        "surface": "paving_stones"
      },
      "geometry": {
        "type": "LineString",
        "coordinates": [
          [
            -76.7137078,
            37.2712978
          ],
          [
            -76.7136939,
            37.2712602
          ],
          [
            -76.7136939,
            37.2712335
          ]
        ]
      }
    },
    {
      "type": "Feature",
      "properties": {
        "id": 1202668181,
        "highway": "footway",
        "name": null,
        "surface": null
      },
      "geometry": {
        "type": "LineString",
        "coordinates": [
          [
            -76.7081475,
            37.2731634
          ],
          [
            -76.7081227,
            37.2731804
          ],
          [
            -76.7081174,
            37.2732258
          ],
          [
            -76.708109,
            37.273297
          ],
          [
            -76.70809,
            37.273457
          ]
        ]
      }
    },
    {
      "type": "Feature",
      "properties": {
        "id": 1202668182,
        "highway": "footway",
        "name": null,
        "surface": null
      },
      "geometry": {
        "type": "LineString",
        "coordinates": [
          [
            -76.7080653,
            37.2732552
          ],
          [
            -76.708109,
            37.273297
          ]
        ]
      }
    },
    {
      "type": "Feature",
      "properties": {
        "id": 1202668183,
        "highway": "footway",
        "name": null,
        "surface": null
      },
      "geometry": {
        "type": "LineString",
        "coordinates": [
          [
            -76.7081174,
            37.2732258
          ],
          [
            -76.7080653,
            37.2732552
          ]
        ]
      }
    },
    {
      "type": "Feature",
      "properties": {
        "id": 1202668184,
        "highway": "footway",
        "name": null,
        "surface": null
      },
      "geometry": {
        "type": "LineString",
        "coordinates": [
          [
            -76.7080653,
            37.2732552
          ],
          [
            -76.7076993,
            37.2732266
          ]
        ]
      }
    },
    {
      "type": "Feature",
      "properties": {
        "id": 1210092101,
        "highway": "footway",
        "name": null,
        "surface": "paving_stones"
      },
      "geometry": {
        "type": "LineString",
        "coordinates": [
          [
            -76.7092968,
            37.2706059
          ],
          [
            -76.7091191,
            37.2706125
          ]
        ]
      }
    },
    {
      "type": "Feature",
      "properties": {
        "id": 1210132496,
        "highway": "footway",
        "name": "Heather Walk",
        "surface": null
      },
      "geometry": {
        "type": "LineString",
        "coordinates": [
          [
            -76.707143,
            37.2707786
          ],
          [
            -76.7071414,
            37.270752
          ],
          [
            -76.707123,
            37.2704401
          ]
        ]
      }
    },
    {
      "type": "Feature",
      "properties": {
        "id": 1210132497,
        "highway": "footway",
        "name": null,
        "surface": "asphalt"
      },
      "geometry": {
        "type": "LineString",
        "coordinates": [
          [
            -76.707385,
            37.2710151
          ],
          [
            -76.7074264,
            37.2710032
          ],
          [
            -76.7074498,
            37.2709964
          ],
          [
            -76.7075465,
            37.2709685
          ]
        ]
      }
    },
    {
      "type": "Feature",
      "properties": {
        "id": 1210132908,
        "highway": "steps",
        "name": null,
        "surface": null
      },
      "geometry": {
        "type": "LineString",
        "coordinates": [
          [
            -76.7089612,
            37.2706186
          ],
          [
            -76.7089375,
            37.2706195
          ]
        ]
      }
    },
    {
      "type": "Feature",
      "properties": {
        "id": 1210132909,
        "highway": "footway",
        "name": null,
        "surface": "paving_stones"
      },
      "geometry": {
        "type": "LineString",
        "coordinates": [
          [
            -76.7089375,
            37.2706195
          ],
          [
            -76.7089347,
            37.2704891
          ]
        ]
      }
    },
    {
      "type": "Feature",
      "properties": {
        "id": 1215150178,
        "highway": "footway",
        "name": null,
        "surface": "paving_stones"
      },
      "geometry": {
        "type": "LineString",
        "coordinates": [
          [
            -76.7137078,
            37.2712978
          ],
          [
            -76.713605,
            37.2713872
          ],
          [
            -76.713487,
            37.2715386
          ],
          [
            -76.7134358,
            37.2716273
          ]
        ]
      }
    },
    {
      "type": "Feature",
      "properties": {
        "id": 1215150179,
        "highway": "footway",
        "name": null,
        "surface": null
      },
      "geometry": {
        "type": "LineString",
        "coordinates": [
          [
            -76.7114221,
            37.271656
          ],
          [
            -76.7114222,
            37.2716261
          ]
        ]
      }
    },
    {
      "type": "Feature",
      "properties": {
        "id": 1215150180,
        "highway": "footway",
        "name": null,
        "surface": "asphalt"
      },
      "geometry": {
        "type": "LineString",
        "coordinates": [
          [
            -76.7114219,
            37.2717272
          ],
          [
            -76.711422,
            37.2716884
          ],
          [
            -76.7114221,
            37.271656
          ]
        ]
      }
    },
    {
      "type": "Feature",
      "properties": {
        "id": 1215150181,
        "highway": "footway",
        "name": null,
        "surface": null
      },
      "geometry": {
        "type": "LineString",
        "coordinates": [
          [
            -76.7111716,
            37.2716536
          ],
          [
            -76.7111714,
            37.271626
          ]
        ]
      }
    },
    {
      "type": "Feature",
      "properties": {
        "id": 1215150182,
        "highway": "footway",
        "name": null,
        "surface": "asphalt"
      },
      "geometry": {
        "type": "LineString",
        "coordinates": [
          [
            -76.71117,
            37.2717272
          ],
          [
            -76.7111709,
            37.2716867
          ],
          [
            -76.7111716,
            37.2716536
          ]
        ]
      }
    },
    {
      "type": "Feature",
      "properties": {
        "id": 1215150184,
        "highway": "footway",
        "name": null,
        "surface": null
      },
      "geometry": {
        "type": "LineString",
        "coordinates": [
          [
            -76.7119855,
            37.2717409
          ],
          [
            -76.7119343,
            37.2717407
          ]
        ]
      }
    },
    {
      "type": "Feature",
      "properties": {
        "id": 1215416466,
        "highway": "footway",
        "name": null,
        "surface": "paving_stones"
      },
      "geometry": {
        "type": "LineString",
        "coordinates": [
          [
            -76.7094548,
            37.2701683
          ],
          [
            -76.7094426,
            37.270178
          ],
          [
            -76.7093511,
            37.27025
          ],
          [
            -76.7093264,
            37.2702544
          ],
          [
            -76.7092924,
            37.270249
          ],
          [
            -76.709261,
            37.2702343
          ],
          [
            -76.7092301,
            37.2702107
          ],
          [
            -76.7092138,
            37.2701844
          ],
          [
            -76.7092067,
            37.2701591
          ],
          [
            -76.7092129,
            37.2701415
          ],
          [
            -76.7093064,
            37.2700666
          ],
          [
            -76.7093152,
            37.2700595
          ]
        ]
      }
    },
    {
      "type": "Feature",
      "properties": {
        "id": 1216993053,
        "highway": "footway",
        "name": null,
        "surface": "asphalt"
      },
      "geometry": {
        "type": "LineString",
        "coordinates": [
          [
            -76.7091972,
            37.2719973
          ],
          [
            -76.7092742,
            37.2720319
          ],
          [
            -76.7093429,
            37.2720628
          ]
        ]
      }
    },
    {
      "type": "Feature",
      "properties": {
        "id": 1216993054,
        "highway": "footway",
        "name": null,
        "surface": null
      },
      "geometry": {
        "type": "LineString",
        "coordinates": [
          [
            -76.7072662,
            37.2710047
          ],
          [
            -76.7072585,
            37.2708999
          ],
          [
            -76.7072492,
            37.2707733
          ]
        ]
      }
    },
    {
      "type": "Feature",
      "properties": {
        "id": 1216993055,
        "highway": "footway",
        "name": null,
        "surface": "concrete"
      },
      "geometry": {
        "type": "LineString",
        "coordinates": [
          [
            -76.7116434,
            37.2732756
          ],
          [
            -76.7116532,
            37.2732617
          ],
          [
            -76.7117004,
            37.2731957
          ]
        ]
      }
    },
    {
      "type": "Feature",
      "properties": {
        "id": 1216993056,
        "highway": "footway",
        "name": null,
        "surface": "concrete"
      },
      "geometry": {
        "type": "LineString",
        "coordinates": [
          [
            -76.7117865,
            37.2732379
          ],
          [
            -76.7117421,
            37.273301
          ],
          [
            -76.7117319,
            37.2733154
          ],
          [
            -76.7117208,
            37.2733109
          ]
        ]
      }
    },
    {
      "type": "Feature",
      "properties": {
        "id": 1216993057,
        "highway": "footway",
        "name": null,
        "surface": "concrete"
      },
      "geometry": {
        "type": "LineString",
        "coordinates": [
          [
            -76.7116494,
            37.2732785
          ],
          [
            -76.7116434,
            37.2732756
          ],
          [
            -76.7115806,
            37.273245
          ],
          [
            -76.7115661,
            37.2732379
          ],
          [
            -76.7115287,
            37.2732864
          ],
          [
            -76.7114911,
            37.2733352
          ],
          [
            -76.7114706,
            37.2733678
          ],
          [
            -76.7114445,
            37.2734285
          ]
        ]
      }
    },
    {
      "type": "Feature",
      "properties": {
        "id": 1216993058,
        "highway": "footway",
        "name": null,
        "surface": "ground"
      },
      "geometry": {
        "type": "LineString",
        "coordinates": [
          [
            -76.7115806,
            37.273245
          ],
          [
            -76.711586,
            37.2732325
          ],
          [
            -76.711581,
            37.2732187
          ],
          [
            -76.7115357,
            37.2731728
          ]
        ]
      }
    },
    {
      "type": "Feature",
      "properties": {
        "id": 1216993059,
        "highway": "footway",
        "name": null,
        "surface": "asphalt"
      },
      "geometry": {
        "type": "LineString",
        "coordinates": [
          [
            -76.7115357,
            37.2731728
          ],
          [
            -76.7114906,
            37.2731519
          ]
        ]
      }
    },
    {
      "type": "Feature",
      "properties": {
        "id": 1216993060,
        "highway": "footway",
        "name": null,
        "surface": "asphalt"
      },
      "geometry": {
        "type": "LineString",
        "coordinates": [
          [
            -76.7135251,
            37.273742
          ],
          [
            -76.7134728,
            37.27374
          ]
        ]
      }
    },
    {
      "type": "Feature",
      "properties": {
        "id": 1216993061,
        "highway": "steps",
        "name": null,
        "surface": null
      },
      "geometry": {
        "type": "LineString",
        "coordinates": [
          [
            -76.7151655,
            37.2737786
          ],
          [
            -76.7151855,
            37.2737559
          ]
        ]
      }
    },
    {
      "type": "Feature",
      "properties": {
        "id": 1216993062,
        "highway": "footway",
        "name": null,
        "surface": null
      },
      "geometry": {
        "type": "LineString",
        "coordinates": [
          [
            -76.7150013,
            37.2739714
          ],
          [
            -76.7150113,
            37.2739332
          ],
          [
            -76.7150275,
            37.273898
          ],
          [
            -76.7150511,
            37.273854
          ],
          [
            -76.7150779,
            37.2738129
          ],
          [
            -76.715109,
            37.2737713
          ],
          [
            -76.7151432,
            37.2737327
          ],
          [
            -76.7151986,
            37.2737059
          ]
        ]
      }
    },
    {
      "type": "Feature",
      "properties": {
        "id": 1216993063,
        "highway": "footway",
        "name": null,
        "surface": null
      },
      "geometry": {
        "type": "LineString",
        "coordinates": [
          [
            -76.7151855,
            37.2737559
          ],
          [
            -76.7151986,
            37.2737059
          ],
          [
            -76.7152128,
            37.2736873
          ]
        ]
      }
    },
    {
      "type": "Feature",
      "properties": {
        "id": 1216993066,
        "highway": "footway",
        "name": null,
        "surface": null
      },
      "geometry": {
        "type": "LineString",
        "coordinates": [
          [
            -76.7111152,
            37.2690721
          ],
          [
            -76.7110909,
            37.2690816
          ],
          [
            -76.7110526,
            37.2690966
          ]
        ]
      }
    },
    {
      "type": "Feature",
      "properties": {
        "id": 1216993073,
        "highway": "footway",
        "name": null,
        "surface": null
      },
      "geometry": {
        "type": "LineString",
        "coordinates": [
          [
            -76.7157295,
            37.2763793
          ],
          [
            -76.7157243,
            37.276374
          ],
          [
            -76.7154903,
            37.276502
          ],
          [
            -76.7154791,
            37.2765038
          ],
          [
            -76.715468,
            37.2764991
          ],
          [
            -76.7153592,
            37.2763675
          ],
          [
            -76.7151178,
            37.276093
          ],
          [
            -76.7147563,
            37.2756782
          ],
          [
            -76.7145784,
            37.275474
          ]
        ]
      }
    },
    {
      "type": "Feature",
      "properties": {
        "id": 1216993074,
        "highway": "footway",
        "name": null,
        "surface": "asphalt"
      },
      "geometry": {
        "type": "LineString",
        "coordinates": [
          [
            -76.7145708,
            37.2754651
          ],
          [
            -76.7145297,
            37.275417
          ],
          [
            -76.7145055,
            37.2753886
          ]
        ]
      }
    },
    {
      "type": "Feature",
      "properties": {
        "id": 1216993075,
        "highway": "footway",
        "name": null,
        "surface": null
      },
      "geometry": {
        "type": "LineString",
        "coordinates": [
          [
            -76.7145149,
            37.2753738
          ],
          [
            -76.7144979,
            37.2753797
          ],
          [
            -76.7144842,
            37.2753726
          ],
          [
            -76.7142108,
            37.2750571
          ]
        ]
      }
    },
    {
      "type": "Feature",
      "properties": {
        "id": 1216993076,
        "highway": "footway",
        "name": null,
        "surface": "asphalt"
      },
      "geometry": {
        "type": "LineString",
        "coordinates": [
          [
            -76.7142108,
            37.2750571
          ],
          [
            -76.7141711,
            37.2750112
          ],
          [
            -76.7141199,
            37.2749519
          ]
        ]
      }
    },
    {
      "type": "Feature",
      "properties": {
        "id": 1216993077,
        "highway": "footway",
        "name": null,
        "surface": "asphalt"
      },
      "geometry": {
        "type": "LineString",
        "coordinates": [
          [
            -76.7144913,
            37.2753834
          ],
          [
            -76.7144185,
            37.275424
          ],
          [
            -76.714324,
            37.2754767
          ]
        ]
      }
    },
    {
      "type": "Feature",
      "properties": {
        "id": 1216997890,
        "highway": "footway",
        "name": null,
        "surface": null
      },
      "geometry": {
        "type": "LineString",
        "coordinates": [
          [
            -76.7080064,
            37.2695018
          ],
          [
            -76.7079946,
            37.2695309
          ],
          [
            -76.7079791,
            37.2695468
          ],
          [
            -76.7079579,
            37.2695552
          ],
          [
            -76.7079294,
            37.2695576
          ],
          [
            -76.7079039,
            37.2695606
          ],
          [
            -76.7078498,
            37.2696099
          ],
          [
            -76.7077964,
            37.2696585
          ]
        ]
      }
    },
    {
      "type": "Feature",
      "properties": {
        "id": 1216997891,
        "highway": "footway",
        "name": null,
        "surface": null
      },
      "geometry": {
        "type": "LineString",
        "coordinates": [
          [
            -76.7079266,
            37.269439
          ],
          [
            -76.7079424,
            37.2694395
          ],
          [
            -76.7079648,
            37.2694429
          ],
          [
            -76.7079797,
            37.2694484
          ],
          [
            -76.7079933,
            37.2694578
          ],
          [
            -76.7080008,
            37.2694691
          ],
          [
            -76.7080064,
            37.2694845
          ],
          [
            -76.7080064,
            37.2695018
          ]
        ]
      }
    },
    {
      "type": "Feature",
      "properties": {
        "id": 1216997892,
        "highway": "footway",
        "name": null,
        "surface": null
      },
      "geometry": {
        "type": "LineString",
        "coordinates": [
          [
            -76.7079266,
            37.269439
          ],
          [
            -76.7079026,
            37.2694333
          ]
        ]
      }
    },
    {
      "type": "Feature",
      "properties": {
        "id": 1216997893,
        "highway": "footway",
        "name": null,
        "surface": null
      },
      "geometry": {
        "type": "LineString",
        "coordinates": [
          [
            -76.7074399,
            37.2694683
          ],
          [
            -76.7074175,
            37.2694941
          ],
          [
            -76.7074032,
            37.2695134
          ]
        ]
      }
    },
    {
      "type": "Feature",
      "properties": {
        "id": 1216997894,
        "highway": "steps",
        "name": null,
        "surface": null
      },
      "geometry": {
        "type": "LineString",
        "coordinates": [
          [
            -76.7074477,
            37.2694585
          ],
          [
            -76.7074399,
            37.2694683
          ]
        ]
      }
    },
    {
      "type": "Feature",
      "properties": {
        "id": 1216997895,
        "highway": "footway",
        "name": null,
        "surface": null
      },
      "geometry": {
        "type": "LineString",
        "coordinates": [
          [
            -76.7080102,
            37.269446
          ],
          [
            -76.7080083,
            37.2693934
          ],
          [
            -76.7080009,
            37.2691879
          ]
        ]
      }
    },
    {
      "type": "Feature",
      "properties": {
        "id": 1216997896,
        "highway": "footway",
        "name": null,
        "surface": null
      },
      "geometry": {
        "type": "LineString",
        "coordinates": [
          [
            -76.7080009,
            37.2691879
          ],
          [
            -76.7079048,
            37.2691537
          ]
        ]
      }
    },
    {
      "type": "Feature",
      "properties": {
        "id": 1216997897,
        "highway": "footway",
        "name": null,
        "surface": null
      },
      "geometry": {
        "type": "LineString",
        "coordinates": [
          [
            -76.707769,
            37.2691584
          ],
          [
            -76.707696,
            37.2692187
          ]
        ]
      }
    },
    {
      "type": "Feature",
      "properties": {
        "id": 1216997898,
        "highway": "footway",
        "name": null,
        "surface": null
      },
      "geometry": {
        "type": "LineString",
        "coordinates": [
          [
            -76.7077489,
            37.2687669
          ],
          [
            -76.7078084,
            37.2687828
          ]
        ]
      }
    },
    {
      "type": "Feature",
      "properties": {
        "id": 1216997900,
        "highway": "footway",
        "name": null,
        "surface": null
      },
      "geometry": {
        "type": "LineString",
        "coordinates": [
          [
            -76.7084736,
            37.2685423
          ],
          [
            -76.7084264,
            37.2685444
          ]
        ]
      }
    },
    {
      "type": "Feature",
      "properties": {
        "id": 1216997901,
        "highway": "footway",
        "name": null,
        "surface": null
      },
      "geometry": {
        "type": "LineString",
        "coordinates": [
          [
            -76.7089849,
            37.2691696
          ],
          [
            -76.7090725,
            37.2691251
          ]
        ]
      }
    },
    {
      "type": "Feature",
      "properties": {
        "id": 1216997902,
        "highway": "footway",
        "name": null,
        "surface": null
      },
      "geometry": {
        "type": "LineString",
        "coordinates": [
          [
            -76.7078498,
            37.2696099
          ],
          [
            -76.7078672,
            37.2696231
          ]
        ]
      }
    },
    {
      "type": "Feature",
      "properties": {
        "id": 1216997903,
        "highway": "footway",
        "name": null,
        "surface": null
      },
      "geometry": {
        "type": "LineString",
        "coordinates": [
          [
            -76.7076505,
            37.26891
          ],
          [
            -76.7077761,
            37.2689192
          ]
        ]
      }
    },
    {
      "type": "Feature",
      "properties": {
        "id": 1216997906,
        "highway": "footway",
        "name": null,
        "surface": null
      },
      "geometry": {
        "type": "LineString",
        "coordinates": [
          [
            -76.7080066,
            37.2688664
          ],
          [
            -76.7080982,
            37.2688635
          ]
        ]
      }
    },
    {
      "type": "Feature",
      "properties": {
        "id": 1216997907,
        "highway": "footway",
        "name": null,
        "surface": "paving_stones"
      },
      "geometry": {
        "type": "LineString",
        "coordinates": [
          [
            -76.7080982,
            37.2688635
          ],
          [
            -76.7081719,
            37.2688603
          ],
          [
            -76.7082047,
            37.2688589
          ]
        ]
      }
    },
    {
      "type": "Feature",
      "properties": {
        "id": 1216997908,
        "highway": "footway",
        "name": null,
        "surface": null
      },
      "geometry": {
        "type": "LineString",
        "coordinates": [
          [
            -76.7082047,
            37.2688589
          ],
          [
            -76.7082982,
            37.2688551
          ]
        ]
      }
    },
    {
      "type": "Feature",
      "properties": {
        "id": 1216997909,
        "highway": "footway",
        "name": null,
        "surface": "paving_stones"
      },
      "geometry": {
        "type": "LineString",
        "coordinates": [
          [
            -76.7082982,
            37.2688551
          ],
          [
            -76.7083189,
            37.2688526
          ],
          [
            -76.7083419,
            37.2688441
          ],
          [
            -76.7083612,
            37.2688298
          ],
          [
            -76.7083742,
            37.268811
          ],
          [
            -76.7083823,
            37.2687863
          ],
          [
            -76.708386,
            37.2687606
          ],
          [
            -76.7083835,
            37.2686236
          ],
          [
            -76.7083779,
            37.2685786
          ],
          [
            -76.7083692,
            37.2685598
          ],
          [
            -76.7083574,
            37.2685465
          ],
          [
            -76.7083407,
            37.2685381
          ],
          [
            -76.7083214,
            37.2685326
          ]
        ]
      }
    },
    {
      "type": "Feature",
      "properties": {
        "id": 1216997910,
        "highway": "footway",
        "name": null,
        "surface": "paving_stones"
      },
      "geometry": {
        "type": "LineString",
        "coordinates": [
          [
            -76.7080066,
            37.2688664
          ],
          [
            -76.7079747,
            37.2688654
          ],
          [
            -76.7079511,
            37.268861
          ],
          [
            -76.7079287,
            37.268853
          ],
          [
            -76.7079101,
            37.2688387
          ],
          [
            -76.7078989,
            37.2688214
          ],
          [
            -76.7078914,
            37.2688016
          ],
          [
            -76.7078809,
            37.2686241
          ],
          [
            -76.7078821,
            37.2686038
          ],
          [
            -76.7078889,
            37.268587
          ],
          [
            -76.7079057,
            37.2685692
          ],
          [
            -76.707925,
            37.2685549
          ],
          [
            -76.7079498,
            37.268548
          ],
          [
            -76.7079753,
            37.2685455
          ]
        ]
      }
    },
    {
      "type": "Feature",
      "properties": {
        "id": 1216997911,
        "highway": "footway",
        "name": null,
        "surface": null
      },
      "geometry": {
        "type": "LineString",
        "coordinates": [
          [
            -76.7079753,
            37.2685455
          ],
          [
            -76.7079698,
            37.2684973
          ]
        ]
      }
    },
    {
      "type": "Feature",
      "properties": {
        "id": 1216997912,
        "highway": "footway",
        "name": null,
        "surface": null
      },
      "geometry": {
        "type": "LineString",
        "coordinates": [
          [
            -76.7083214,
            37.2685326
          ],
          [
            -76.7083197,
            37.2684849
          ]
        ]
      }
    },
    {
      "type": "Feature",
      "properties": {
        "id": 1216997913,
        "highway": "footway",
        "name": null,
        "surface": "paving_stones"
      },
      "geometry": {
        "type": "LineString",
        "coordinates": [
          [
            -76.7081719,
            37.2688603
          ],
          [
            -76.7081655,
            37.2687732
          ]
        ]
      }
    },
    {
      "type": "Feature",
      "properties": {
        "id": 1219111637,
        "highway": "footway",
        "name": null,
        "surface": "paving_stones"
      },
      "geometry": {
        "type": "LineString",
        "coordinates": [
          [
            -76.7111717,
            37.2711904
          ],
          [
            -76.7111711,
            37.2710692
          ]
        ]
      }
    },
    {
      "type": "Feature",
      "properties": {
        "id": 1219111638,
        "highway": "footway",
        "name": null,
        "surface": "paving_stones"
      },
      "geometry": {
        "type": "LineString",
        "coordinates": [
          [
            -76.7114237,
            37.2710695
          ],
          [
            -76.7114234,
            37.2711913
          ]
        ]
      }
    },
    {
      "type": "Feature",
      "properties": {
        "id": 1219111639,
        "highway": "footway",
        "name": null,
        "surface": null
      },
      "geometry": {
        "type": "LineString",
        "coordinates": [
          [
            -76.7103589,
            37.2710708
          ],
          [
            -76.710358,
            37.2711877
          ]
        ]
      }
    },
    {
      "type": "Feature",
      "properties": {
        "id": 1219111640,
        "highway": "footway",
        "name": null,
        "surface": "paving_stones"
      },
      "geometry": {
        "type": "LineString",
        "coordinates": [
          [
            -76.7121605,
            37.2704616
          ],
          [
            -76.71216,
            37.2705799
          ]
        ]
      }
    },
    {
      "type": "Feature",
      "properties": {
        "id": 1219111641,
        "highway": "footway",
        "name": null,
        "surface": "paving_stones"
      },
      "geometry": {
        "type": "LineString",
        "coordinates": [
          [
            -76.7123888,
            37.2705809
          ],
          [
            -76.7123895,
            37.2705455
          ],
          [
            -76.7123894,
            37.270461
          ],
          [
            -76.7123692,
            37.2704611
          ],
          [
            -76.7121605,
            37.2704616
          ]
        ]
      }
    },
    {
      "type": "Feature",
      "properties": {
        "id": 1219111643,
        "highway": "footway",
        "name": null,
        "surface": "paving_stones"
      },
      "geometry": {
        "type": "LineString",
        "coordinates": [
          [
            -76.7115057,
            37.2698892
          ],
          [
            -76.7115051,
            37.2699888
          ]
        ]
      }
    },
    {
      "type": "Feature",
      "properties": {
        "id": 1220640112,
        "highway": "pedestrian",
        "name": "West Duke of Gloucester Street",
        "surface": "asphalt"
      },
      "geometry": {
        "type": "LineString",
        "coordinates": [
          [
            -76.7073531,
            37.270894
          ],
          [
            -76.7073139,
            37.270896
          ],
          [
            -76.7073055,
            37.2708964
          ],
          [
            -76.7072585,
            37.2708999
          ],
          [
            -76.7067713,
            37.2709351
          ],
          [
            -76.7063804,
            37.2709488
          ],
          [
            -76.7059011,
            37.2709599
          ],
          [
            -76.7058383,
            37.2709614
          ],
          [
            -76.7057981,
            37.2709633
          ],
          [
            -76.7057287,
            37.2709664
          ],
          [
            -76.7057202,
            37.2709669
          ],
          [
            -76.7057129,
            37.2709673
          ],
          [
            -76.705256,
            37.2709923
          ],
          [
            -76.7050392,
            37.2710042
          ],
          [
            -76.704717,
            37.2710215
          ],
          [
            -76.7045521,
            37.2710304
          ],
          [
            -76.7041473,
            37.2710521
          ],
          [
            -76.7040953,
            37.2710549
          ],
          [
            -76.7040067,
            37.2710612
          ]
        ]
      }
    },
    {
      "type": "Feature",
      "properties": {
        "id": 1293299875,
        "highway": "footway",
        "name": null,
        "surface": null
      },
      "geometry": {
        "type": "LineString",
        "coordinates": [
          [
            -76.7112867,
            37.2700663
          ],
          [
            -76.7111796,
            37.2700665
          ]
        ]
      }
    },
    {
      "type": "Feature",
      "properties": {
        "id": 1308800343,
        "highway": "path",
        "name": null,
        "surface": "dirt"
      },
      "geometry": {
        "type": "LineString",
        "coordinates": [
          [
            -76.7130464,
            37.2723921
          ],
          [
            -76.7130471,
            37.2723236
          ],
          [
            -76.7130869,
            37.2722535
          ],
          [
            -76.7131442,
            37.2721827
          ],
          [
            -76.713214,
            37.2721168
          ],
          [
            -76.7132912,
            37.2720539
          ],
          [
            -76.713359,
            37.2719786
          ],
          [
            -76.7134047,
            37.2718871
          ],
          [
            -76.7134426,
            37.2718364
          ],
          [
            -76.7134426,
            37.2718239
          ]
        ]
      }
    },
    {
      "type": "Feature",
      "properties": {
        "id": 1308898630,
        "highway": "footway",
        "name": null,
        "surface": null
      },
      "geometry": {
        "type": "LineString",
        "coordinates": [
          [
            -76.7133295,
            37.2700644
          ],
          [
            -76.7132994,
            37.2701132
          ]
        ]
      }
    },
    {
      "type": "Feature",
      "properties": {
        "id": 1308906379,
        "highway": "footway",
        "name": null,
        "surface": "paving_stones"
      },
      "geometry": {
        "type": "LineString",
        "coordinates": [
          [
            -76.7143189,
            37.2700866
          ],
          [
            -76.7143455,
            37.2700387
          ],
          [
            -76.7143457,
            37.2700262
          ],
          [
            -76.7143472,
            37.269924
          ]
        ]
      }
    },
    {
      "type": "Feature",
      "properties": {
        "id": 1308906380,
        "highway": "steps",
        "name": null,
        "surface": null
      },
      "geometry": {
        "type": "LineString",
        "coordinates": [
          [
            -76.7143472,
            37.269924
          ],
          [
            -76.7143453,
            37.2698197
          ]
        ]
      }
    },
    {
      "type": "Feature",
      "properties": {
        "id": 1308906381,
        "highway": "footway",
        "name": null,
        "surface": null
      },
      "geometry": {
        "type": "LineString",
        "coordinates": [
          [
            -76.7143453,
            37.2698197
          ],
          [
            -76.7143387,
            37.2697571
          ],
          [
            -76.7143256,
            37.2696923
          ],
          [
            -76.7143238,
            37.269649
          ],
          [
            -76.7143313,
            37.2695969
          ],
          [
            -76.7143321,
            37.2694508
          ]
        ]
      }
    },
    {
      "type": "Feature",
      "properties": {
        "id": 1308906382,
        "highway": "footway",
        "name": null,
        "surface": "paving_stones"
      },
      "geometry": {
        "type": "LineString",
        "coordinates": [
          [
            -76.7143457,
            37.2700262
          ],
          [
            -76.714519,
            37.2700302
          ]
        ]
      }
    },
    {
      "type": "Feature",
      "properties": {
        "id": 1308906383,
        "highway": "footway",
        "name": null,
        "surface": "paving_stones"
      },
      "geometry": {
        "type": "LineString",
        "coordinates": [
          [
            -76.7145189,
            37.2700042
          ],
          [
            -76.714519,
            37.2700302
          ],
          [
            -76.7145049,
            37.2701615
          ]
        ]
      }
    },
    {
      "type": "Feature",
      "properties": {
        "id": 1308906384,
        "highway": "footway",
        "name": null,
        "surface": "paving_stones"
      },
      "geometry": {
        "type": "LineString",
        "coordinates": [
          [
            -76.713653,
            37.2695167
          ],
          [
            -76.7134084,
            37.2695123
          ]
        ]
      }
    },
    {
      "type": "Feature",
      "properties": {
        "id": 1308906385,
        "highway": "footway",
        "name": null,
        "surface": null
      },
      "geometry": {
        "type": "LineString",
        "coordinates": [
          [
            -76.7137627,
            37.26922
          ],
          [
            -76.7137634,
            37.2691569
          ]
        ]
      }
    },
    {
      "type": "Feature",
      "properties": {
        "id": 1317499305,
        "highway": "steps",
        "name": null,
        "surface": "wood"
      },
      "geometry": {
        "type": "LineString",
        "coordinates": [
          [
            -76.7150719,
            37.2704582
          ],
          [
            -76.715053,
            37.2705107
          ]
        ]
      }
    },
    {
      "type": "Feature",
      "properties": {
        "id": 1317499306,
        "highway": "footway",
        "name": null,
        "surface": "wood"
      },
      "geometry": {
        "type": "LineString",
        "coordinates": [
          [
            -76.715053,
            37.2705107
          ],
          [
            -76.7150393,
            37.2705461
          ]
        ]
      }
    },
    {
      "type": "Feature",
      "properties": {
        "id": 1347833037,
        "highway": "footway",
        "name": null,
        "surface": null
      },
      "geometry": {
        "type": "LineString",
        "coordinates": [
          [
            -76.7137444,
            37.2744896
          ],
          [
            -76.7137367,
            37.2744926
          ]
        ]
      }
    },
    {
      "type": "Feature",
      "properties": {
        "id": 1347833038,
        "highway": "footway",
        "name": null,
        "surface": null
      },
      "geometry": {
        "type": "LineString",
        "coordinates": [
          [
            -76.713566,
            37.2745584
          ],
          [
            -76.7135583,
            37.2745613
          ]
        ]
      }
    },
    {
      "type": "Feature",
      "properties": {
        "id": 1347833039,
        "highway": "footway",
        "name": null,
        "surface": null
      },
      "geometry": {
        "type": "LineString",
        "coordinates": [
          [
            -76.7144979,
            37.2753797
          ],
          [
            -76.7144913,
            37.2753834
          ]
        ]
      }
    },
    {
      "type": "Feature",
      "properties": {
        "id": 1347833040,
        "highway": "footway",
        "name": null,
        "surface": null
      },
      "geometry": {
        "type": "LineString",
        "coordinates": [
          [
            -76.7145784,
            37.275474
          ],
          [
            -76.7145708,
            37.2754651
          ]
        ]
      }
    },
    {
      "type": "Feature",
      "properties": {
        "id": 1347833041,
        "highway": "footway",
        "name": null,
        "surface": null
      },
      "geometry": {
        "type": "LineString",
        "coordinates": [
          [
            -76.7145055,
            37.2753886
          ],
          [
            -76.7144979,
            37.2753797
          ]
        ]
      }
    },
    {
      "type": "Feature",
      "properties": {
        "id": 1385621108,
        "highway": "footway",
        "name": null,
        "surface": null
      },
      "geometry": {
        "type": "LineString",
        "coordinates": [
          [
            -76.714379,
            37.2691596
          ],
          [
            -76.714379,
            37.2691691
          ]
        ]
      }
    },
    {
      "type": "Feature",
      "properties": {
        "id": 1420984400,
        "highway": "pedestrian",
        "name": null,
        "surface": "brick"
      },
      "geometry": {
        "type": "LineString",
        "coordinates": [
          [
            -76.7105261,
            37.2720085
          ],
          [
            -76.7104543,
            37.2719732
          ],
          [
            -76.7104303,
            37.272004
          ],
          [
            -76.7104654,
            37.2720213
          ],
          [
            -76.7105021,
            37.2720394
          ],
          [
            -76.7105261,
            37.2720085
          ]
        ]
      }
    },
    {
      "type": "Feature",
      "properties": {
        "id": 1420984401,
        "highway": "path",
        "name": null,
        "surface": null
      },
      "geometry": {
        "type": "LineString",
        "coordinates": [
          [
            -76.7104508,
            37.2720387
          ],
          [
            -76.7104654,
            37.2720213
          ]
        ]
      }
    },
    {
      "type": "Feature",
      "properties": {
        "id": 1449269401,
        "highway": "footway",
        "name": null,
        "surface": "paving_stones"
      },
      "geometry": {
        "type": "LineString",
        "coordinates": [
          [
            -76.7153479,
            37.2693286
          ],
          [
            -76.7153831,
            37.2693551
          ],
          [
            -76.7154099,
            37.2694074
          ],
          [
            -76.7154867,
            37.2695038
          ],
          [
            -76.7155209,
            37.2695458
          ],
          [
            -76.7155713,
            37.2696078
          ],
          [
            -76.7155846,
            37.2696258
          ]
        ]
      }
    },
    {
      "type": "Feature",
      "properties": {
        "id": 1482260527,
        "highway": "footway",
        "name": null,
        "surface": null
      },
      "geometry": {
        "type": "LineString",
        "coordinates": [
          [
            -76.7160108,
            37.2684049
          ],
          [
            -76.7154312,
            37.2676774
          ]
        ]
      }
    },
    {
      "type": "Feature",
      "properties": {
        "id": 1482260528,
        "highway": "footway",
        "name": null,
        "surface": null
      },
      "geometry": {
        "type": "LineString",
        "coordinates": [
          [
            -76.7162931,
            37.2672331
          ],
          [
            -76.7161918,
            37.2672854
          ],
          [
            -76.7160862,
            37.2673398
          ],
          [
            -76.7158276,
            37.2674731
          ],
          [
            -76.7158078,
            37.2674833
          ],
          [
            -76.7154563,
            37.2676645
          ],
          [
            -76.7154312,
            37.2676774
          ]
        ]
      }
    },
    {
      "type": "Feature",
      "properties": {
        "id": 1482260529,
        "highway": "footway",
        "name": null,
        "surface": null
      },
      "geometry": {
        "type": "LineString",
        "coordinates": [
          [
            -76.7160166,
            37.2677542
          ],
          [
            -76.7159885,
            37.2677177
          ],
          [
            -76.7158078,
            37.2674833
          ]
        ]
      }
    },
    {
      "type": "Feature",
      "properties": {
        "id": 1482260530,
        "highway": "footway",
        "name": null,
        "surface": null
      },
      "geometry": {
        "type": "LineString",
        "coordinates": [
          [
            -76.7160862,
            37.2673398
          ],
          [
            -76.7161066,
            37.2673614
          ],
          [
            -76.7160202,
            37.2677022
          ],
          [
            -76.7160074,
            37.2677085
          ],
          [
            -76.7159885,
            37.2677177
          ]
        ]
      }
    },
    {
      "type": "Feature",
      "properties": {
        "id": 1482260536,
        "highway": "footway",
        "name": null,
        "surface": null
      },
      "geometry": {
        "type": "LineString",
        "coordinates": [
          [
            -76.7154312,
            37.2676774
          ],
          [
            -76.7154013,
            37.2676457
          ]
        ]
      }
    },
    {
      "type": "Feature",
      "properties": {
        "id": 1482260537,
        "highway": "footway",
        "name": null,
        "surface": null
      },
      "geometry": {
        "type": "LineString",
        "coordinates": [
          [
            -76.7154013,
            37.2676457
          ],
          [
            -76.7145325,
            37.268095
          ],
          [
            -76.7144894,
            37.2681107
          ],
          [
            -76.7144425,
            37.2681203
          ],
          [
            -76.714392,
            37.2681338
          ],
          [
            -76.7143406,
            37.2681397
          ],
          [
            -76.7134813,
            37.2681218
          ],
          [
            -76.7134107,
            37.2681485
          ]
        ]
      }
    },
    {
      "type": "Feature",
      "properties": {
        "id": 1482260538,
        "highway": "footway",
        "name": null,
        "surface": null
      },
      "geometry": {
        "type": "LineString",
        "coordinates": [
          [
            -76.7145325,
            37.268095
          ],
          [
            -76.715232,
            37.2689674
          ]
        ]
      }
    },
    {
      "type": "Feature",
      "properties": {
        "id": 1482260550,
        "highway": "footway",
        "name": null,
        "surface": null
      },
      "geometry": {
        "type": "LineString",
        "coordinates": [
          [
            -76.7173459,
            37.2714388
          ],
          [
            -76.7165589,
            37.271269
          ],
          [
            -76.7159814,
            37.2713
          ],
          [
            -76.7153025,
            37.2714889
          ]
        ]
      }
    },
    {
      "type": "Feature",
      "properties": {
        "id": 1482260554,
        "highway": "footway",
        "name": null,
        "surface": null
      },
      "geometry": {
        "type": "LineString",
        "coordinates": [
          [
            -76.7125518,
            37.269272
          ],
          [
            -76.7124087,
            37.2692106
          ],
          [
            -76.7121954,
            37.2692244
          ],
          [
            -76.711963,
            37.2691323
          ],
          [
            -76.7116091,
            37.268992
          ],
          [
            -76.7115768,
            37.2689436
          ]
        ]
      }
    },
    {
      "type": "Feature",
      "properties": {
        "id": 1482260555,
        "highway": "footway",
        "name": null,
        "surface": null
      },
      "geometry": {
        "type": "LineString",
        "coordinates": [
          [
            -76.711963,
            37.2691323
          ],
          [
            -76.7119566,
            37.2689234
          ],
          [
            -76.7119569,
            37.268788
          ]
        ]
      }
    },
    {
      "type": "Feature",
      "properties": {
        "id": 1482260556,
        "highway": "footway",
        "name": null,
        "surface": null
      },
      "geometry": {
        "type": "LineString",
        "coordinates": [
          [
            -76.7126941,
            37.2687372
          ],
          [
            -76.7122387,
            37.2689227
          ],
          [
            -76.7126683,
            37.2690929
          ]
        ]
      }
    },
    {
      "type": "Feature",
      "properties": {
        "id": 1482260557,
        "highway": "footway",
        "name": null,
        "surface": null
      },
      "geometry": {
        "type": "LineString",
        "coordinates": [
          [
            -76.7122387,
            37.2689227
          ],
          [
            -76.7119797,
            37.2689233
          ],
          [
            -76.7119566,
            37.2689234
          ]
        ]
      }
    },
    {
      "type": "Feature",
      "properties": {
        "id": 1507376973,
        "highway": "footway",
        "name": null,
        "surface": null
      },
      "geometry": {
        "type": "LineString",
        "coordinates": [
          [
            -76.7074064,
            37.2695499
          ],
          [
            -76.7073403,
            37.2695524
          ],
          [
            -76.707287,
            37.2695557
          ]
        ]
      }
    },
    {
      "type": "Feature",
      "properties": {
        "id": 1507376974,
        "highway": "footway",
        "name": null,
        "surface": null
      },
      "geometry": {
        "type": "LineString",
        "coordinates": [
          [
            -76.707287,
            37.2695557
          ],
          [
            -76.7072704,
            37.2695599
          ],
          [
            -76.7072276,
            37.2695699
          ],
          [
            -76.7072108,
            37.2695703
          ],
          [
            -76.7070768,
            37.2695737
          ],
          [
            -76.706937,
            37.2695788
          ],
          [
            -76.706714,
            37.2695901
          ],
          [
            -76.7064847,
            37.2696008
          ],
          [
            -76.7063728,
            37.2696028
          ]
        ]
      }
    },
    {
      "type": "Feature",
      "properties": {
        "id": 1507376975,
        "highway": "footway",
        "name": null,
        "surface": "asphalt"
      },
      "geometry": {
        "type": "LineString",
        "coordinates": [
          [
            -76.7072217,
            37.2696906
          ],
          [
            -76.7072159,
            37.2696265
          ],
          [
            -76.7072108,
            37.2695703
          ]
        ]
      }
    },
    {
      "type": "Feature",
      "properties": {
        "id": 1507376976,
        "highway": "footway",
        "name": null,
        "surface": null
      },
      "geometry": {
        "type": "LineString",
        "coordinates": [
          [
            -76.707235,
            37.2669563
          ],
          [
            -76.7071437,
            37.2669693
          ],
          [
            -76.7070783,
            37.2669786
          ]
        ]
      }
    },
    {
      "type": "Feature",
      "properties": {
        "id": 1507376977,
        "highway": "footway",
        "name": null,
        "surface": null
      },
      "geometry": {
        "type": "LineString",
        "coordinates": [
          [
            -76.7070881,
            37.2669871
          ],
          [
            -76.7070783,
            37.2669786
          ],
          [
            -76.7070592,
            37.2669763
          ],
          [
            -76.7070125,
            37.2669793
          ],
          [
            -76.7068047,
            37.2669897
          ],
          [
            -76.7065165,
            37.2670035
          ],
          [
            -76.7064465,
            37.2670075
          ],
          [
            -76.706206,
            37.2670168
          ],
          [
            -76.705986,
            37.2670258
          ],
          [
            -76.7059319,
            37.2670295
          ],
          [
            -76.7059136,
            37.2670354
          ],
          [
            -76.7059024,
            37.2670499
          ],
          [
            -76.7059006,
            37.2670652
          ],
          [
            -76.7059127,
            37.2672116
          ],
          [
            -76.7059249,
            37.2674089
          ],
          [
            -76.7059275,
            37.267488
          ],
          [
            -76.7059276,
            37.2675095
          ],
          [
            -76.7059277,
            37.2675447
          ],
          [
            -76.7059188,
            37.2676072
          ],
          [
            -76.7059068,
            37.2676602
          ],
          [
            -76.7058858,
            37.2677257
          ],
          [
            -76.7058479,
            37.2678049
          ],
          [
            -76.7057912,
            37.2679132
          ],
          [
            -76.7057509,
            37.2679917
          ],
          [
            -76.7057281,
            37.2680603
          ],
          [
            -76.7057123,
            37.2681177
          ],
          [
            -76.7057053,
            37.2681734
          ],
          [
            -76.7057009,
            37.2682722
          ],
          [
            -76.7056979,
            37.2683811
          ],
          [
            -76.7056985,
            37.268409
          ],
          [
            -76.7057733,
            37.2684066
          ],
          [
            -76.7060972,
            37.2683918
          ],
          [
            -76.7064521,
            37.2683776
          ],
          [
            -76.706832,
            37.2683686
          ],
          [
            -76.7071922,
            37.268358
          ]
        ]
      }
    }
  ]
}